-- phpMyAdmin SQL Dump
-- version 4.7.4
-- https://www.phpmyadmin.net/
--
-- Host: 127.0.0.1
-- Generation Time: Jan 15, 2018 at 12:46 PM
-- Server version: 10.1.28-MariaDB
-- PHP Version: 7.1.11

SET SQL_MODE = "NO_AUTO_VALUE_ON_ZERO";
SET AUTOCOMMIT = 0;
START TRANSACTION;
SET time_zone = "+00:00";


/*!40101 SET @OLD_CHARACTER_SET_CLIENT=@@CHARACTER_SET_CLIENT */;
/*!40101 SET @OLD_CHARACTER_SET_RESULTS=@@CHARACTER_SET_RESULTS */;
/*!40101 SET @OLD_COLLATION_CONNECTION=@@COLLATION_CONNECTION */;
/*!40101 SET NAMES utf8mb4 */;

--
-- Database: `rider_bkt`
--

-- --------------------------------------------------------

--
-- Table structure for table `bikes`
--

CREATE TABLE `bikes` (
  `bID` int(11) NOT NULL,
  `bBrand` varchar(45) DEFAULT NULL,
  `vehicle_cat` varchar(20) NOT NULL,
  `bType` varchar(45) DEFAULT NULL,
  `bChassisNumber` varchar(45) DEFAULT NULL,
  `bVehicleNumber` varchar(45) DEFAULT NULL,
  `bAssignRider` varchar(45) DEFAULT NULL,
  `bInsuranceExpiry` varchar(20) NOT NULL
) ENGINE=InnoDB DEFAULT CHARSET=utf8;

--
-- Dumping data for table `bikes`
--

INSERT INTO `bikes` (`bID`, `bBrand`, `vehicle_cat`, `bType`, `bChassisNumber`, `bVehicleNumber`, `bAssignRider`, `bInsuranceExpiry`) VALUES
(6, 'Honda', '', 'Dio', '12345678', 'ACF 2323', '', '06/13/2018'),
(7, 'honda', '', 'navi', '12345678', 'ACF 2323', '', '04/13/2018'),
(8, 'Honda', '', 'Dio', '12345678', 'ACF 2323', '', '03/15/2018'),
(9, '', '', '', '', '', '', ''),
(10, '', '', '', '', '', 'Alan', ''),
(11, '', '', '', '', '', 'Alan', ''),
(12, 'Honda', '', 'Dio', '1234567', 'ACF 2323', '', '06/15/2018'),
(13, 'Honda', '', 'Dio', '1234567', 'ACF 2323', '', '11/22/2017'),
(14, 'honda', '', 'navi', '1234567', 'ACF 2323', 'Alan', '04/12/2018'),
(27, 'Bajaj', '', 'Navi', '1der43fgtbbbt', 'ACF 2323', 'Ranveer Singh', '01/25/2018'),
(35, 'Honda', '', 'Navi', '1der43fgtbbbt', 'ACF 2323', 'Eloise', '04/19/2018'),
(36, 'honda', '', 'Dio', '1234567', 'ACF 2323', 'Sanjeevan', '01/24/2018'),
(37, 'Honda', '', 'Dio', '1234567', 'ACF 2323', 'Sameera Wickrama', '01/19/2018'),
(38, 'KAWASAKI', 'Mini', 'KSHHHD', '', 'BCK89891', 'kalana', '01/24/2018'),
(39, 'KAWASAKI', 'Mini', 'KSHHHD', '', 'BCK89892', 'geroge', '01/24/2018');

-- --------------------------------------------------------

--
-- Table structure for table `document`
--

CREATE TABLE `document` (
  `docID` int(11) NOT NULL,
  `docName` varchar(100) DEFAULT NULL
) ENGINE=InnoDB DEFAULT CHARSET=utf8;

--
-- Dumping data for table `document`
--

INSERT INTO `document` (`docID`, `docName`) VALUES
(1, 'National Identity Card '),
(2, 'Driving License'),
(3, 'Bank Pass Book'),
(4, 'Revenue License'),
(5, 'Vehicle Insurance');

-- --------------------------------------------------------

--
-- Table structure for table `fake_email`
--

CREATE TABLE `fake_email` (
  `feID` int(11) NOT NULL,
  `feContent` varchar(100) NOT NULL
) ENGINE=MyISAM DEFAULT CHARSET=latin1;

-- --------------------------------------------------------

--
-- Table structure for table `notification`
--

CREATE TABLE `notification` (
  `nID` int(11) NOT NULL,
  `nMessage` varchar(1000) CHARACTER SET utf8 COLLATE utf8_unicode_ci NOT NULL,
  `nDateTime` datetime NOT NULL,
  `nType` int(11) NOT NULL COMMENT '3-normal update, 4-scehdule',
  `uID` int(11) NOT NULL,
  `lID` int(11) NOT NULL,
  `rsID` int(11) NOT NULL,
  `lanID` int(11) NOT NULL DEFAULT '1'
) ENGINE=MyISAM DEFAULT CHARSET=latin1;

-- --------------------------------------------------------

--
-- Table structure for table `notification_type`
--

CREATE TABLE `notification_type` (
  `ntID` int(11) NOT NULL,
  `ntType` varchar(45) DEFAULT NULL,
  `ntDescription` varchar(100) NOT NULL
) ENGINE=InnoDB DEFAULT CHARSET=utf8;

-- --------------------------------------------------------

--
-- Table structure for table `passenger_profile`
--

CREATE TABLE `passenger_profile` (
  `upID` int(11) NOT NULL,
  `uID` int(11) NOT NULL,
  `pPhone` varchar(45) DEFAULT NULL,
  `pPrefferedRider` varchar(45) DEFAULT NULL,
  `pImage` varchar(100) DEFAULT NULL,
  `pPrefferedRiderType` int(11) DEFAULT NULL COMMENT '1 - Male 2 - Female 3 - Both  '
) ENGINE=InnoDB DEFAULT CHARSET=utf8;

--
-- Dumping data for table `passenger_profile`
--

INSERT INTO `passenger_profile` (`upID`, `uID`, `pPhone`, `pPrefferedRider`, `pImage`, `pPrefferedRiderType`) VALUES
(11, 545, NULL, NULL, NULL, 0),
(21, 555, NULL, NULL, NULL, NULL),
(22, 556, NULL, NULL, NULL, NULL),
(23, 557, NULL, NULL, NULL, NULL),
(24, 558, NULL, NULL, NULL, NULL),
(25, 559, NULL, NULL, NULL, NULL),
(26, 560, NULL, NULL, NULL, NULL),
(27, 561, NULL, NULL, NULL, NULL),
(28, 562, NULL, NULL, NULL, NULL),
(29, 563, NULL, NULL, NULL, NULL),
(30, 566, '077123456', '', NULL, NULL),
(31, 567, NULL, NULL, NULL, NULL),
(32, 568, NULL, NULL, NULL, NULL),
(33, 569, NULL, NULL, NULL, NULL),
(34, 570, NULL, NULL, NULL, NULL),
(35, 571, NULL, NULL, NULL, NULL),
(36, 572, NULL, NULL, NULL, NULL),
(37, 573, NULL, NULL, NULL, NULL),
(38, 574, NULL, NULL, '', NULL),
(39, 575, NULL, NULL, NULL, NULL),
(40, 576, NULL, NULL, NULL, NULL),
(41, 577, NULL, NULL, NULL, NULL),
(42, 578, NULL, NULL, NULL, NULL),
(43, 579, NULL, NULL, NULL, NULL),
(44, 580, '0771999999', '1', NULL, 1),
(45, 581, '077123456', '', NULL, NULL),
(46, 582, NULL, NULL, NULL, NULL),
(47, 583, NULL, NULL, NULL, NULL),
(48, 584, NULL, NULL, NULL, NULL),
(49, 585, NULL, NULL, NULL, NULL),
(50, 586, NULL, NULL, NULL, NULL),
(51, 587, NULL, NULL, NULL, NULL),
(52, 588, NULL, NULL, NULL, NULL),
(53, 589, '94771988203', '', 'cd3c379b36b0cc17812b8b3a8f5b466e.jpg', 1),
(54, 601, NULL, NULL, NULL, NULL),
(55, 602, '94718640619', NULL, '66b5d5a53a64fcdb73b204fc525df46b.jpg', 1),
(56, 603, NULL, NULL, NULL, NULL),
(57, 604, NULL, NULL, NULL, NULL),
(58, 605, NULL, NULL, NULL, NULL),
(59, 606, NULL, NULL, NULL, NULL),
(60, 607, NULL, NULL, NULL, NULL),
(61, 608, NULL, NULL, NULL, NULL),
(62, 609, NULL, NULL, NULL, NULL),
(63, 610, NULL, NULL, NULL, NULL),
(64, 611, NULL, NULL, NULL, NULL),
(65, 612, NULL, NULL, NULL, NULL),
(66, 613, NULL, NULL, NULL, NULL),
(67, 614, NULL, NULL, NULL, NULL),
(68, 615, NULL, NULL, NULL, NULL),
(69, 616, NULL, NULL, NULL, NULL),
(70, 617, NULL, NULL, NULL, NULL),
(71, 618, NULL, NULL, NULL, NULL),
(72, 619, NULL, NULL, NULL, NULL),
(73, 620, '', NULL, '4be7e8d3fb751121d440e20b012ac929.jpg', 0),
(74, 621, NULL, NULL, '4a20ae906bc8ab5de41492bcaaaba45c.png', NULL),
(75, 622, NULL, NULL, NULL, NULL),
(76, 623, NULL, NULL, NULL, NULL),
(77, 624, NULL, NULL, NULL, NULL),
(78, 625, NULL, NULL, NULL, NULL),
(79, 626, NULL, NULL, NULL, NULL),
(80, 627, NULL, NULL, NULL, NULL),
(81, 628, '0771999999', NULL, '8d294c2c1cb0b46f9630b5c3e98a585f.png', 1),
(82, 629, NULL, NULL, NULL, NULL),
(83, 630, '94710710917', NULL, 'f5996d69c6755d46ea640ee06da720e8.png', 0),
(84, 631, '94710710917', NULL, 'bba8e9d007ab630adda5b4185c5c2ebd.jpg', 0),
(85, 632, '94710710917', NULL, 'c921b690d36be02068e79492e250c75c.jpg', 0),
(86, 633, '94710710917', NULL, '8074f0762b132677a2e79447c14bb5b8.jpg', 0),
(87, 634, '94710710917', NULL, '25415f240fdb3faafb929fc768a1c714.jpg', 0),
(88, 635, '94710710917', NULL, '4500eb3bc2046a84e990be83715ad62c.jpg', 0),
(89, 636, '94710710917', NULL, 'fb024c1703dcf3a87af8687670c4ea99.jpg', 0),
(90, 637, '94710710917', NULL, 'a772c0115891e80bdd61d0ca4ed03328.jpg', 0),
(91, 638, '+94718640619', NULL, '40144a62b1a37196830037c027bbda9b.jpg', 3),
(92, 639, NULL, NULL, NULL, NULL),
(93, 640, NULL, NULL, NULL, NULL),
(94, 641, NULL, NULL, NULL, NULL),
(95, 642, '+94779651926', NULL, '806a57c1e3f2883818a6e7e6e71ccf4d.jpg', 1),
(96, 643, NULL, NULL, NULL, NULL),
(97, 644, NULL, NULL, NULL, NULL),
(98, 645, '+94718640619', NULL, '293acae9b15a60a0615e7f4921b7d757.jpg', 0),
(99, 646, NULL, NULL, NULL, NULL),
(100, 647, NULL, NULL, NULL, NULL),
(101, 648, NULL, NULL, NULL, NULL),
(102, 649, NULL, NULL, NULL, NULL);

-- --------------------------------------------------------

--
-- Table structure for table `price_master_details`
--

CREATE TABLE `price_master_details` (
  `pdID` int(11) NOT NULL,
  `pdFirstKm` varchar(20) NOT NULL,
  `pdAddKm` varchar(20) NOT NULL,
  `pdWaitingMin` varchar(20) NOT NULL,
  `vehicle_cat` varchar(45) NOT NULL
) ENGINE=MyISAM DEFAULT CHARSET=latin1;

--
-- Dumping data for table `price_master_details`
--

INSERT INTO `price_master_details` (`pdID`, `pdFirstKm`, `pdAddKm`, `pdWaitingMin`, `vehicle_cat`) VALUES
(1, '20', '15', '3', 'Bike'),
(2, '20', '10', '5', 'Tuk'),
(3, '40', '20', '10', 'Mini'),
(4, '20', '10', '5', 'Car'),
(5, '40', '20', '10', 'Van');

-- --------------------------------------------------------

--
-- Table structure for table `promotion`
--

CREATE TABLE `promotion` (
  `id` int(11) NOT NULL,
  `title` varchar(255) NOT NULL,
  `description` text NOT NULL,
  `image` text NOT NULL,
  `status` int(11) NOT NULL COMMENT '0-inactive   1-active',
  `date` datetime NOT NULL,
  `startDate` datetime NOT NULL,
  `endDate` datetime NOT NULL
) ENGINE=InnoDB DEFAULT CHARSET=latin1;

--
-- Dumping data for table `promotion`
--

INSERT INTO `promotion` (`id`, `title`, `description`, `image`, `status`, `date`, `startDate`, `endDate`) VALUES
(1, 'test promotion 1', 'test promotion AAAAAAAAAAAAAAA', 'uploads/promotion/1.jpg', 1, '2017-12-07 00:00:00', '2017-12-07 00:00:00', '2017-12-07 00:00:00'),
(2, 'test promotion 2', 'test promotion BBBBBBBBBBBBB', 'uploads/promotion/2.gif', 1, '2017-12-07 00:00:00', '2017-12-07 00:00:00', '2017-12-07 00:00:00'),
(3, 'test promotion 3', 'test promotion CCCCCCCCCCCCCCCCCC', 'uploads/promotion/1.jpg', 1, '2017-12-07 00:00:00', '2017-12-07 00:00:00', '2017-12-07 00:00:00');

-- --------------------------------------------------------

--
-- Table structure for table `promo_code`
--

CREATE TABLE `promo_code` (
  `id` int(11) NOT NULL,
  `promoCode` varchar(20) NOT NULL,
  `startDate` date NOT NULL,
  `expiration` date NOT NULL,
  `discountAmount` varchar(10) NOT NULL,
  `discountType` varchar(10) NOT NULL,
  `fromDate` date NOT NULL,
  `toDate` date NOT NULL,
  `validNumberOfRides` int(11) DEFAULT '1',
  `message` text NOT NULL,
  `status` int(11) NOT NULL COMMENT '0-inactive   1-active',
  `addUser` int(11) NOT NULL,
  `filterType` varchar(10) NOT NULL DEFAULT 'all' COMMENT 'all / filter',
  `ride_total` int(20) NOT NULL,
  `all_passenger` varchar(4) NOT NULL
) ENGINE=MyISAM DEFAULT CHARSET=latin1;

--
-- Dumping data for table `promo_code`
--

INSERT INTO `promo_code` (`id`, `promoCode`, `startDate`, `expiration`, `discountAmount`, `discountType`, `fromDate`, `toDate`, `validNumberOfRides`, `message`, `status`, `addUser`, `filterType`, `ride_total`, `all_passenger`) VALUES
(1, 'WA12', '0000-00-00', '0000-00-00', '10', '%', '2017-12-04', '2017-12-08', 10, 'test', 3, 1, 'all', 0, ''),
(2, 'WWO1', '2018-01-15', '2018-01-17', '20', '%', '0000-00-00', '0000-00-00', 4, 'test mesage', 1, 0, 'Ride Total', 12, '0');

-- --------------------------------------------------------

--
-- Table structure for table `promo_code_use`
--

CREATE TABLE `promo_code_use` (
  `pCodeId` int(11) NOT NULL,
  `promoCode` int(11) NOT NULL,
  `userId` int(11) NOT NULL,
  `riderId` int(11) NOT NULL,
  `date` datetime NOT NULL
) ENGINE=InnoDB DEFAULT CHARSET=latin1;

--
-- Dumping data for table `promo_code_use`
--

INSERT INTO `promo_code_use` (`pCodeId`, `promoCode`, `userId`, `riderId`, `date`) VALUES
(1, 1, 545, 123, '2017-12-06 03:21:10'),
(2, 1, 545, 123, '2017-12-06 03:21:10'),
(3, 1, 545, 123, '2017-12-06 03:21:10'),
(4, 1, 545, 123, '2017-12-06 03:21:10'),
(5, 1, 545, 123, '2017-12-06 03:21:10'),
(6, 1, 545, 123, '2017-12-06 03:21:10'),
(7, 1, 545, 123, '2017-12-06 03:21:10'),
(8, 1, 545, 123, '2017-12-06 03:21:10'),
(9, 1, 545, 123, '2017-12-06 03:21:10');

-- --------------------------------------------------------

--
-- Table structure for table `promo_recipients`
--

CREATE TABLE `promo_recipients` (
  `id` int(11) NOT NULL,
  `promoCodeID` int(11) NOT NULL,
  `flterType` int(11) NOT NULL COMMENT '1-join date ,  2- Ride Total , 3- Number of rides , 4-rating',
  `number` varchar(10) NOT NULL,
  `dateStart` date NOT NULL,
  `dateEnd` date NOT NULL
) ENGINE=MyISAM DEFAULT CHARSET=latin1;

--
-- Dumping data for table `promo_recipients`
--

INSERT INTO `promo_recipients` (`id`, `promoCodeID`, `flterType`, `number`, `dateStart`, `dateEnd`) VALUES
(1, 1, 4, '1', '2017-12-01', '2017-12-07');

-- --------------------------------------------------------

--
-- Table structure for table `request_document`
--

CREATE TABLE `request_document` (
  `redID` int(11) NOT NULL,
  `reqReason` varchar(200) NOT NULL
) ENGINE=MyISAM DEFAULT CHARSET=latin1;

--
-- Dumping data for table `request_document`
--

INSERT INTO `request_document` (`redID`, `reqReason`) VALUES
(1, 'I have changed my vehicle'),
(2, 'I have renewed my ID'),
(3, 'I have renewed my Revenue Licence '),
(4, 'I have renewed my Insurance ');

-- --------------------------------------------------------

--
-- Table structure for table `rider`
--

CREATE TABLE `rider` (
  `rID` int(11) NOT NULL,
  `rtID` int(11) NOT NULL,
  `rName` varchar(20) NOT NULL,
  `rEmail` varchar(100) NOT NULL,
  `rPassword` varchar(100) NOT NULL,
  `rJoinDate` datetime NOT NULL,
  `rStatus` int(11) DEFAULT NULL,
  `rPhone` varchar(45) NOT NULL,
  `rLastView` datetime NOT NULL,
  `rActivationCode` varchar(100) NOT NULL,
  `rCompleteness` int(11) NOT NULL,
  `rRiderType` int(11) DEFAULT NULL,
  `rAddress` varchar(200) NOT NULL,
  `bID` int(11) NOT NULL,
  `rRatings` varchar(50) NOT NULL,
  `rTypes` int(11) NOT NULL,
  `rLastName` varchar(30) NOT NULL,
  `vehicle_type` varchar(20) NOT NULL,
  `rAssignBike` varchar(50) NOT NULL,
  `rInExRiders` varchar(20) NOT NULL,
  `rInitialDeposite` varchar(50) NOT NULL,
  `rEmiNumber` varchar(50) NOT NULL,
  `rBykerPhoneNumber` varchar(20) NOT NULL,
  `rEquipments` varchar(20) NOT NULL,
  `rSalary` varchar(20) NOT NULL,
  `rEpfNumber` varchar(50) NOT NULL
) ENGINE=InnoDB DEFAULT CHARSET=utf8;

--
-- Dumping data for table `rider`
--

INSERT INTO `rider` (`rID`, `rtID`, `rName`, `rEmail`, `rPassword`, `rJoinDate`, `rStatus`, `rPhone`, `rLastView`, `rActivationCode`, `rCompleteness`, `rRiderType`, `rAddress`, `bID`, `rRatings`, `rTypes`, `rLastName`, `vehicle_type`, `rAssignBike`, `rInExRiders`, `rInitialDeposite`, `rEmiNumber`, `rBykerPhoneNumber`, `rEquipments`, `rSalary`, `rEpfNumber`) VALUES
(1, 1, 'Alanbdfb', 'sanjuobdfbfdbfdb@gmail.com', 'f89d548af530da45ceeab1c52bb6f8e6', '2017-10-24 15:02:47', 0, '0778989900', '0000-00-00 00:00:00', '', 0, 0, '', 0, '', 0, '', '', '', '', '', '', '', '', '', ''),
(2, 1, 'Sameera Wickrama', 'sameera@Gmail.com', '1bbd886460827015e5d605ed44252251', '2017-10-24 15:46:07', 0, '94778518454', '0000-00-00 00:00:00', '', 0, 0, '', 0, '', 0, '', '', '', '', '', '', '', '', '', ''),
(3, 1, 'Alanbdfb', 'sanjuo@gmail.com', 'f89d548af530da45ceeab1c52bb6f8e6', '2017-10-25 09:41:13', 0, '0778989900', '0000-00-00 00:00:00', '', 0, 0, '', 0, '', 0, '', '', '', '', '', '', '', '', '', ''),
(4, 1, 'Alan', 'sanjusf@gmail.com', 'e10adc3949ba59abbe56e057f20f883e', '2017-10-25 10:17:22', 0, '0778989900', '0000-00-00 00:00:00', '', 0, 0, '', 0, '', 0, '', '', '', '', '', '', '', '', '', ''),
(5, 1, 'Alan', 'sanjujsf@gmail.com', 'e10adc3949ba59abbe56e057f20f883e', '2017-10-25 10:20:21', 0, '0778989900', '0000-00-00 00:00:00', '', 0, 0, '', 0, '', 0, '', '', '', '', '', '', '', '', '', ''),
(6, 1, 'Alan', 'sanjujosf@gmail.com', 'e10adc3949ba59abbe56e057f20f883e', '2017-10-25 10:52:38', 0, '0778989900', '0000-00-00 00:00:00', '', 0, 0, '', 0, '', 0, '', '', '', '', '', '', '', '', '', ''),
(7, 1, 'Testuser', 'test@gmail.com', '1bbd886460827015e5d605ed44252251', '2017-10-25 10:58:42', 0, '94771234567', '0000-00-00 00:00:00', '', 0, 0, '', 0, '', 0, '', '', '', '', '', '', '', '', '', ''),
(8, 1, 'Testuser', 'testuser@gmail.com', '1bbd886460827015e5d605ed44252251', '2017-10-25 10:59:17', 0, '94771234567', '0000-00-00 00:00:00', '', 0, 0, '', 0, '', 0, '', '', '', '', '', '', '', '', '', ''),
(9, 1, 'Testuser', 'testuser1@gmail.com', '1bbd886460827015e5d605ed44252251', '2017-10-25 11:00:09', 0, '94771234567', '0000-00-00 00:00:00', '', 0, 0, '', 0, '', 0, '', '', '', '', '', '', '', '', '', ''),
(10, 1, 'Alan', 'sanjujkosf@gmail.com', 'e10adc3949ba59abbe56e057f20f883e', '2017-10-25 11:04:53', 0, '0778989900', '0000-00-00 00:00:00', '', 0, 0, '', 0, '', 0, '', '', '', '', '', '', '', '', '', ''),
(11, 1, 'Testuser', 'test123@gmail.com', 'f5bb0c8de146c67b44babbf4e6584cc0', '2017-10-25 11:06:12', 0, '94771234567', '0000-00-00 00:00:00', '', 0, 0, '', 0, '', 0, '', '', '', '', '', '', '', '', '', ''),
(12, 1, 'Alan', 'sanjujkoksf@gmail.com', 'e10adc3949ba59abbe56e057f20f883e', '2017-10-25 12:29:06', 0, '0778989900', '0000-00-00 00:00:00', '', 0, 0, '', 0, '', 0, '', '', '', '', '', '', '', '', '', ''),
(13, 1, 'Alan', 'sanjujkokksf@gmail.com', 'e10adc3949ba59abbe56e057f20f883e', '2017-10-25 12:36:25', 0, '0778989900', '0000-00-00 00:00:00', '', 0, 0, '', 0, '', 0, '', '', '', '', '', '', '', '', '', ''),
(14, 1, 'Alan', 'sanjujkjokksf@gmail.com', 'e10adc3949ba59abbe56e057f20f883e', '2017-10-25 12:37:03', 0, '0778989900', '0000-00-00 00:00:00', '', 0, 0, '', 0, '', 0, '', '', '', '', '', '', '', '', '', ''),
(15, 1, 'Alan', 'sanjevn@gmail.com', 'e10adc3949ba59abbe56e057f20f883e', '2017-10-25 12:37:57', 0, '0778989900', '0000-00-00 00:00:00', '', 0, 0, '', 0, '', 0, '', '', '', '', '', '', '', '', '', ''),
(16, 1, 'Alan', 'sanjus@gmail.com', 'e10adc3949ba59abbe56e057f20f883e', '2017-10-25 13:11:43', 0, '0778989900', '0000-00-00 00:00:00', '', 0, 0, '', 0, '', 0, '', '', '', '', '', '', '', '', '', ''),
(17, 1, 'Alan', 'sanjuss@gmail.com', 'e10adc3949ba59abbe56e057f20f883e', '2017-10-26 09:54:03', 0, '0778989900', '0000-00-00 00:00:00', '', 0, 0, '', 0, '', 0, '', '', '', '', '', '', '', '', '', ''),
(18, 1, 'Sanjeevan', 'sanjutest@gmail.com', 'e10adc3949ba59abbe56e057f20f883e', '2017-10-26 09:57:52', 0, '0778989900', '0000-00-00 00:00:00', '', 0, 0, '', 0, '', 0, '', '', '', '', '', '', '', '', '', ''),
(19, 1, 'Alan', 'sanjutest1@gmail.com', 'e10adc3949ba59abbe56e057f20f883e', '2017-10-26 14:33:33', 0, '0778989900', '0000-00-00 00:00:00', '', 0, 0, '', 0, '', 0, '', '', '', '', '', '', '', '', '', ''),
(20, 1, 'Ranveer Singh', 'ranveer@gmail.com', '1bbd886460827015e5d605ed44252251', '2017-10-26 18:50:35', 0, '94771234567', '0000-00-00 00:00:00', '', 0, 0, '', 0, '', 0, '', '', '', '', '', '', '', '', '', ''),
(21, 1, 'Alan', 'sanjuteslt@gmail.com', 'e10adc3949ba59abbe56e057f20f883e', '2017-10-26 18:51:14', 0, '0778989900', '0000-00-00 00:00:00', '', 0, 0, '', 0, '', 0, '', '', '', '', '', '', '', '', '', ''),
(22, 1, 'Prem Kumar', 'prem@gmail.com', '1bbd886460827015e5d605ed44252251', '2017-10-26 18:53:44', 0, '94771234567', '0000-00-00 00:00:00', '', 0, 0, '', 0, '', 0, '', '', '', '', '', '', '', '', '', ''),
(23, 1, 'Alan', 'sanjutesiilt@gmail.com', 'e10adc3949ba59abbe56e057f20f883e', '2017-10-26 18:59:34', 0, '0778989900', '0000-00-00 00:00:00', '', 0, 0, '', 0, '', 0, '', '', '', '', '', '', '', '', '', ''),
(24, 1, 'Sam Wilson', 'sam@gmail.com', '827ccb0eea8a706c4c34a16891f84e7b', '2017-10-27 09:32:46', 0, '94771234567', '0000-00-00 00:00:00', '', 0, 0, '', 0, '', 0, '', '', '', '', '', '', '', '', '', ''),
(25, 1, 'Test New', 'testnew@gmail.com', '25d55ad283aa400af464c76d713c07ad', '2017-11-02 10:06:33', 0, '94771234567', '0000-00-00 00:00:00', '', 0, 0, '', 0, '', 0, '', '', '', '', '', '', '', '', '', ''),
(26, 1, 'Alan', 'sanjutpest@gmail.com', 'e10adc3949ba59abbe56e057f20f883e', '2017-11-09 17:58:55', 0, '0778989900', '0000-00-00 00:00:00', '', 0, 0, '', 0, '', 0, '', '', '', '', '', '', '', '', '', ''),
(27, 1, 'Alan', 'sujewan01@gmail.com', 'e10adc3949ba59abbe56e057f20f883e', '2017-11-16 18:09:39', 0, '0778989900', '0000-00-00 00:00:00', '', 0, 0, '', 0, '', 0, '', '', '', '', '', '', '', '', '', ''),
(28, 1, 'John Doe', 'sfanjutest@gmail.com', 'e10adc3949ba59abbe56e057f20f883e', '2017-11-20 09:22:51', 0, '0778989900', '0000-00-00 00:00:00', '', 0, 0, '', 0, '', 0, '', '', '', '', '', '', '', '', '', ''),
(29, 1, 'Alan', 'sfandjutest@gmail.com', 'e10adc3949ba59abbe56e057f20f883e', '2017-11-20 16:36:04', 0, '0778989900', '0000-00-00 00:00:00', '', 0, 0, '', 0, '', 0, '', '', '', '', '', '', '', '', '', ''),
(30, 1, 'John Doe', 'sfandjdutest@gmail.com', 'e10adc3949ba59abbe56e057f20f883e', '2017-11-20 16:39:41', 0, '0778989900', '0000-00-00 00:00:00', '', 0, 0, '', 0, '', 0, '', '', '', '', '', '', '', '', '', ''),
(31, 1, 'Alan Walker', 'sfandjdutedst@gmail.com', 'e10adc3949ba59abbe56e057f20f883e', '2017-11-21 10:27:20', 0, '0778989900', '0000-00-00 00:00:00', '', 0, 0, '', 0, '', 0, '', '', '', '', '', '', '', '', '', ''),
(32, 1, 'John Doe', 'dev1@gmail.com', '25d55ad283aa400af464c76d713c07ad', '2017-11-21 11:52:40', 0, '94710710917', '0000-00-00 00:00:00', '', 0, 0, '', 0, '', 0, '', '', '', '', '', '', '', '', '', ''),
(33, 1, 'vihanga Y W', 'dev2@gmail.com', '25d55ad283aa400af464c76d713c07ad', '2017-11-24 11:29:47', 0, '94710710917', '0000-00-00 00:00:00', '', 0, 0, '', 0, '', 0, '', '', '', '', '', '', '', '', '', ''),
(34, 1, 'Shs', 'dev3@gmail.com', '25d55ad283aa400af464c76d713c07ad', '2017-11-24 11:58:01', 0, '94710710917', '0000-00-00 00:00:00', '', 0, 0, '', 0, '', 0, '', '', '', '', '', '', '', '', '', ''),
(35, 1, 'dev 2', 'dev4@gmail.com', '25d55ad283aa400af464c76d713c07ad', '2017-11-27 12:42:17', 0, '94710710917', '0000-00-00 00:00:00', '', 0, 0, '', 0, '', 0, '', '', '', '', '', '', '', '', '', ''),
(36, 1, 'Sujeewan', 'sujewan@gmail.com', '1bbd886460827015e5d605ed44252251', '2017-11-27 12:42:19', 0, '+94779651926', '0000-00-00 00:00:00', '', 0, 0, '', 0, '', 0, '', '', '', '', '', '', '', '', '', ''),
(37, 1, 'Rock', 'rock@gmail.com', 'e10adc3949ba59abbe56e057f20f883e', '2017-11-27 12:49:17', 0, '0778989900', '0000-00-00 00:00:00', '', 0, 0, '', 0, '', 0, '', '', '', '', '', '', '', '', '', ''),
(38, 1, 'Lara Rider', 'supunp000@gmail.com', '85064efb60a9601805dcea56ec5402f7', '2017-11-27 15:29:40', 0, '+94718640619', '0000-00-00 00:00:00', '', 0, 0, '', 0, '', 0, '', '', '', '', '', '', '', '', '', ''),
(39, 1, 'Jay Sony', 'laorijj@gmail.com', '85064efb60a9601805dcea56ec5402f7', '2017-11-28 10:50:37', 0, '+94718640619', '0000-00-00 00:00:00', '', 0, 0, '', 0, '', 0, '', '', '', '', '', '', '', '', '', ''),
(40, 1, 'Malinda', 'malinda@gmail.com', '25d55ad283aa400af464c76d713c07ad', '2017-11-29 14:58:01', 0, '+94772777577', '0000-00-00 00:00:00', '', 0, 0, '', 0, '', 0, '', '', '', '', '', '', '', '', '', ''),
(41, 1, 'Christ Pratt', 'cp@gmail.com', '25d55ad283aa400af464c76d713c07ad', '2017-12-11 12:58:31', 0, '+94710710917', '0000-00-00 00:00:00', '', 0, 0, '', 0, '', 0, '', '', '', '', '', '', '', '', '', ''),
(42, 1, 'Robert Downey Jr', 'rd@gmail.com', '25d55ad283aa400af464c76d713c07ad', '2017-12-11 12:58:36', 0, '+94710710917', '0000-00-00 00:00:00', '', 0, 0, '', 0, '', 0, '', '', '', '', '', '', '', '', '', ''),
(43, 1, 'Timmi Tim', 'timitimi17@yahoo.com', '48474f975022f960bc2afbe49be581e8', '2017-12-12 14:17:21', 0, '+94718640619', '0000-00-00 00:00:00', '', 0, 0, '', 0, '', 0, '', '', '', '', '', '', '', '', '', ''),
(44, 1, 'Christ Pratt', 'cp1@gmail.com', '25d55ad283aa400af464c76d713c07ad', '2017-12-20 12:19:35', 0, '+94710710917', '0000-00-00 00:00:00', '', 0, 0, '', 0, '', 0, '', '', '', '', '', '', '', '', '', ''),
(45, 1, 'Jamy Tom', 'himu@gmail.com', '327bc4e22b649d47c4546a3ec93f376b', '2018-01-08 14:07:31', 0, '+94718640619', '0000-00-00 00:00:00', '', 0, 0, '', 0, '', 0, '', '', '', '', '', '', '', '', '', ''),
(46, 1, 'Qwrrt', 'de1@gmail.com', '25d55ad283aa400af464c76d713c07ad', '2018-01-08 16:07:04', 0, '+94710710917', '0000-00-00 00:00:00', '', 0, 0, '', 0, '', 0, '', '', '', '', '', '', '', '', '', ''),
(47, 1, 'Vihanga', 'ci@gmail.com', '25d55ad283aa400af464c76d713c07ad', '2018-01-08 17:04:40', 0, '+94710710917', '0000-00-00 00:00:00', '', 0, 0, '', 0, '', 0, '', '', '', '', '', '', '', '', '', ''),
(48, 1, 'Xoxo', 'xoxo@gmail.com', '25d55ad283aa400af464c76d713c07ad', '2018-01-08 17:59:01', 0, '+94710710917', '0000-00-00 00:00:00', '', 0, 0, '', 0, '', 0, '', '', '', '', '', '', '', '', '', ''),
(49, 1, 'Xoxo', 'xoxox@gmail.com', '25d55ad283aa400af464c76d713c07ad', '2018-01-08 17:59:21', 0, '+94710710917', '0000-00-00 00:00:00', '', 0, 0, '', 0, '', 0, '', '', '', '', '', '', '', '', '', ''),
(50, 1, 'Xoxo', 'xogxox@gmail.com', '25d55ad283aa400af464c76d713c07ad', '2018-01-08 18:00:21', 0, '+94710710917', '0000-00-00 00:00:00', '', 0, 0, '', 0, '', 0, '', '', '', '', '', '', '', '', '', ''),
(51, 1, 'Alan', 'sanjutesft@gmail.com', 'e10adc3949ba59abbe56e057f20f883e', '2018-01-08 18:02:01', 0, '0778989900', '0000-00-00 00:00:00', '', 0, 0, '', 0, '', 0, '', '', '', '', '', '', '', '', '', ''),
(52, 1, 'Alan', 'sanjutppesft@gmail.com', 'e10adc3949ba59abbe56e057f20f883e', '2018-01-08 18:03:01', 0, '0778989900', '0000-00-00 00:00:00', '', 0, 0, '', 0, '', 0, '', '', '', '', '', '', '', '', '', ''),
(53, 1, 'Alan', 'sanjutplllest@gmail.com', 'e10adc3949ba59abbe56e057f20f883e', '2018-01-08 18:04:05', 0, '0778989900', '0000-00-00 00:00:00', '', 0, 0, '', 0, '', 0, '', '', '', '', '', '', '', '', '', ''),
(54, 1, 'Alan', 'sanju22tppesft@gmail.com', 'e10adc3949ba59abbe56e057f20f883e', '2018-01-08 18:04:24', 0, '0778989900', '0000-00-00 00:00:00', '', 0, 0, '', 0, '', 0, '', '', '', '', '', '', '', '', '', ''),
(55, 1, 'Alan', 'sapesft@gmail.com', 'e10adc3949ba59abbe56e057f20f883e', '2018-01-08 18:04:31', 0, '0778989900', '0000-00-00 00:00:00', '', 0, 0, '', 0, '', 0, '', '', '', '', '', '', '', '', '', ''),
(56, 1, 'Alan', 'sanjutplllvdvdvest@gmail.com', 'e10adc3949ba59abbe56e057f20f883e', '2018-01-08 18:04:56', 0, '0778989900', '0000-00-00 00:00:00', '', 0, 0, '', 0, '', 0, '', '', '', '', '', '', '', '', '', ''),
(57, 1, 'Xoxo', 'xogxeox@gmail.com', '25d55ad283aa400af464c76d713c07ad', '2018-01-08 18:05:09', 0, '+94710710917', '0000-00-00 00:00:00', '', 0, 0, '', 0, '', 0, '', '', '', '', '', '', '', '', '', ''),
(58, 1, 'Jhonny Tim', 'sachinthadewni@gmail.com', '85064efb60a9601805dcea56ec5402f7', '2018-01-09 16:30:21', 0, '+94718640619', '0000-00-00 00:00:00', '', 0, 0, '', 0, '', 0, '', '', '', '', '', '', '', '', '', ''),
(59, 1, 'Vevw', 'hcW@b.cok', '25d55ad283aa400af464c76d713c07ad', '2018-01-09 17:15:49', 0, '+94710710917', '0000-00-00 00:00:00', '', 0, 0, '', 0, '', 0, '', '', '', '', '', '', '', '', '', ''),
(60, 1, 'Alan', 'sapsesft@gmail.com', 'e10adc3949ba59abbe56e057f20f883e', '2018-01-10 16:07:35', 0, '0778989900', '0000-00-00 00:00:00', '', 0, 0, '', 0, '', 0, '', '', '', '', '', '', '', '', '', '');

-- --------------------------------------------------------

--
-- Table structure for table `rider_document`
--

CREATE TABLE `rider_document` (
  `rdID` int(11) NOT NULL,
  `rID` int(11) NOT NULL,
  `subID` int(11) NOT NULL,
  `rdImage` varchar(200) NOT NULL,
  `rdStatus` int(11) DEFAULT NULL COMMENT '0 - Not Submitted, 1 -  Submitted, 2 - Under Review, 3 - Approved'
) ENGINE=InnoDB DEFAULT CHARSET=utf8;

--
-- Dumping data for table `rider_document`
--

INSERT INTO `rider_document` (`rdID`, `rID`, `subID`, `rdImage`, `rdStatus`) VALUES
(1, 15, 6, '59f177930c8af.png', 1),
(2, 15, 6, '59f177fd7400e.png', 1),
(3, 15, 6, '59f17924199ed.png', 1),
(4, 15, 6, '59f179eb86c5e.png', 1),
(6, 15, 6, '59f18f177085e.png', 1),
(7, 15, 6, '59f1a00820793.png', 1),
(29, 15, 6, '', 1),
(30, 15, 6, '', 1),
(31, 15, 6, '', 1),
(32, 15, 6, '59f1a3db8e6b7.png', 1),
(33, 15, 6, '', 1),
(34, 15, 6, '', 1),
(35, 15, 6, '', 1),
(36, 15, 6, '', 1),
(37, 15, 6, '59f1a177cb24c.jpg', 1),
(38, 15, 6, '59f1a1800fef0.jpg', 1),
(39, 15, 6, '', 1),
(40, 15, 6, '', 1),
(41, 15, 6, '', 1),
(42, 15, 6, '', 1),
(43, 15, 6, '', 1),
(44, 15, 6, '', 1),
(45, 15, 6, '59f1a171798ad.png', 1),
(46, 15, 6, '59f1a27fe14e8.png', 1),
(47, 15, 6, '59f1a29c215c3.png', 1),
(48, 15, 6, '59f1a2feb4284.png', 1),
(49, 15, 6, '', 1),
(50, 15, 6, '', 1),
(51, 15, 6, '', 1),
(52, 15, 6, '', 1),
(57, 15, 6, '', 1),
(60, 15, 6, '', 1),
(69, 15, 6, '', 1),
(70, 15, 6, '', 1),
(71, 15, 6, '59f1a29c215c3.png', 1),
(72, 15, 6, '59f1a2feb4284.png', 1),
(73, 15, 6, '', 1),
(74, 15, 6, '', 1),
(75, 15, 6, '', 1),
(76, 15, 6, '', 1),
(77, 15, 7, '', 1),
(78, 15, 7, '', 1),
(79, 15, 7, '', 1),
(80, 15, 7, '59f1a2feb4284.png', 1),
(81, 15, 6, '', 1),
(82, 15, 6, '', 1),
(83, 15, 7, '', 1),
(84, 15, 7, '', 1),
(85, 15, 7, '', 1),
(86, 15, 7, '', 1),
(88, 15, 6, '', 1),
(89, 15, 6, '', 1),
(90, 15, 6, '', 1),
(91, 15, 6, '', 1),
(92, 15, 6, '', 1),
(94, 16, 1, '59f1aa9d78091.jpg', 1),
(95, 16, 2, '59f1aaa8da0a7.jpg', 1),
(96, 16, 3, '', 1),
(97, 16, 4, '59f1a455ca56a.png', 1),
(98, 16, 5, '', 1),
(99, 16, 6, '', 1),
(101, 16, 7, '', 1),
(102, 19, 1, '59f1a6614f673.png', 1),
(103, 19, 2, '59f1a6af237d4.png', 1),
(104, 19, 3, '', 1),
(105, 19, 4, '', 1),
(106, 19, 5, '', 1),
(107, 19, 6, '', 1),
(109, 19, 7, '', 1),
(110, 20, 1, '', 1),
(111, 20, 2, '', 1),
(112, 20, 3, '', 1),
(113, 20, 4, '', 1),
(114, 20, 5, '', 1),
(115, 20, 6, '', 1),
(117, 20, 7, '', 1),
(118, 21, 1, '', 1),
(119, 21, 2, '', 1),
(120, 21, 3, '', 1),
(121, 21, 4, '', 1),
(122, 21, 5, '', 1),
(123, 21, 6, '', 1),
(125, 21, 7, '', 1),
(126, 22, 1, '59f1e1f73db51.jpg', 1),
(127, 22, 2, '59f1e1ff6c0d0.jpg', 1),
(128, 22, 3, '59f1e214bdb0e.jpg', 1),
(129, 22, 4, '59f1e217f1367.jpg', 1),
(130, 22, 5, '59f1e2271a119.jpg', 1),
(131, 22, 6, '59f1e3b5e14e7.jpg', 1),
(133, 22, 7, '59f1e39a9455e.jpg', 1),
(134, 23, 1, '', 0),
(135, 23, 2, '', 0),
(136, 23, 3, '', 0),
(137, 23, 4, '', 0),
(138, 23, 5, '', 0),
(139, 23, 6, '', 0),
(141, 23, 7, '', 0),
(142, 24, 1, '59f2b0d992c37.jpg', 1),
(143, 24, 2, '59f2b0e7b17bf.jpg', 1),
(144, 24, 3, '59f2b0efaafcc.jpg', 1),
(145, 24, 4, '59f2b0f294727.jpg', 1),
(146, 24, 5, '59f2b101dda73.jpg', 1),
(147, 24, 6, '59f2b10bbb818.jpg', 1),
(149, 24, 7, '59f2b11e0ba95.jpg', 1),
(150, 25, 1, '59faa107a72f8.jpg', 1),
(151, 25, 2, '', 1),
(152, 25, 3, '', 1),
(153, 25, 4, '', 1),
(154, 25, 5, '', 1),
(155, 25, 6, '', 1),
(157, 25, 7, '', 1),
(158, 26, 1, '', 1),
(159, 26, 2, '', 1),
(160, 26, 3, '', 1),
(161, 26, 4, '', 1),
(162, 26, 5, '', 1),
(163, 26, 6, '', 1),
(165, 26, 7, '', 1),
(166, 27, 1, '', 1),
(167, 27, 2, '', 1),
(168, 27, 3, '', 1),
(169, 27, 4, '', 1),
(170, 27, 5, '', 1),
(171, 27, 6, '', 1),
(173, 27, 7, '', 1),
(174, 28, 1, '5a129b89d7ab7.jpg', 1),
(175, 28, 2, '5a129b962d209.jpg', 1),
(176, 28, 3, '5a12881a62a92.jpg', 1),
(177, 28, 4, '5a129babbb379.jpg', 1),
(178, 28, 5, '', 1),
(179, 28, 6, '', 1),
(181, 28, 7, '5a129bcaa00a8.jpg', 1),
(182, 29, 1, '5a12b7c794988.jpg', 1),
(183, 29, 2, '', 1),
(184, 29, 3, '5a12b7d4851a2.jpg', 1),
(185, 29, 4, '5a12b7a3402db.jpg', 1),
(186, 29, 5, '', 1),
(187, 29, 6, '', 1),
(189, 29, 7, '', 1),
(190, 30, 1, '5a13bc3e15346.jpg', 1),
(191, 30, 2, '5a13bd26866a1.jpg', 1),
(192, 30, 3, '5a13b70a016d9.jpg', 1),
(193, 30, 4, '5a13bd6cc2b3c.jpg', 1),
(194, 30, 5, '5a13ab7da8a03.jpg', 1),
(195, 30, 6, '', 1),
(197, 30, 7, '5a13aaf424f13.jpg', 1),
(198, 31, 1, '5a13beee7e1ea.jpg', 1),
(199, 31, 2, '5a13befac62f1.jpg', 1),
(200, 31, 3, '5a13bffce4a43.jpg', 1),
(201, 31, 4, '5a13be60a99f9.jpg', 1),
(202, 31, 5, '5a13be1223579.jpg', 1),
(203, 31, 6, '', 1),
(205, 31, 7, '5a13be1c09c65.jpg', 1),
(206, 32, 1, '5a13c63c3ef68.jpg', 3),
(207, 32, 2, '5a13c649ee19e.jpg', 3),
(208, 32, 3, '5a13c66d04405.jpg', 3),
(209, 32, 4, '5a13c68822cd8.jpg', 3),
(210, 32, 5, '5a13c6a10c2eb.jpg', 3),
(211, 32, 6, '', 3),
(213, 32, 7, '5a13c6c95c047.jpg', 3),
(214, 33, 1, '5a17b560dc30f.jpg', 1),
(215, 33, 2, '5a17b56924b48.jpg', 1),
(216, 33, 3, '5a17b581a7b90.jpg', 1),
(217, 33, 4, '5a17b59235bc4.jpg', 1),
(218, 33, 5, '5a17b5a59c412.jpg', 1),
(219, 33, 6, '', 1),
(221, 33, 7, '5a17b5cc8fcef.jpg', 1),
(222, 34, 1, '5a17bbfc78d1e.jpg', 1),
(223, 34, 2, '5a17bcfb76ef6.jpg', 1),
(224, 34, 3, '5a17bc0b43e24.jpg', 1),
(225, 34, 4, '', 1),
(226, 34, 5, '5a17bc228c0f6.jpg', 1),
(227, 34, 6, '', 1),
(229, 34, 7, '5a17bc328d665.jpg', 1),
(230, 35, 1, '5a1bbaf21aecb.jpg', 1),
(231, 35, 2, '5a1bbaf994540.jpg', 1),
(232, 35, 3, '5a1bbb03ae18c.jpg', 1),
(233, 35, 4, '5a1bbb0bd6c73.jpg', 1),
(234, 35, 5, '5a1bbb15b263c.jpg', 1),
(235, 35, 6, '', 1),
(237, 35, 7, '5a1bbb2b18e6a.jpg', 1),
(238, 36, 1, '5a1bbc0d6eadf.jpg', 1),
(239, 36, 2, '5a1bbc0f1484b.jpg', 1),
(240, 36, 3, '', 1),
(241, 36, 4, '', 1),
(242, 36, 5, '', 1),
(243, 36, 6, '', 1),
(245, 36, 7, '', 1),
(246, 37, 1, '', 1),
(247, 37, 2, '', 1),
(248, 37, 3, '', 1),
(249, 37, 4, '', 1),
(250, 37, 5, '', 1),
(251, 37, 6, '', 1),
(253, 37, 7, '', 1),
(254, 38, 1, '5a1d01e415687.jpg', 1),
(255, 38, 2, '5a1d05d7cd833.jpg', 1),
(256, 38, 3, '5a1bebc6d5e61.jpg', 1),
(257, 38, 4, '5a1bebc8b37d9.jpg', 1),
(258, 38, 5, '5a1bebcd8a852.jpg', 1),
(259, 38, 6, '5a1d01fe182fa.jpg', 1),
(261, 38, 7, '5a1d03b0ba653.jpg', 1),
(262, 39, 1, '5a1cf2bb9418e.jpg', 1),
(263, 39, 2, '5a1cf2c61869d.jpg', 1),
(264, 39, 3, '5a1cf362e17cc.jpg', 1),
(265, 39, 4, '', 1),
(266, 39, 5, '5a1cf8261bcbd.jpg', 1),
(267, 39, 6, '5a1cf83aa69ff.jpg', 1),
(269, 39, 7, '5a1cf86480422.jpg', 1),
(270, 40, 1, '', 1),
(271, 40, 2, '', 1),
(272, 40, 3, '', 1),
(273, 40, 4, '', 1),
(274, 40, 5, '', 1),
(275, 40, 6, '', 1),
(277, 40, 7, '', 1),
(278, 41, 1, '5a2e33bc86538.jpg', 1),
(279, 41, 2, '5a2e33c3e97a3.jpg', 1),
(280, 41, 3, '', 1),
(281, 41, 4, '', 1),
(282, 41, 5, '', 1),
(283, 41, 6, '', 1),
(285, 41, 7, '', 1),
(286, 42, 1, '5a2e33f0122a6.jpg', 1),
(287, 42, 2, '', 1),
(288, 42, 3, '', 1),
(289, 42, 4, '', 1),
(290, 42, 5, '', 1),
(291, 42, 6, '', 1),
(293, 42, 7, '', 1),
(294, 43, 1, '5a2f97a711fed.jpg', 1),
(295, 43, 2, '5a2f98ba64167.jpg', 1),
(296, 43, 3, '5a2f97d22ae03.jpg', 1),
(297, 43, 4, '', 1),
(298, 43, 5, '5a2f986f47cad.jpg', 1),
(299, 43, 6, '5a2f987a716db.jpg', 1),
(301, 43, 7, '5a2f98a8844af.jpg', 1),
(302, 44, 1, '', 1),
(303, 44, 2, '', 1),
(304, 44, 3, '', 1),
(305, 44, 4, '', 1),
(306, 44, 5, '', 1),
(307, 44, 6, '', 1),
(309, 44, 7, '', 1),
(310, 45, 1, '5a532e360adef.jpg', 1),
(311, 45, 2, '5a532e2e25347.jpg', 1),
(312, 45, 3, '5a532e44ccdfe.jpg', 1),
(313, 45, 4, '5a532ea58216e.jpg', 1),
(314, 45, 5, '5a532e4f4c4f5.jpg', 1),
(315, 45, 6, '', 1),
(317, 45, 7, '5a532e76cebb1.jpg', 1),
(318, 46, 1, '5a5349f19fa8c.jpg', 1),
(319, 46, 2, '5a5349f9e4907.jpg', 1),
(320, 46, 3, '5a534a08aebdb.jpg', 1),
(321, 46, 4, '5a534a289c6f8.jpg', 1),
(322, 46, 5, '5a534a5fa44a2.jpg', 1),
(323, 46, 6, '', 1),
(325, 46, 7, '5a534ae23f942.jpg', 1),
(326, 47, 1, '5a5357648ee94.jpg', 1),
(327, 47, 2, '5a5357693f2f2.jpg', 1),
(328, 47, 3, '5a5357747a19c.jpg', 1),
(329, 47, 4, '5a5363147cdbd.png', 1),
(330, 47, 5, '5a5357878dbdf.jpg', 1),
(331, 47, 6, '5a53632b8b8ce.png', 1),
(333, 47, 7, '5a5362f190999.jpg', 1),
(334, 48, 1, '', 1),
(335, 48, 2, '', 1),
(336, 48, 3, '', 1),
(337, 48, 4, '', 1),
(338, 48, 5, '', 1),
(339, 48, 6, '', 1),
(340, 48, 7, '', 1),
(342, 49, 1, '', 1),
(343, 49, 2, '', 1),
(344, 49, 3, '', 1),
(345, 49, 4, '', 1),
(346, 49, 5, '', 1),
(347, 49, 6, '', 1),
(348, 49, 7, '', 1),
(350, 50, 1, '', 1),
(351, 50, 2, '', 1),
(352, 50, 3, '', 1),
(353, 50, 4, '', 1),
(354, 50, 5, '', 1),
(355, 50, 6, '', 1),
(356, 50, 7, '', 1),
(358, 51, 1, '', 1),
(359, 51, 2, '', 1),
(360, 51, 3, '', 1),
(361, 51, 4, '', 1),
(362, 51, 5, '', 1),
(363, 51, 6, '', 1),
(364, 51, 7, '', 1),
(366, 52, 1, '', 1),
(367, 52, 2, '', 1),
(368, 52, 3, '', 1),
(369, 52, 4, '', 1),
(370, 52, 5, '', 1),
(371, 52, 6, '', 1),
(372, 52, 7, '', 1),
(374, 53, 1, '', 1),
(375, 53, 2, '', 1),
(376, 53, 3, '', 1),
(377, 53, 4, '', 1),
(378, 53, 5, '', 1),
(379, 53, 6, '', 1),
(380, 53, 7, '', 1),
(382, 54, 1, '', 1),
(383, 54, 2, '', 1),
(384, 54, 3, '', 1),
(385, 54, 4, '', 1),
(386, 54, 5, '', 1),
(387, 54, 6, '', 1),
(388, 54, 7, '', 1),
(390, 55, 1, '', 1),
(391, 55, 2, '', 1),
(392, 55, 3, '', 1),
(393, 55, 4, '', 1),
(394, 55, 5, '', 1),
(395, 55, 6, '', 1),
(396, 55, 7, '', 1),
(398, 56, 1, '', 1),
(399, 56, 2, '', 1),
(400, 56, 3, '', 1),
(401, 56, 4, '', 1),
(402, 56, 5, '', 1),
(403, 56, 6, '', 1),
(404, 56, 7, '', 1),
(405, 57, 1, '5a53659709040.jpg', 1),
(406, 57, 2, '5a53659c7f004.jpg', 1),
(407, 57, 3, '5a5365a49d282.jpg', 1),
(408, 57, 4, '5a5365ad46bde.jpg', 1),
(409, 57, 5, '5a5365bc9d7de.jpg', 1),
(410, 57, 6, '5a5365c952319.jpg', 1),
(411, 57, 7, '5a53666b5b409.jpg', 1),
(412, 58, 1, '5a54a0d19f8cc.jpg', 1),
(413, 58, 2, '5a54a0ea06be2.jpg', 1),
(414, 58, 3, '5a54a0f539bb0.jpg', 1),
(415, 58, 4, '', 1),
(416, 58, 5, '5a54a102ea355.jpg', 1),
(417, 58, 6, '5a54a129c95e8.jpg', 2),
(418, 58, 7, '5a54a11bd17c4.jpg', 2),
(419, 59, 1, '5a54ace824daa.jpg', 1),
(420, 59, 2, '5a54acf46ab79.jpg', 1),
(421, 59, 3, '5a54b64513bbc.jpg', 1),
(422, 59, 4, '', 1),
(423, 59, 5, '', 1),
(424, 59, 6, '', 0),
(425, 59, 7, '', 0),
(426, 60, 1, '5a55ed8ecea6f.png', 1),
(427, 60, 2, '', 1),
(428, 60, 3, '', 1),
(429, 60, 4, '', 1),
(430, 60, 5, '', 1),
(431, 60, 6, '', 0),
(432, 60, 7, '', 0);

-- --------------------------------------------------------

--
-- Table structure for table `rider_notification`
--

CREATE TABLE `rider_notification` (
  `rnID` int(11) NOT NULL,
  `rID` int(11) NOT NULL,
  `ntID` int(11) NOT NULL,
  `ntStatus` int(11) DEFAULT NULL
) ENGINE=InnoDB DEFAULT CHARSET=utf8;

--
-- Dumping data for table `rider_notification`
--

INSERT INTO `rider_notification` (`rnID`, `rID`, `ntID`, `ntStatus`) VALUES
(1, 12, 3, 1),
(656, 545, 1, 1),
(657, 545, 2, 1),
(658, 545, 3, 1),
(659, 545, 4, 1),
(660, 545, 5, 0),
(661, 545, 6, 0),
(662, 545, 7, 1),
(663, 546, 1, 1),
(664, 546, 2, 1),
(665, 546, 3, 1),
(666, 546, 4, 1),
(667, 546, 5, 0),
(668, 546, 6, 0),
(669, 546, 7, 1),
(670, 547, 1, 1),
(671, 547, 2, 1),
(672, 547, 3, 1),
(673, 547, 4, 1),
(674, 547, 5, 0),
(675, 547, 6, 0),
(676, 547, 7, 1),
(677, 548, 1, 1),
(680, 548, 4, 1),
(682, 548, 6, 0),
(683, 548, 7, 1),
(684, 549, 1, 1),
(685, 549, 2, 1),
(686, 549, 3, 1),
(687, 549, 4, 1),
(688, 549, 5, 0),
(689, 549, 6, 0),
(690, 549, 7, 1),
(691, 550, 1, 1),
(692, 550, 2, 1),
(693, 550, 3, 1),
(694, 550, 4, 1),
(695, 550, 5, 0),
(696, 550, 6, 0),
(697, 550, 7, 1),
(698, 551, 1, 1),
(699, 551, 2, 1),
(700, 551, 3, 1),
(701, 551, 4, 1),
(702, 551, 5, 0),
(703, 551, 6, 0),
(704, 551, 7, 1),
(705, 552, 1, 1),
(706, 552, 2, 1),
(707, 552, 3, 1),
(708, 552, 4, 1),
(709, 552, 5, 0),
(710, 552, 6, 0),
(711, 552, 7, 1),
(712, 553, 1, 1),
(713, 553, 2, 1),
(714, 553, 3, 1),
(715, 553, 4, 1),
(716, 553, 5, 0),
(717, 553, 6, 0),
(718, 553, 7, 1),
(719, 554, 1, 1),
(720, 554, 2, 1),
(721, 554, 3, 1),
(722, 554, 4, 1),
(723, 554, 5, 0),
(724, 554, 6, 0),
(725, 554, 7, 1),
(726, 555, 1, 1),
(727, 555, 2, 1),
(728, 555, 3, 1),
(729, 555, 4, 1),
(730, 555, 5, 0),
(731, 555, 6, 0),
(732, 555, 7, 1),
(733, 556, 1, 1),
(734, 556, 2, 1),
(735, 556, 3, 1),
(736, 556, 4, 1),
(737, 556, 5, 0),
(738, 556, 6, 0),
(739, 556, 7, 1),
(740, 557, 1, 1),
(741, 557, 2, 1),
(742, 557, 3, 1),
(743, 557, 4, 1),
(744, 557, 5, 0),
(745, 557, 6, 0),
(746, 557, 7, 1),
(747, 558, 1, 1),
(748, 558, 2, 1),
(749, 558, 3, 1),
(750, 558, 4, 1),
(751, 558, 5, 0),
(752, 558, 6, 0),
(753, 558, 7, 1),
(754, 559, 1, 1),
(755, 559, 2, 1),
(756, 559, 3, 1),
(757, 559, 4, 1),
(758, 559, 5, 0),
(759, 559, 6, 0),
(760, 559, 7, 1),
(761, 560, 1, 1),
(762, 560, 2, 1),
(763, 560, 3, 1),
(764, 560, 4, 1),
(765, 560, 5, 0),
(766, 560, 6, 0),
(767, 560, 7, 1),
(768, 561, 1, 1),
(769, 561, 2, 1),
(770, 561, 3, 1),
(771, 561, 4, 1),
(772, 561, 5, 0),
(773, 561, 6, 0),
(774, 561, 7, 1),
(775, 562, 1, 1),
(776, 562, 2, 1),
(777, 562, 3, 1),
(778, 562, 4, 1),
(779, 562, 5, 0),
(780, 562, 6, 0),
(781, 562, 7, 1),
(782, 563, 1, 1),
(783, 563, 2, 1),
(784, 563, 3, 1),
(785, 563, 4, 1),
(786, 563, 5, 0),
(787, 563, 6, 0),
(788, 563, 7, 1),
(789, 566, 1, 1),
(790, 566, 2, 1),
(791, 566, 3, 1),
(792, 566, 4, 1),
(793, 566, 5, 0),
(794, 566, 6, 0),
(795, 566, 7, 1),
(796, 567, 1, 1),
(797, 567, 2, 1),
(798, 567, 3, 1),
(799, 567, 4, 1),
(800, 567, 5, 0),
(801, 567, 6, 0),
(802, 567, 7, 1),
(803, 568, 1, 1),
(804, 568, 2, 1),
(805, 568, 3, 1),
(806, 568, 4, 1),
(807, 568, 5, 0),
(808, 568, 6, 0),
(809, 568, 7, 1),
(810, 569, 1, 1),
(811, 569, 2, 1),
(812, 569, 3, 1),
(813, 569, 4, 1),
(814, 569, 5, 0),
(815, 569, 6, 0),
(816, 569, 7, 1),
(817, 570, 1, 1),
(818, 570, 2, 1),
(819, 570, 3, 1),
(820, 570, 4, 1),
(821, 570, 5, 0),
(822, 570, 6, 0),
(823, 570, 7, 1),
(824, 571, 1, 1),
(825, 571, 2, 1),
(826, 571, 3, 1),
(827, 571, 4, 1),
(828, 571, 5, 0),
(829, 571, 6, 0),
(830, 571, 7, 1),
(831, 572, 1, 1),
(832, 572, 2, 1),
(833, 572, 3, 1),
(834, 572, 4, 1),
(835, 572, 5, 0),
(836, 572, 6, 0),
(837, 572, 7, 1),
(838, 573, 1, 1),
(839, 573, 2, 1),
(840, 573, 3, 1),
(841, 573, 4, 1),
(842, 573, 5, 0),
(843, 573, 6, 0),
(844, 573, 7, 1),
(845, 574, 1, 1),
(846, 574, 2, 1),
(847, 574, 3, 1),
(848, 574, 4, 1),
(849, 574, 5, 0),
(850, 574, 6, 0),
(851, 574, 7, 1),
(852, 575, 1, 1),
(853, 575, 2, 1),
(854, 575, 3, 1),
(855, 575, 4, 1),
(856, 575, 5, 0),
(857, 575, 6, 0),
(858, 575, 7, 1),
(859, 576, 1, 1),
(860, 576, 2, 1),
(861, 576, 3, 1),
(862, 576, 4, 1),
(863, 576, 5, 0),
(864, 576, 6, 0),
(865, 576, 7, 1),
(866, 577, 1, 1),
(867, 577, 2, 1),
(868, 577, 3, 1),
(869, 577, 4, 1),
(870, 577, 5, 0),
(871, 577, 6, 0),
(872, 577, 7, 1),
(873, 578, 1, 1),
(874, 578, 2, 1),
(875, 578, 3, 1),
(876, 578, 4, 1),
(877, 578, 5, 0),
(878, 578, 6, 0),
(879, 578, 7, 1),
(880, 579, 1, 1),
(881, 579, 2, 1),
(882, 579, 3, 1),
(883, 579, 4, 1),
(884, 579, 5, 0),
(885, 579, 6, 0),
(886, 579, 7, 1),
(887, 580, 1, 1),
(888, 580, 2, 1),
(889, 580, 3, 1),
(890, 580, 4, 1),
(891, 580, 5, 0),
(892, 580, 6, 0),
(893, 580, 7, 1),
(894, 581, 1, 1),
(895, 581, 2, 1),
(896, 581, 3, 1),
(897, 581, 4, 1),
(898, 581, 5, 0),
(899, 581, 6, 0),
(900, 581, 7, 1),
(901, 582, 1, 1),
(902, 582, 2, 1),
(903, 582, 3, 1),
(904, 582, 4, 1),
(905, 582, 5, 0),
(906, 582, 6, 0),
(907, 582, 7, 1),
(908, 583, 1, 1),
(909, 583, 2, 1),
(910, 583, 3, 1),
(911, 583, 4, 1),
(912, 583, 5, 0),
(913, 583, 6, 0),
(914, 583, 7, 1),
(915, 584, 1, 1),
(916, 584, 2, 1),
(917, 584, 3, 1),
(918, 584, 4, 1),
(919, 584, 5, 0),
(920, 584, 6, 0),
(921, 584, 7, 1),
(922, 585, 1, 1),
(923, 585, 2, 1),
(924, 585, 3, 1),
(925, 585, 4, 1),
(926, 585, 5, 0),
(927, 585, 6, 0),
(928, 585, 7, 1),
(929, 586, 1, 1),
(930, 586, 2, 1),
(931, 586, 3, 1),
(932, 586, 4, 1),
(933, 586, 5, 0),
(934, 586, 6, 0),
(935, 586, 7, 1),
(936, 587, 1, 1),
(937, 587, 2, 1),
(938, 587, 3, 1),
(939, 587, 4, 1),
(940, 587, 5, 0),
(941, 587, 6, 0),
(942, 587, 7, 1),
(943, 588, 1, 1),
(944, 588, 2, 1),
(945, 588, 3, 1),
(946, 588, 4, 1),
(947, 588, 5, 0),
(948, 588, 6, 0),
(949, 588, 7, 1),
(950, 589, 1, 1),
(951, 589, 2, 1),
(952, 589, 3, 1),
(953, 589, 4, 1),
(954, 589, 5, 0),
(955, 589, 6, 0),
(956, 589, 7, 1),
(957, 4, 0, NULL),
(958, 4, 0, NULL),
(959, 4, 0, NULL),
(960, 4, 0, NULL),
(961, 4, 0, NULL),
(962, 4, 0, NULL),
(963, 4, 0, NULL),
(964, 5, 1, 1),
(965, 5, 2, 1),
(966, 5, 3, 1),
(967, 5, 4, 1),
(968, 5, 5, 0),
(969, 5, 6, 0),
(970, 5, 7, 1),
(971, 6, 1, 1),
(972, 6, 2, 1),
(973, 6, 3, 1),
(974, 6, 4, 1),
(975, 6, 5, 0),
(976, 6, 6, 0),
(977, 6, 7, 1),
(978, 7, 1, 1),
(979, 7, 2, 1),
(980, 7, 3, 1),
(981, 7, 4, 1),
(982, 7, 5, 0),
(983, 7, 6, 0),
(984, 7, 7, 1),
(985, 8, 1, 1),
(986, 8, 2, 1),
(987, 8, 3, 1),
(988, 8, 4, 1),
(989, 8, 5, 0),
(990, 8, 6, 0),
(991, 8, 7, 1),
(992, 9, 1, 1),
(993, 9, 2, 1),
(994, 9, 3, 1),
(995, 9, 4, 1),
(996, 9, 5, 0),
(997, 9, 6, 0),
(998, 9, 7, 1),
(999, 10, 1, 1),
(1000, 10, 2, 1),
(1001, 10, 3, 1),
(1002, 10, 4, 1),
(1003, 10, 5, 0),
(1004, 10, 6, 0),
(1005, 10, 7, 1),
(1006, 11, 1, 1),
(1007, 11, 2, 1),
(1008, 11, 3, 1),
(1009, 11, 4, 1),
(1010, 11, 5, 0),
(1011, 11, 6, 0),
(1012, 11, 7, 1),
(1013, 12, 1, 1),
(1014, 12, 2, 1),
(1015, 12, 3, 1),
(1016, 12, 4, 1),
(1017, 12, 5, 0),
(1018, 12, 6, 0),
(1019, 12, 7, 1),
(1020, 13, 1, 1),
(1021, 13, 2, 1),
(1022, 13, 3, 1),
(1023, 13, 4, 1),
(1024, 13, 5, 0),
(1025, 13, 6, 0),
(1026, 13, 7, 1),
(1027, 1, 1, 1),
(1028, 1, 2, 1),
(1029, 1, 3, 1),
(1030, 1, 4, 1),
(1031, 1, 5, 0),
(1032, 1, 6, 0),
(1033, 1, 7, 1),
(1034, 2, 1, 1),
(1035, 2, 2, 1),
(1036, 2, 3, 1),
(1037, 2, 4, 1),
(1038, 2, 5, 0),
(1039, 2, 6, 0),
(1040, 2, 7, 1),
(1041, 3, 1, 1),
(1042, 3, 2, 1),
(1043, 3, 3, 1),
(1044, 3, 4, 1),
(1045, 3, 5, 0),
(1046, 3, 6, 0),
(1047, 3, 7, 1),
(1048, 4, 1, 1),
(1049, 4, 2, 1),
(1050, 4, 3, 1),
(1051, 4, 4, 1),
(1052, 4, 5, 0),
(1053, 4, 6, 0),
(1054, 4, 7, 1),
(1055, 5, 1, 1),
(1056, 5, 2, 1),
(1057, 5, 3, 1),
(1058, 5, 4, 1),
(1059, 5, 5, 0),
(1060, 5, 6, 0),
(1061, 5, 7, 1),
(1062, 1, 1, 1),
(1063, 1, 2, 1),
(1064, 1, 3, 1),
(1065, 1, 4, 1),
(1066, 1, 5, 0),
(1067, 1, 6, 0),
(1068, 1, 7, 1),
(1069, 2, 1, 1),
(1070, 2, 2, 1),
(1071, 2, 3, 1),
(1072, 2, 4, 1),
(1073, 2, 5, 0),
(1074, 2, 6, 0),
(1075, 2, 7, 1),
(1076, 3, 1, 1),
(1077, 3, 2, 1),
(1078, 3, 3, 1),
(1079, 3, 4, 1),
(1080, 3, 5, 0),
(1081, 3, 6, 0),
(1082, 3, 7, 1),
(1083, 5, 1, 1),
(1084, 5, 2, 1),
(1085, 5, 3, 1),
(1086, 5, 4, 1),
(1087, 5, 5, 0),
(1088, 5, 6, 0),
(1089, 5, 7, 1),
(1090, 6, 1, 1),
(1091, 6, 2, 1),
(1092, 6, 3, 1),
(1093, 6, 4, 1),
(1094, 6, 5, 0),
(1095, 6, 6, 0),
(1096, 6, 7, 1),
(1097, 7, 1, 1),
(1098, 7, 2, 1),
(1099, 7, 3, 1),
(1100, 7, 4, 1),
(1101, 7, 5, 0),
(1102, 7, 6, 0),
(1103, 7, 7, 1),
(1104, 8, 1, 1),
(1105, 8, 2, 1),
(1106, 8, 3, 1),
(1107, 8, 4, 1),
(1108, 8, 5, 0),
(1109, 8, 6, 0),
(1110, 8, 7, 1),
(1111, 9, 1, 1),
(1112, 9, 2, 1),
(1113, 9, 3, 1),
(1114, 9, 4, 1),
(1115, 9, 5, 0),
(1116, 9, 6, 0),
(1117, 9, 7, 1),
(1118, 10, 1, 1),
(1119, 10, 2, 1),
(1120, 10, 3, 1),
(1121, 10, 4, 1),
(1122, 10, 5, 0),
(1123, 10, 6, 0),
(1124, 10, 7, 1),
(1125, 11, 1, 1),
(1126, 11, 2, 1),
(1127, 11, 3, 1),
(1128, 11, 4, 1),
(1129, 11, 5, 0),
(1130, 11, 6, 0),
(1131, 11, 7, 1),
(1132, 12, 1, 1),
(1133, 12, 2, 1),
(1134, 12, 3, 1),
(1135, 12, 4, 1),
(1136, 12, 5, 0),
(1137, 12, 6, 0),
(1138, 12, 7, 1),
(1139, 13, 1, 1),
(1140, 13, 2, 1),
(1141, 13, 3, 1),
(1142, 13, 4, 1),
(1143, 13, 5, 0),
(1144, 13, 6, 0),
(1145, 13, 7, 1),
(1146, 14, 1, 1),
(1147, 14, 2, 1),
(1148, 14, 3, 1),
(1149, 14, 4, 1),
(1150, 14, 5, 0),
(1151, 14, 6, 0),
(1152, 14, 7, 1),
(1153, 15, 1, 1),
(1154, 15, 2, 1),
(1155, 15, 3, 1),
(1156, 15, 4, 1),
(1157, 15, 5, 0),
(1158, 15, 6, 0),
(1159, 15, 7, 1),
(1160, 16, 1, 1),
(1161, 16, 2, 1),
(1162, 16, 3, 1),
(1163, 16, 4, 1),
(1164, 16, 5, 0),
(1165, 16, 6, 0),
(1166, 16, 7, 1),
(1167, 17, 1, 1),
(1168, 17, 2, 1),
(1169, 17, 3, 1),
(1170, 17, 4, 1),
(1171, 17, 5, 0),
(1172, 17, 6, 0),
(1173, 17, 7, 1),
(1174, 18, 1, 1),
(1175, 18, 2, 1),
(1176, 18, 3, 1),
(1177, 18, 4, 1),
(1178, 18, 5, 0),
(1179, 18, 6, 0),
(1180, 18, 7, 1),
(1181, 19, 1, 1),
(1182, 19, 2, 1),
(1183, 19, 3, 1),
(1184, 19, 4, 1),
(1185, 19, 5, 0),
(1186, 19, 6, 0),
(1187, 19, 7, 1),
(1188, 20, 1, 1),
(1189, 20, 2, 1),
(1190, 20, 3, 1),
(1191, 20, 4, 1),
(1192, 20, 5, 0),
(1193, 20, 6, 0),
(1194, 20, 7, 1),
(1195, 21, 1, 1),
(1196, 21, 2, 1),
(1197, 21, 3, 1),
(1198, 21, 4, 1),
(1199, 21, 5, 0),
(1200, 21, 6, 0),
(1201, 21, 7, 1),
(1202, 22, 1, 1),
(1203, 22, 2, 1),
(1204, 22, 3, 1),
(1205, 22, 4, 1),
(1206, 22, 5, 0),
(1207, 22, 6, 0),
(1208, 22, 7, 1),
(1209, 23, 1, 1),
(1210, 23, 2, 1),
(1211, 23, 3, 1),
(1212, 23, 4, 1),
(1213, 23, 5, 0),
(1214, 23, 6, 0),
(1215, 23, 7, 1),
(1216, 24, 1, 1),
(1217, 24, 2, 1),
(1218, 24, 3, 1),
(1219, 24, 4, 1),
(1220, 24, 5, 0),
(1221, 24, 6, 0),
(1222, 24, 7, 1),
(1223, 25, 1, 1),
(1224, 25, 2, 1),
(1225, 25, 3, 1),
(1226, 25, 4, 1),
(1227, 25, 5, 0),
(1228, 25, 6, 0),
(1229, 25, 7, 1),
(1230, 26, 1, 1),
(1231, 26, 2, 1),
(1232, 26, 3, 1),
(1233, 26, 4, 1),
(1234, 26, 5, 0),
(1235, 26, 6, 0),
(1236, 26, 7, 1),
(1237, 27, 1, 1),
(1238, 27, 2, 1),
(1239, 27, 3, 1),
(1240, 27, 4, 1),
(1241, 27, 5, 0),
(1242, 27, 6, 0),
(1243, 27, 7, 1),
(1244, 28, 1, 1),
(1245, 28, 2, 1),
(1246, 28, 3, 1),
(1247, 28, 4, 1),
(1248, 28, 5, 0),
(1249, 28, 6, 0),
(1250, 28, 7, 1),
(1251, 29, 1, 1),
(1252, 29, 2, 1),
(1253, 29, 3, 1),
(1254, 29, 4, 1),
(1255, 29, 5, 0),
(1256, 29, 6, 0),
(1257, 29, 7, 1),
(1258, 30, 1, 1),
(1259, 30, 2, 1),
(1260, 30, 3, 1),
(1261, 30, 4, 1),
(1262, 30, 5, 0),
(1263, 30, 6, 0),
(1264, 30, 7, 1),
(1265, 31, 1, 1),
(1266, 31, 2, 1),
(1267, 31, 3, 1),
(1268, 31, 4, 1),
(1269, 31, 5, 0),
(1270, 31, 6, 0),
(1271, 31, 7, 1),
(1272, 32, 1, 1),
(1273, 32, 2, 1),
(1274, 32, 3, 1),
(1275, 32, 4, 1),
(1276, 32, 5, 0),
(1277, 32, 6, 0),
(1278, 32, 7, 1),
(1279, 33, 1, 1),
(1280, 33, 2, 1),
(1281, 33, 3, 1),
(1282, 33, 4, 1),
(1283, 33, 5, 0),
(1284, 33, 6, 0),
(1285, 33, 7, 1),
(1286, 34, 1, 1),
(1287, 34, 2, 1),
(1288, 34, 3, 1),
(1289, 34, 4, 1),
(1290, 34, 5, 0),
(1291, 34, 6, 0),
(1292, 34, 7, 1),
(1293, 35, 1, 1),
(1294, 35, 2, 1),
(1295, 35, 3, 1),
(1296, 35, 4, 1),
(1297, 35, 5, 0),
(1298, 35, 6, 0),
(1299, 35, 7, 1),
(1300, 36, 1, 1),
(1301, 36, 2, 1),
(1302, 36, 3, 1),
(1303, 36, 4, 1),
(1304, 36, 5, 0),
(1305, 36, 6, 0),
(1306, 36, 7, 1),
(1307, 37, 1, 1),
(1308, 37, 2, 1),
(1309, 37, 3, 1),
(1310, 37, 4, 1),
(1311, 37, 5, 0),
(1312, 37, 6, 0),
(1313, 37, 7, 1),
(1314, 38, 1, 1),
(1315, 38, 2, 1),
(1316, 38, 3, 1),
(1317, 38, 4, 1),
(1318, 38, 5, 0),
(1319, 38, 6, 0),
(1320, 38, 7, 1),
(1321, 39, 1, 1),
(1322, 39, 2, 1),
(1323, 39, 3, 1),
(1324, 39, 4, 1),
(1325, 39, 5, 0),
(1326, 39, 6, 0),
(1327, 39, 7, 1),
(1328, 40, 1, 1),
(1329, 40, 2, 1),
(1330, 40, 3, 1),
(1331, 40, 4, 1),
(1332, 40, 5, 0),
(1333, 40, 6, 0),
(1334, 40, 7, 1),
(1335, 41, 1, 1),
(1336, 41, 2, 1),
(1337, 41, 3, 1),
(1338, 41, 4, 1),
(1339, 41, 5, 0),
(1340, 41, 6, 0),
(1341, 41, 7, 1),
(1342, 42, 1, 1),
(1343, 42, 2, 1),
(1344, 42, 3, 1),
(1345, 42, 4, 1),
(1346, 42, 5, 0),
(1347, 42, 6, 0),
(1348, 42, 7, 1),
(1349, 43, 1, 1),
(1350, 43, 2, 1),
(1351, 43, 3, 1),
(1352, 43, 4, 1),
(1353, 43, 5, 0),
(1354, 43, 6, 0),
(1355, 43, 7, 1),
(1356, 44, 1, 1),
(1357, 44, 2, 1),
(1358, 44, 3, 1),
(1359, 44, 4, 1),
(1360, 44, 5, 0),
(1361, 44, 6, 0),
(1362, 44, 7, 1),
(1363, 45, 1, 1),
(1364, 45, 2, 1),
(1365, 45, 3, 1),
(1366, 45, 4, 1),
(1367, 45, 5, 0),
(1368, 45, 6, 0),
(1369, 45, 7, 1),
(1370, 46, 1, 1),
(1371, 46, 2, 1),
(1372, 46, 3, 1),
(1373, 46, 4, 1),
(1374, 46, 5, 0),
(1375, 46, 6, 0),
(1376, 46, 7, 1),
(1377, 47, 1, 1),
(1378, 47, 2, 1),
(1379, 47, 3, 1),
(1380, 47, 4, 1),
(1381, 47, 5, 0),
(1382, 47, 6, 0),
(1383, 47, 7, 1),
(1384, 48, 1, 1),
(1385, 48, 2, 1),
(1386, 48, 3, 1),
(1387, 48, 4, 1),
(1388, 48, 5, 0),
(1389, 48, 6, 0),
(1390, 48, 7, 1),
(1391, 49, 1, 1),
(1392, 49, 2, 1),
(1393, 49, 3, 1),
(1394, 49, 4, 1),
(1395, 49, 5, 0),
(1396, 49, 6, 0),
(1397, 49, 7, 1),
(1398, 50, 1, 1),
(1399, 50, 2, 1),
(1400, 50, 3, 1),
(1401, 50, 4, 1),
(1402, 50, 5, 0),
(1403, 50, 6, 0),
(1404, 50, 7, 1),
(1405, 51, 1, 1),
(1406, 51, 2, 1),
(1407, 51, 3, 1),
(1408, 51, 4, 1),
(1409, 51, 5, 0),
(1410, 51, 6, 0),
(1411, 51, 7, 1),
(1412, 52, 1, 1),
(1413, 52, 2, 1),
(1414, 52, 3, 1),
(1415, 52, 4, 1),
(1416, 52, 5, 0),
(1417, 52, 6, 0),
(1418, 52, 7, 1),
(1419, 53, 1, 1),
(1420, 53, 2, 1),
(1421, 53, 3, 1),
(1422, 53, 4, 1),
(1423, 53, 5, 0),
(1424, 53, 6, 0),
(1425, 53, 7, 1),
(1426, 54, 1, 1),
(1427, 54, 2, 1),
(1428, 54, 3, 1),
(1429, 54, 4, 1),
(1430, 54, 5, 0),
(1431, 54, 6, 0),
(1432, 54, 7, 1),
(1433, 55, 1, 1),
(1434, 55, 2, 1),
(1435, 55, 3, 1),
(1436, 55, 4, 1),
(1437, 55, 5, 0),
(1438, 55, 6, 0),
(1439, 55, 7, 1),
(1440, 56, 1, 1),
(1441, 56, 2, 1),
(1442, 56, 3, 1),
(1443, 56, 4, 1),
(1444, 56, 5, 0),
(1445, 56, 6, 0),
(1446, 56, 7, 1),
(1447, 57, 1, 1),
(1448, 57, 2, 1),
(1449, 57, 3, 1),
(1450, 57, 4, 1),
(1451, 57, 5, 0),
(1452, 57, 6, 0),
(1453, 57, 7, 1),
(1454, 58, 1, 1),
(1455, 58, 2, 1),
(1456, 58, 3, 1),
(1457, 58, 4, 1),
(1458, 58, 5, 0),
(1459, 58, 6, 0),
(1460, 58, 7, 1),
(1461, 59, 1, 1),
(1462, 59, 2, 1),
(1463, 59, 3, 1),
(1464, 59, 4, 1),
(1465, 59, 5, 0),
(1466, 59, 6, 0),
(1467, 59, 7, 1),
(1468, 60, 1, 1),
(1469, 60, 2, 1),
(1470, 60, 3, 1),
(1471, 60, 4, 1),
(1472, 60, 5, 0),
(1473, 60, 6, 0),
(1474, 60, 7, 1);

-- --------------------------------------------------------

--
-- Table structure for table `rider_profile`
--

CREATE TABLE `rider_profile` (
  `rpID` int(11) NOT NULL,
  `rID` int(11) NOT NULL,
  `rpPhone` varchar(45) DEFAULT NULL,
  `rImage` varchar(100) NOT NULL,
  `rpAddress` varchar(200) NOT NULL
) ENGINE=InnoDB DEFAULT CHARSET=utf8;

--
-- Dumping data for table `rider_profile`
--

INSERT INTO `rider_profile` (`rpID`, `rID`, `rpPhone`, `rImage`, `rpAddress`) VALUES
(1, 1, NULL, '44f1be5cebf13f270f399c0dbea754e8.png', ''),
(2, 2, NULL, '', ''),
(3, 3, NULL, '', ''),
(4, 4, NULL, '', ''),
(5, 5, NULL, '', ''),
(6, 6, NULL, '', ''),
(7, 7, NULL, '', ''),
(8, 8, NULL, '', ''),
(9, 9, NULL, '', ''),
(10, 10, NULL, '', ''),
(11, 11, NULL, '', ''),
(12, 12, NULL, '', ''),
(13, 13, NULL, '', ''),
(14, 14, NULL, '', ''),
(15, 15, NULL, '', ''),
(16, 16, '0778989900', '', ''),
(17, 17, NULL, '', ''),
(18, 18, '0771999999', '', '997/36, Park Lane, Welikada Rajagiriya, Colombo 10100'),
(19, 19, NULL, '', ''),
(20, 20, NULL, '', ''),
(21, 21, NULL, '', ''),
(22, 22, '94771234567', '', 'Davidson Road, Colombo 4'),
(23, 23, NULL, '', ''),
(24, 24, '94771234567', '', 'Colombo 4'),
(25, 25, NULL, '', ''),
(26, 26, NULL, '', ''),
(27, 27, NULL, '', ''),
(28, 28, '0778989900', '', 'colombo 5'),
(29, 29, NULL, '', ''),
(30, 30, '0778989900', '4680a85da8de456d57ae193442619d33.jpg', 'Colombo 08'),
(31, 31, NULL, '', ''),
(32, 32, '94710710917', '7addffcafad2cc9e09376f9918f3314b.jpg', 'no 8. bkef.svv  address'),
(33, 33, NULL, '', ''),
(34, 34, NULL, '', ''),
(35, 35, NULL, '', ''),
(36, 36, '+94779651926', 'e4f3a51bff5c23da575a71cc5e76132e.jpg', 'Test'),
(37, 37, NULL, '', ''),
(38, 38, NULL, '', ''),
(39, 39, '+94718640619', '', 'Rajagiriya, Colombo'),
(40, 40, NULL, '', ''),
(41, 41, NULL, '', ''),
(42, 42, NULL, '', ''),
(43, 43, '+94718640619', '4721082339024b9a4cd1d62aff5aae41.jpg', ''),
(44, 44, NULL, '', ''),
(45, 45, NULL, '', ''),
(46, 46, NULL, '', ''),
(47, 47, NULL, '', ''),
(48, 48, NULL, '', ''),
(49, 49, NULL, '', ''),
(50, 50, NULL, '', ''),
(51, 51, NULL, '', ''),
(52, 52, NULL, '', ''),
(53, 53, NULL, '', ''),
(54, 54, NULL, '', ''),
(55, 55, NULL, '', ''),
(56, 56, NULL, '', ''),
(57, 57, NULL, '', ''),
(58, 58, '+94718640619', '', ''),
(59, 59, NULL, '', ''),
(60, 60, NULL, '', '');

-- --------------------------------------------------------

--
-- Table structure for table `rider_promotion`
--

CREATE TABLE `rider_promotion` (
  `id` int(11) NOT NULL,
  `title` varchar(255) NOT NULL,
  `description` text NOT NULL,
  `image` text NOT NULL,
  `status` int(11) NOT NULL COMMENT '0-inactive   1-active',
  `date` datetime NOT NULL,
  `startDate` datetime NOT NULL,
  `endDate` datetime NOT NULL
) ENGINE=InnoDB DEFAULT CHARSET=latin1;

--
-- Dumping data for table `rider_promotion`
--

INSERT INTO `rider_promotion` (`id`, `title`, `description`, `image`, `status`, `date`, `startDate`, `endDate`) VALUES
(1, 'test promotion 1', 'test promotion AAAAAAAAAAAAAAA', 'uploads/promotion/1.jpg', 1, '2017-12-07 00:00:00', '2017-12-07 00:00:00', '2017-12-07 00:00:00'),
(2, 'test promotion 2', 'test promotion BBBBBBBBBBBBB', 'uploads/promotion/2.gif', 1, '2017-12-07 00:00:00', '2017-12-07 00:00:00', '2017-12-07 00:00:00'),
(3, 'test promotion 3', 'test promotion CCCCCCCCCCCCCCCCCC', 'uploads/promotion/1.jpg', 1, '2017-12-07 00:00:00', '2017-12-07 00:00:00', '2017-12-07 00:00:00');

-- --------------------------------------------------------

--
-- Table structure for table `rider_review`
--

CREATE TABLE `rider_review` (
  `reID` int(11) NOT NULL,
  `rID` int(11) NOT NULL,
  `reRate` double NOT NULL,
  `reComment` varchar(200) DEFAULT NULL,
  `reStatus` int(11) NOT NULL,
  `reUserId` varchar(45) DEFAULT NULL,
  `riderTripId` int(11) DEFAULT NULL
) ENGINE=InnoDB DEFAULT CHARSET=utf8;

--
-- Dumping data for table `rider_review`
--

INSERT INTO `rider_review` (`reID`, `rID`, `reRate`, `reComment`, `reStatus`, `reUserId`, `riderTripId`) VALUES
(1, 15, 4, 'good Driver', 0, NULL, NULL),
(2, 24, 3, 'good Driver', 0, '2', NULL),
(3, 38, 5, '', 0, '638', NULL),
(4, 32, 5, '', 0, '635', NULL),
(5, 32, 4, '', 0, '635', 0),
(6, 32, 4, '', 0, '635', 0),
(7, 32, 4, '', 0, '635', 0),
(8, 32, 5, '', 0, '635', 443),
(9, 32, 3, '', 0, '635', 0),
(10, 32, 4, '', 0, '635', 0),
(11, 32, 3, '', 0, '635', 0),
(12, 32, 3, '', 0, '635', 0),
(13, 32, 4, '', 0, '635', 0),
(14, 32, 3, '', 0, '635', 0),
(15, 32, 4, '', 0, '635', 0),
(16, 32, 3, '', 0, '635', 0),
(17, 32, 4, 'good Driver', 0, '635', 620),
(18, 2, 4, 'good Driver', 0, '589', 620),
(19, 32, 3, '', 0, '635', 621),
(20, 32, 3, '', 0, '635', 639),
(21, 32, 2, '', 0, '635', 640),
(22, 32, 1, '', 0, '635', 641),
(23, 32, 1, '', 0, '635', 643),
(24, 32, 5, '', 0, '635', 644),
(25, 32, 4, '', 0, '635', 653),
(26, 32, 1, '', 0, '635', 654),
(27, 32, 1, '', 0, '635', 655),
(28, 32, 1, '', 0, '635', 657),
(29, 32, 2, '', 0, '635', 667),
(30, 32, 1, '', 0, '635', 679),
(31, 32, 3, '', 0, '635', 688),
(32, 32, 1, '', 0, '635', 706),
(33, 32, 1, '', 0, '635', 721),
(34, 32, 1, '', 0, '635', 728),
(35, 32, 1, '', 0, '635', 729),
(36, 32, 1, '', 0, '635', 736),
(37, 32, 5, '', 0, '635', 757),
(38, 32, 1, '', 0, '635', 759),
(39, 32, 1, '', 0, '635', 760),
(40, 32, 2, '', 0, '635', 761),
(41, 32, 1, '', 0, '635', 769),
(42, 32, 1, '', 0, '635', 770),
(43, 32, 2, '', 0, '635', 773),
(44, 32, 3, '', 0, '635', 779),
(45, 32, 4, '', 0, '635', 780),
(46, 32, 2, '', 0, '635', 781),
(47, 32, 5, '', 0, '635', 782),
(48, 32, 5, '', 0, '635', 783),
(49, 32, 5, '', 0, '635', 784),
(50, 32, 5, '', 0, '635', 785),
(51, 32, 5, '', 0, '635', 786),
(52, 32, 5, '', 0, '635', 787),
(53, 32, 5, '', 0, '635', 788),
(54, 32, 5, '', 0, '635', 789),
(55, 32, 5, '', 0, '635', 792),
(56, 43, 5, '', 0, '638', 872),
(57, 43, 5, '', 0, '638', 873),
(58, 43, 5, '', 0, '638', 874),
(59, 43, 5, '', 0, '638', 875),
(60, 32, 5, '', 0, '638', 885),
(61, 32, 2, '', 0, '638', 889);

-- --------------------------------------------------------

--
-- Table structure for table `rider_type`
--

CREATE TABLE `rider_type` (
  `rtID` int(11) NOT NULL,
  `rType` varchar(45) NOT NULL
) ENGINE=InnoDB DEFAULT CHARSET=utf8;

--
-- Dumping data for table `rider_type`
--

INSERT INTO `rider_type` (`rtID`, `rType`) VALUES
(1, 'Normal');

-- --------------------------------------------------------

--
-- Table structure for table `ride_history`
--

CREATE TABLE `ride_history` (
  `tripID` int(11) NOT NULL,
  `roomID` varchar(100) NOT NULL,
  `rID` int(11) NOT NULL,
  `uID` int(11) NOT NULL,
  `riderName` varchar(45) NOT NULL,
  `riderImage` varchar(200) NOT NULL,
  `ratingParticularTrip` varchar(11) NOT NULL,
  `pickupLocationName` varchar(200) NOT NULL,
  `pickupLocationLatitude` varchar(200) NOT NULL,
  `pickupLocationLongitude` varchar(200) NOT NULL,
  `dropLocationName` varchar(200) NOT NULL,
  `dropLocationLatitude` varchar(200) NOT NULL,
  `dropLocationLongitude` varchar(200) NOT NULL,
  `totalDistance` varchar(200) NOT NULL,
  `totalAmount` varchar(200) NOT NULL,
  `totalWaitingTime` varchar(200) NOT NULL,
  `totalRideTime` varchar(200) NOT NULL,
  `tSatus` int(11) DEFAULT NULL COMMENT '1 -  Rider Accept, 2 - On Ride, 3 - End Ride, 4 - Cancelled ',
  `cancelledReason` varchar(200) NOT NULL,
  `rideDate` datetime NOT NULL,
  `rideStartTime` datetime DEFAULT NULL,
  `rideEndTime` datetime DEFAULT NULL,
  `ridePromoCodeId` varchar(20) DEFAULT NULL,
  `rideAmount` varchar(20) DEFAULT NULL
) ENGINE=MyISAM DEFAULT CHARSET=latin1;

--
-- Dumping data for table `ride_history`
--

INSERT INTO `ride_history` (`tripID`, `roomID`, `rID`, `uID`, `riderName`, `riderImage`, `ratingParticularTrip`, `pickupLocationName`, `pickupLocationLatitude`, `pickupLocationLongitude`, `dropLocationName`, `dropLocationLatitude`, `dropLocationLongitude`, `totalDistance`, `totalAmount`, `totalWaitingTime`, `totalRideTime`, `tSatus`, `cancelledReason`, `rideDate`, `rideStartTime`, `rideEndTime`, `ridePromoCodeId`, `rideAmount`) VALUES
(45, 'e5b59f17-d267-4840-abc7-9bd9ecc9f8fd', 24, 589, '', '', '', 'Deshabandu P S Perera Mawatha', '6.94', '79.90000000000001', '', '0', '79.90000000000001', '10.65554584389008', '20', '0', '427', 4, 'Rider getting late', '2017-11-21 17:47:21', NULL, NULL, NULL, NULL),
(47, 'da5da70c-6c74-46f4-ac8c-58eb97ddd62f', 23, 589, '', '', '', 'Park Lane', '6.908270213759419', '79.89779979929318', '', '0', '0', '10.8', '450', '12', '23', 4, 'Rider getting late', '2017-12-06 17:47:21', NULL, NULL, NULL, NULL),
(48, 'adee4b67-d57b-4244-a2a0-474d1d2db7b1', 23, 589, '', '', '', 'Park Lane', '6.908263717784461', '79.89772603854527', 'Colombo 03', '6.900996', '79.8548823', '11.6', '520', '15', '222', 4, 'Rider getting late', '2017-12-06 17:47:21', NULL, NULL, NULL, NULL),
(49, '458b7fe7-57ee-4ca9-8c47-cf6757e6ad93', 23, 589, '', '', '', 'Park Lane', '6.908253324224528', '79.89773659974327', 'Colombo 03', '6.900996', '79.8548823', '12.6', '650.50', '16', '222', 4, 'Rider getting late', '2017-12-06 17:47:21', NULL, NULL, NULL, NULL),
(52, 'd1a7c7fd-7bdb-46f7-a41a-44c65e77f549', 24, 589, '', '', '', 'Park Lane', '6.908200769691642', '79.89790457308283', '', '0', '0', '24.61299103589181', '20', '0', '10', 4, 'Rider getting late', '2017-11-28 10:38:49', NULL, NULL, NULL, NULL),
(53, 'ff4b632f-7b08-46da-a9c9-7ea016835c0b', 38, 638, '', '', '', 'Park Lane', '6.908219377516683', '79.89782787866881', 'Kollupitiya', '6.900996', '79.8548823', '0', '20', '0', '9', 3, '', '2017-11-28 13:34:53', NULL, NULL, NULL, NULL),
(54, '10d79848-a055-4a15-8a18-ef5658506d50', 38, 638, '', '', '', 'Park Lane', '6.908246316369845', '79.89783967430232', '', '0', '0', '5.091471158346915', '20', '0', '3', 3, '', '2017-11-28 13:44:16', NULL, NULL, NULL, NULL),
(55, 'dc829b18-ab56-4102-a0ac-e5df81b40c6e', 38, 638, '', '', '', 'Park Lane', '6.9082499582838', '79.89784109866709', 'Kollupitiya', '6.900996', '79.8548823', '7.436096153141809', '20', '0', '2', 3, '', '2017-11-28 13:54:32', NULL, NULL, NULL, NULL),
(56, 'dc829b18-ab56-4102-a0ac-e5df81b40c6e', 38, 638, '', '', '', 'Park Lane', '6.908383894476446', '79.89822354658527', '1st Lane', '6.913184052140458', '79.90002896636724', '7.436096153141809', '20', '0', '2', 3, '', '2017-11-28 13:55:36', NULL, NULL, NULL, NULL),
(57, 'dc829b18-ab56-4102-a0ac-e5df81b40c6e', 38, 638, '', '', '', 'Park Lane', '6.90829739199074', '79.89783292784827', '', '0', '0', '7.436096153141809', '20', '0', '2', 3, '', '2017-12-05 13:58:14', NULL, NULL, NULL, NULL),
(58, 'e98c0c8c-4ace-46ff-bdf0-0da6879a9dae', 38, 638, '', '', '', 'Park Lane', '6.908246343376886', '79.89784008002371', '', '0', '0', '', '', '', '', 4, 'Rider getting late', '2017-11-28 14:10:46', NULL, NULL, NULL, NULL),
(59, '4f0ac0d3-bb9c-4d02-968b-bb1c42d689a4', 38, 638, '', '', '', 'Park Lane', '6.908246318997276', '79.89783973310043', 'Kollupitiya', '6.900996', '79.8548823', '', '', '', '', 4, 'Rider getting late', '2017-11-28 14:14:08', NULL, NULL, NULL, NULL),
(60, '2bd36cc6-5158-48d6-852a-194a7e2ae387', 38, 638, '', '', '', 'Park Lane', '6.908246318997276', '79.89783973310043', 'Kollupitiya', '6.900996', '79.8548823', '', '', '', '', 4, 'Rider getting late', '2017-11-28 14:14:59', NULL, NULL, NULL, NULL),
(61, '2bd36cc6-5158-48d6-852a-194a7e2ae387', 38, 638, '', '', '', 'Park Lane', '6.908246343376886', '79.89784008002371', '', '0', '0', '', '', '', '', 4, 'Rider getting late', '2017-11-28 14:15:04', NULL, NULL, NULL, NULL),
(62, '2bd36cc6-5158-48d6-852a-194a7e2ae387', 38, 638, '', '', '', 'Park Lane', '6.908246318997276', '79.89783973310043', 'Kollupitiya', '6.900996', '79.8548823', '', '', '', '', 4, 'Rider getting late', '2017-11-28 14:15:04', NULL, NULL, NULL, NULL),
(63, '2bd36cc6-5158-48d6-852a-194a7e2ae387', 38, 638, '', '', '', 'Park Lane', '6.908246318997276', '79.89783973310043', 'Kollupitiya', '6.900996', '79.8548823', '', '', '', '', 4, 'Rider getting late', '2017-11-28 14:15:07', NULL, NULL, NULL, NULL),
(64, '2bd36cc6-5158-48d6-852a-194a7e2ae387', 38, 638, '', '', '', 'Park Lane', '6.908246318997276', '79.89783973310043', 'Kollupitiya', '6.900996', '79.8548823', '', '', '', '', 4, 'Rider getting late', '2017-11-28 14:15:09', NULL, NULL, NULL, NULL),
(65, '2bd36cc6-5158-48d6-852a-194a7e2ae387', 38, 638, '', '', '', 'Park Lane', '6.908246318997276', '79.89783973310043', 'Kollupitiya', '6.900996', '79.8548823', '', '', '', '', 4, 'Rider getting late', '2017-11-28 14:15:09', NULL, NULL, NULL, NULL),
(66, 'c90f2045-084d-49cd-850a-599d7cda1c2a', 38, 638, '', '', '', 'Park Lane', '6.908246318997276', '79.89783973310043', 'Kollupitiya', '6.900996', '79.8548823', '0', '20', '0', '6', 3, '', '2017-11-28 14:15:37', NULL, NULL, NULL, NULL),
(67, 'bdc2050b-ba17-48f3-ab4a-1f37c6d6fcb4', 38, 638, '', '', '', 'Park Lane', '6.908246318997276', '79.89783973310043', 'Kollupitiya', '6.900996', '79.8548823', '', '', '', '', 4, 'Rider getting late', '2017-11-28 14:16:31', NULL, NULL, NULL, NULL),
(68, 'bdc2050b-ba17-48f3-ab4a-1f37c6d6fcb4', 38, 638, '', '', '', 'Park Lane', '6.908246318997276', '79.89783973310043', 'Kollupitiya', '6.900996', '79.8548823', '', '', '', '', 4, 'Rider getting late', '2017-11-28 14:16:42', NULL, NULL, NULL, NULL),
(69, 'a54d39e5-0408-4c74-9078-7bd6ab890739', 38, 638, '', '', '', 'Park Lane', '6.908246318997276', '79.89783973310043', 'Kollupitiya', '6.900996', '79.8548823', '5.058656513945187', '20', '0', '9', 3, '', '2017-11-28 14:16:59', NULL, NULL, NULL, NULL),
(70, 'ae053ccd-ffef-43f9-af58-83355ce2a474', 38, 638, '', '', '', 'Park Lane', '6.908251102729589', '79.8978338657263', '', '0', '0', '', '', '', '', 4, 'Rider getting late', '2017-11-28 14:19:38', NULL, NULL, NULL, NULL),
(71, 'aae1795e-c758-4e1b-932d-d4dac1066f77', 38, 638, '', '', '', 'Park Lane', '6.908251102729589', '79.8978338657263', '', '0', '0', '', '', '', '', 4, 'Rider getting late', '2017-11-28 14:20:17', NULL, NULL, NULL, NULL),
(72, '2b00f644-1748-4182-bb9d-bfde1fda18a1', 38, 638, '', '', '', 'Park Lane', '6.908246325214216', '79.89783994155124', 'Kollupitiya', '6.900996', '79.8548823', '8.092261313045864', '20', '0', '8', 3, '', '2017-11-28 14:21:56', NULL, NULL, NULL, NULL),
(73, '97062c6b-3cb5-4024-a223-b17630fdf486', 38, 638, '', '', '', 'Park Lane', '6.908246323445', '79.89783997900332', '', '0', '0', '0', '20', '0', '21', 4, 'Rider getting late', '2017-11-28 14:24:30', NULL, NULL, NULL, NULL),
(74, '97062c6b-3cb5-4024-a223-b17630fdf486', 38, 638, '', '', '', 'Park Lane', '6.908246323445', '79.89783997900332', 'Kollupitiya', '6.900996', '79.8548823', '', '', '', '', 4, 'Rider getting late', '2017-11-28 14:25:34', NULL, NULL, NULL, NULL),
(75, '2f3bbc64-7ed1-4759-a758-558d4cec4a29', 38, 638, '', '', '', 'Park Lane', '6.908246576912862', '79.89784277373396', 'Kollupitiya', '6.900996', '79.8548823', '0', '20', '0', '38', 3, '', '2017-11-28 14:28:53', NULL, NULL, NULL, NULL),
(76, '2f3bbc64-7ed1-4759-a758-558d4cec4a29', 38, 638, '', '', '', 'Park Lane', '6.908246576912862', '79.89784277373396', 'Pawulis Appuhami Mawatha', '6.909093115703991', '79.8993906006217', '0', '20', '0', '38', 3, '', '2017-11-28 14:29:28', NULL, NULL, NULL, NULL),
(77, '0eb5791a-8836-4e1c-91ba-98481f37e5e7', 38, 638, '', '', '', 'Park Lane', '6.908219419426199', '79.89783005796363', '218 Cotta Road', '6.9119305804638', '79.88579649478197', '6.862191860586336', '20', '0', '12', 3, '', '2017-11-28 14:39:13', NULL, NULL, NULL, NULL),
(78, '5ab304e0-008b-427d-8f9e-a4d7e771d471', 38, 638, '', '', '', 'Park Lane', '6.908245913310206', '79.89783846700836', '', '0', '0', '0', '20', '0', '6', 3, '', '2017-11-28 14:45:09', NULL, NULL, NULL, NULL),
(79, 'b3379ddd-4c3b-42ed-916c-7e8b50e75091', 38, 638, '', '', '', 'Park Lane', '6.908245913310206', '79.89783846700836', 'Battaramulla', '6.8979941', '79.9222869', '7.519217343815986', '20', '0', '1', 4, 'Rider getting late', '2017-11-28 14:51:09', NULL, NULL, NULL, NULL),
(80, '76f3efa4-19e6-4618-8f5b-a55915bf5dc1', 38, 589, '', '', '', 'Park Lane', '6.908261328942057', '79.89778772935261', 'Kollupitiya', '6.900996', '79.8548823', '70.71901719808437', '20', '0', '1', 3, '', '2017-11-28 15:05:29', NULL, NULL, NULL, NULL),
(81, '978a9dfa-50d7-4c14-852d-1efe0e5449b4', 38, 589, '', '', '', 'Park Lane', '6.908205924562092', '79.897812539786', 'Sri Jayawardenepura Mawatha', '6.908448401395477', '79.89854637533426', '', '', '', '', 4, 'Rider getting late', '2017-11-28 15:14:31', NULL, NULL, NULL, NULL),
(82, '9961fa9d-39c6-432f-a5a4-d4731bf5bd39', 24, 589, '', '', '', 'Park Lane', '6.908250406503932', '79.89783315015271', 'Kollupitiya', '6.900996', '79.8548823', '', '', '', '', 4, 'Rider getting late', '2017-11-28 16:15:42', NULL, NULL, NULL, NULL),
(83, '03d9e59c-11f1-4647-b5af-cb452e22fee3', 24, 642, '', '', '', 'Park Lane', '6.908191298141058', '79.89784950397899', '', '0', '0', '', '', '', '', 4, 'Rider getting late', '2017-11-29 14:25:27', NULL, NULL, NULL, NULL),
(84, '083351cd-048d-4585-a02b-b16b0f3973cb', 36, 589, '', '', '', 'Malalasekara Mawatha', '6.897636079675305', '79.87256010606124', 'Lotus Road', '6.934221600000001', '79.84505879999999', '', '', '', '', 4, 'Rider getting late', '2017-11-30 11:37:06', NULL, NULL, NULL, NULL),
(85, '638046d0-f57f-46e7-a5cf-9593d4f9d3c7', 36, 635, '', '', '', 'Park Lane', '6.9082272', '79.8978188', '', '0.0', '0.0', '', '', '', '', 3, '', '2017-12-04 14:03:00', NULL, NULL, NULL, NULL),
(86, '432d1166-bbd6-4b85-b665-6148435d2103', 36, 642, '', '', '', 'Park Lane', '6.90818358679014', '79.89783634439101', '', '0', '0', '', '', '', '', 4, 'Rider getting late', '2017-12-04 14:03:44', NULL, NULL, NULL, NULL),
(87, '829eb818-8b29-4ee5-bf3b-9be62be09329', 36, 642, '', '', '', 'Park Lane', '6.908256886533376', '79.89779326140871', '', '0', '0', '', '', '', '', 4, 'Rider getting late', '2017-12-04 14:27:18', NULL, NULL, NULL, NULL),
(88, '7a689538-d579-41e0-ae18-926593e4f2cf', 36, 642, '', '', '', 'Park Lane', '6.908253240405497', '79.89783483564844', '', '0', '0', '', '', '', '', 4, 'Rider getting late', '2017-12-04 14:30:06', NULL, NULL, NULL, NULL),
(89, '41aa748f-0bb6-4691-ae0b-62c4ece0d4b3', 36, 642, '', '', '', 'Park Lane', '6.908227130777117', '79.89779326140871', '', '0', '0', '', '', '', '', 4, 'Rider getting late', '2017-12-04 14:30:30', NULL, NULL, NULL, NULL),
(90, '1', 24, 574, '', '', '', 'Bamba', '123456', '12345645', 'Kollupity', '2345678', '876543', '12378', '123478', '234', '1234', 3, 'poor', '2017-12-04 16:37:36', NULL, '2017-12-08 16:19:48', NULL, NULL),
(91, '6f40d4a8-486e-4076-a632-42ad966a517f', 32, 635, '', '', '', 'Park Lane', '6.9082371', '79.8978119', '', '0.0', '0.0', '', '', '', '', 3, '', '2017-12-04 16:51:58', NULL, NULL, NULL, NULL),
(92, '1', 24, 574, '', '', '', 'Bamba', '123456', '12345645', 'Kollupity', '2345678', '876543', '12378', '123478', '234', '1234', 3, 'poor', '2017-12-04 16:53:10', NULL, '2017-12-08 16:19:48', NULL, NULL),
(93, 'b4c2291e-9377-4223-a636-d770583f0826', 32, 635, '', '', '', 'Park Lane', '6.9082369', '79.8978122', '', '0.0', '0.0', '', '', '', '', 3, '', '2017-12-04 16:58:05', NULL, NULL, NULL, NULL),
(94, 'b4f159f8-6b81-4f37-9faa-2e2212ee5aa5', 32, 635, '', '', '', 'Park Lane', '6.9082847', '79.8978197', '', '0.0', '0.0', '', '', '', '', 3, '', '2017-12-04 17:00:41', NULL, NULL, NULL, NULL),
(95, '5dd16e8f-488d-4f82-a642-e2a553aa3116', 32, 635, '', '', '', 'Park Lane', '6.9082265', '79.8978028', '', '0.0', '0.0', '', '', '', '', 3, '', '2017-12-04 17:02:09', NULL, NULL, NULL, NULL),
(96, '78c69125-6271-41a8-8123-07e799bd16af', 32, 635, '', '', '', 'Park Lane', '6.9082254', '79.8977977', '', '0.0', '0.0', '', '', '', '', 3, '', '2017-12-04 17:03:43', NULL, NULL, NULL, NULL),
(97, '1000f4f9-7378-45d0-8384-de6dd7baf8e5', 32, 635, '', '', '', 'Park Lane', '6.9082216', '79.8978379', '', '0.0', '0.0', '', '', '', '', 3, '', '2017-12-04 17:06:00', NULL, NULL, NULL, NULL),
(98, '697e3022-ece4-4623-b38b-09882f5da64a', 32, 635, '', '', '', 'Park Lane', '6.9082309', '79.8978339', '', '0.0', '0.0', '', '', '', '', 3, '', '2017-12-04 17:06:40', NULL, NULL, NULL, NULL),
(99, '6065b904-21fc-4990-880d-d90e36b82cd3', 32, 635, '', '', '', 'Park Lane', '6.9082408', '79.8977985', '', '0.0', '0.0', '', '', '', '', 3, '', '2017-12-04 17:27:09', NULL, NULL, NULL, NULL),
(100, '4b4970bf-df5d-476b-8890-a59bc5a4e9b1', 32, 635, '', '', '', 'Park Lane', '6.9081557', '79.897697', '', '0.0', '0.0', '', '', '', '', 3, '', '2017-12-04 17:40:23', NULL, NULL, NULL, NULL),
(101, '2e631a81-5afb-4fa0-a29a-c928402f735b', 32, 635, '', '', '', 'Park Lane', '6.9082478', '79.8977455', '', '0.0', '0.0', '', '', '', '', 3, '', '2017-12-04 17:41:21', NULL, NULL, NULL, NULL),
(102, '2e631a81-5afb-4fa0-a29a-c928402f735b', 32, 635, '', '', '', 'Park Lane', '6.9081936', '79.8977399', '', '0.0', '0.0', '', '', '', '', 3, '', '2017-12-04 17:43:11', NULL, NULL, NULL, NULL),
(103, 'dafb5706-16fd-49b7-acb0-6752812cba1f', 32, 635, '', '', '', 'Park Lane', '6.9081936', '79.8977399', '', '0.0', '0.0', '', '', '', '', 3, '', '2017-12-04 17:43:31', NULL, NULL, NULL, NULL),
(104, '14a7c8d1-20df-436f-bffd-94fee00080be', 32, 635, '', '', '', '10 Meda Welikada Rd, Sri Jayawardenepura Kotte', '6.9104524381903065', '79.8973309993744', 'Fort', '6.9365199', '79.84508', '', '', '', '', 3, '', '2017-12-04 17:46:16', NULL, NULL, NULL, NULL),
(105, 'e37a775e-5aa6-4e97-830b-e2c93ab10a25', 32, 635, '', '', '', 'Park Lane', '6.9082329', '79.897796', 'Tangalle', '6.0243383', '80.79407259999999', '', '', '', '', 3, '', '2017-12-04 17:46:53', NULL, NULL, NULL, NULL),
(106, 'da4705c3-99d5-408c-a94b-c7d154d8832a', 32, 635, '', '', '', 'Park Lane', '6.9082525', '79.8978087', '', '0.0', '0.0', '', '', '', '', 3, '', '2017-12-04 17:50:34', NULL, NULL, NULL, NULL),
(107, 'd40c1a9d-b21b-4480-9e4c-f858571b7998', 32, 635, '', '', '', 'Park Lane', '6.9082376', '79.8978033', '', '0.0', '0.0', '', '', '', '', 3, '', '2017-12-04 17:51:12', NULL, NULL, NULL, NULL),
(108, 'c43dd545-4b03-48b3-bc50-5a7cb6699a04', 32, 635, '', '', '', 'Park Lane', '6.9082272', '79.8977988', '', '0.0', '0.0', '', '', '', '', 3, '', '2017-12-04 17:51:58', NULL, NULL, NULL, NULL),
(109, '6d462542-5c07-4fc2-9058-af97fa11dcec', 32, 635, '', '', '', 'Park Lane', '6.9082182', '79.8978136', '', '0.0', '0.0', '', '', '', '', 3, '', '2017-12-04 17:53:25', NULL, NULL, NULL, NULL),
(110, 'f92c499c-c99d-47c7-976e-0983e5e1cb48', 32, 635, '', '', '', 'Park Lane', '6.9082333', '79.8977938', '', '0.0', '0.0', '', '', '', '', 3, '', '2017-12-04 17:54:12', NULL, NULL, NULL, NULL),
(111, 'cd6f26e3-b608-4fa1-8e3b-3873aea1e0b8', 32, 635, '', '', '', 'Park Lane', '6.9082318', '79.897798', '', '0.0', '0.0', '', '', '', '', 3, '', '2017-12-04 17:54:26', NULL, NULL, NULL, NULL),
(112, 'cd6f26e3-b608-4fa1-8e3b-3873aea1e0b8', 32, 635, '', '', '', 'Park Lane', '6.9082264', '79.8978197', '', '0.0', '0.0', '', '', '', '', 3, '', '2017-12-04 18:36:47', NULL, NULL, NULL, NULL),
(113, 'b261e74a-dc71-44a4-b8c4-2603e9dddcf5', 32, 635, '', '', '', 'Park Lane', '6.9082245', '79.8978168', '', '0.0', '0.0', '', '', '', '', 3, '', '2017-12-04 19:01:02', NULL, NULL, NULL, NULL),
(114, 'd00add2e-99d1-4b99-898d-e06c9ebcadd3', 32, 635, '', '', '', 'Borella - Rajagiriya Road', '6.9102370903488195', '79.89423505961895', 'Perera Mawatha', '6.911382726424628', '79.90475300699472', '', '', '', '', 3, '', '2017-12-04 19:01:51', NULL, NULL, NULL, NULL),
(115, 'ce0ab48b-f5a5-4d06-9033-58ba9c07a48b', 32, 635, '', '', '', 'Park Lane', '6.9081908', '79.8978292', '', '0.0', '0.0', '', '', '', '', 3, '', '2017-12-05 10:34:14', NULL, NULL, NULL, NULL),
(116, 'e5ff65ac-be2c-42f5-b356-af48f34b8903', 32, 635, '', '', '', 'Park Lane', '6.9082489', '79.897847', '', '0.0', '0.0', '0.0 Km', 'LKR 20.55', '19', '20', 3, '', '2017-12-05 10:41:50', NULL, NULL, NULL, NULL),
(117, '00872c6c-7826-44c8-8515-e9a10bbe8144', 32, 635, '', '', '', 'Park Lane', '6.9082923', '79.8977434', '', '0.0', '0.0', '0.0 Km', 'LKR 21.45', '48', '51', 3, '', '2017-12-05 10:43:30', NULL, NULL, NULL, NULL),
(118, '60e3e4ae-39f2-4851-af77-d18c4fa7745c', 32, 635, '', '', '', 'Park Lane', '6.9082262', '79.8978197', '', '0.0', '0.0', '0.0 Km', 'LKR 31.65', '3 Minutes', '3 min', 3, '', '2017-12-05 10:47:08', NULL, NULL, NULL, NULL),
(119, '60e3e4ae-39f2-4851-af77-d18c4fa7745c', 32, 635, '', '', '', 'Park Lane', '6.9082475', '79.8978029', '', '0.0', '0.0', '0.0 Km', 'LKR 31.65', '3 Minutes', '3 min', 3, '', '2017-12-05 10:48:48', NULL, NULL, NULL, NULL),
(120, '5445740a-908d-4925-9ec2-ee955c5f78ee', 32, 635, '', '', '', 'Park Lane', '6.9082821', '79.8977821', '', '0.0', '0.0', '0.0 Km', 'LKR 23.05', '1 Minutes', '1 min', 3, '', '2017-12-05 10:59:11', NULL, NULL, NULL, NULL),
(121, '2107253a-8cab-408b-99e7-a1f5baf94e98', 32, 635, '', '', '', 'Park Lane', '6.9082361', '79.8978278', '', '0.0', '0.0', '0.0 Km', 'LKR 20.65', '0 Minutes', '0 min', 3, '', '2017-12-05 11:02:43', NULL, NULL, NULL, NULL),
(122, '12a51171-16ba-4472-8df8-4a1d244f0f9a', 32, 635, '', '', '', 'Sri Jayawardenepura Mawatha', '6.909159018304485', '79.89699907600881', 'Fort', '6.9365199', '79.84508', '', '', '', '', 3, '', '2017-12-05 11:05:01', NULL, NULL, NULL, NULL),
(123, '0a3a3701-16b6-43e5-aa46-0592ef15e209', 32, 635, '', '', '', '18 Rodney Pl, Colombo 00800', '6.913160753440725', '79.88562282174826', 'Fort', '6.9365199', '79.84508', '', '', '', '', 3, '', '2017-12-05 11:06:45', NULL, NULL, NULL, NULL),
(124, '24d3fd3e-05ca-417d-a523-05eda34f72dc', 32, 635, '', '', '', 'Park Lane', '6.908234384009414', '79.89781010895969', 'Fort', '6.9365199', '79.84508', '', '', '', '', 3, '', '2017-12-05 11:09:29', NULL, NULL, NULL, NULL),
(125, '8191b25d-52e1-4f3e-a853-0fc9a1ed625a', 32, 635, '', '', '', '107 Ven. Pelpola Vipassi Nahimi Mawatha, Colombo 00800', '6.909792415051986', '79.88163571804762', 'Fort', '6.9365199', '79.84508', '', '', '', '', 3, '', '2017-12-05 11:14:56', NULL, NULL, NULL, NULL),
(126, '6b24cc47-a4de-457a-bd3a-70b567a03c11', 32, 635, '', '', '', 'Borella - Rajagiriya Road', '6.910097630102389', '79.8946987465024', 'Fort', '6.9365199', '79.84508', '', '', '', '', 3, '', '2017-12-05 11:17:54', NULL, NULL, NULL, NULL),
(127, '60c1370b-d701-4f74-b2a6-17ae54a860f5', 32, 635, '', '', '', 'Cotta Road', '6.909415638949205', '79.8959332332015', 'Fort', '6.9365199', '79.84508', '', '', '', '', 3, '', '2017-12-05 11:19:36', NULL, NULL, NULL, NULL),
(128, 'c2d40bdf-1095-476f-81e0-4dbede8b45da', 32, 635, '', '', '', '562 Welikada Terrace, Sri Jayawardenepura Kotte', '6.9047624959027125', '79.8947473615408', 'Fort', '6.9365199', '79.84508', '0.0 Km', 'LKR 23.70', '1 Minutes', '1 min', 3, '', '2017-12-05 11:22:35', NULL, NULL, NULL, NULL),
(129, 'c2d40bdf-1095-476f-81e0-4dbede8b45da', 32, 635, '', '', '', 'Park Lane', '6.9082779863152055', '79.8971113935113', 'Fort', '6.9365199', '79.84508', '0.0 Km', 'LKR 23.70', '1 Minutes', '1 min', 3, '', '2017-12-05 11:32:18', NULL, NULL, NULL, NULL),
(130, 'aab1cee8-7820-478a-9b1e-34024c58a52e', 32, 635, '', '', '', 'Janadhipathi Vidyala Mawatha', '6.90629956924826', '79.89206045866013', 'Tangalle', '6.0243383', '80.79407259999999', '0.0 Km', 'LKR 114.60', '31 Minutes', '31 min', 3, '', '2017-12-05 11:36:34', NULL, NULL, NULL, NULL),
(131, 'aab1cee8-7820-478a-9b1e-34024c58a52e', 32, 635, '', '', '', 'Park Lane', '6.908227', '79.8978196', 'B335', '6.8482184', '79.92543529999999', '0.0 Km', 'LKR 114.60', '31 Minutes', '31 min', 3, '', '2017-12-05 11:38:29', NULL, NULL, NULL, NULL),
(132, '050bf55b-4114-48c4-b05c-1272b6090a99', 32, 635, '', '', '', 'Park Lane', '6.9082369', '79.897812', '', '0.0', '0.0', '0.0 Km', 'LKR 69.30', '16 Minutes', '16 min', 3, '', '2017-12-05 12:20:18', NULL, NULL, NULL, NULL),
(133, '7f5e2e22-948b-45ad-95e8-0c56779cd32a', 32, 635, '', '', '', 'Park Lane', '6.9082314', '79.8978505', '', '0.0', '0.0', '0.0 Km', 'LKR 20.00', '0 Minutes', '0 min', 3, '', '2017-12-05 12:44:07', NULL, NULL, NULL, NULL),
(134, 'fd0d42f4-779f-45a1-8946-6fa6bb835d4a', 32, 635, '', '', '', 'Park Lane', '6.9082314', '79.8978505', '', '0.0', '0.0', '0.0 Km', 'LKR 20.00', '0 Minutes', '0 min', 3, '', '2017-12-05 12:44:39', NULL, NULL, NULL, NULL),
(135, 'e6a50578-c691-4140-af1e-0263503e5049', 32, 635, '', '', '', 'Park Lane', '6.9082314', '79.8978505', '', '0.0', '0.0', '0.21122736 Km', 'LKR 328.05', '102 Minutes', '105 min', 3, '', '2017-12-05 12:45:00', NULL, NULL, NULL, NULL),
(136, '9d15e5b5-c259-4059-9046-c160082e5061', 32, 635, '', '', '', 'Park Lane', '6.9082266', '79.8978194', '', '0.0', '0.0', '0.0 Km', 'LKR 20.15', '0 Minutes', '0 min', 3, '', '2017-12-05 17:00:25', NULL, NULL, NULL, NULL),
(137, 'e79d24ae-ddbc-40d2-8109-e96d7c69984d', 32, 635, '', '', '', 'Park Lane', '6.9083498', '79.8972483', '', '0.0', '0.0', '0.0 Km', 'LKR 20.40', '0 Minutes', '0 min', 3, '', '2017-12-05 17:01:15', NULL, NULL, NULL, NULL),
(138, '22b796b5-d7b2-4eb8-b014-5fbd6e93acbb', 32, 635, '', '', '', 'Sri Jayawardenepura Mawatha', '6.90842', '79.8974045', '', '0.0', '0.0', '0.0 Km', 'LKR 20.05', '0 Minutes', '0 min', 3, '', '2017-12-05 17:02:08', NULL, NULL, NULL, NULL),
(139, 'cf152ec7-e909-4840-9e7e-8697e57510d2', 36, 642, '', '', '', 'Park Lane', '6.908211456618186', '79.89780834883442', '', '0', '0', '0', '20', '0', '5', 3, '', '2017-12-05 17:10:53', NULL, NULL, NULL, NULL),
(140, '9bd992e1-bc4e-4488-a25b-162650027cef', 32, 635, '', '', '', 'Park Lane', '6.9082253', '79.8977928', '', '0.0', '0.0', '0.0 Km', 'LKR 20.00', '0 Minutes', '0 min', 3, '', '2017-12-05 17:11:12', NULL, NULL, NULL, NULL),
(141, '0ff0ad8d-d5d0-435d-9d6f-741f8ff8a225', 32, 635, '', '', '', 'Park Lane', '6.9082422', '79.8978286', '', '0.0', '0.0', '0.0 Km', 'LKR 21.00', '0 Minutes', '0 min', 3, '', '2017-12-05 17:16:35', NULL, NULL, NULL, NULL),
(142, '7312593d-3ed9-4ff5-91ef-c3481243ba7a', 32, 635, '', '', '', 'Park Lane', '6.9082484', '79.8978394', '', '0.0', '0.0', '0.0 Km', 'LKR 20.00', '0 Minutes', '0 min', 3, '', '2017-12-05 17:19:05', NULL, NULL, NULL, NULL),
(143, 'c9805a82-ab83-48da-8507-e51248e62279', 32, 635, '', '', '', 'Park Lane', '6.9082467', '79.8978', '', '0.0', '0.0', '', '', '', '', 3, '', '2017-12-05 17:20:23', NULL, NULL, NULL, NULL),
(144, 'e055e5c5-e42a-4368-820e-18685906d41d', 36, 642, '', '', '', 'Park Lane', '6.908238069160756', '79.897817820385', '', '0', '0', '5.025154539371911', '20', '0', '11', 3, '', '2017-12-05 17:26:38', NULL, NULL, NULL, NULL),
(145, '76e636e0-05af-46e0-902f-7c5e2851e582', 36, 642, '', '', '', 'Park Lane', '6.908234297304329', '79.89779711708417', '', '0', '0', '10.68944817470606', '20', '0', '5', 3, '', '2017-12-05 17:29:10', NULL, NULL, NULL, NULL),
(146, 'ec776651-9fb3-4238-86ab-53031ecfb654', 36, 642, '', '', '', 'Park Lane', '6.908273859887299', '79.89778278402974', '', '0', '0', '0', '20', '0', '8', 3, '', '2017-12-05 17:34:35', '2017-12-06 00:16:18', '2017-12-08 00:14:20', NULL, '100'),
(147, '14d6e98e-dfee-471c-837a-a018f58d886b', 32, 635, '', '', '', 'Park Lane', '6.9082272', '79.8978194', '', '0.0', '0.0', '0.0 Km', 'LKR 20.00', '0 Minutes', '0 min', 3, '', '2017-12-05 17:37:21', NULL, NULL, NULL, NULL),
(148, 'c85d3e3a-5a2a-42dc-82f0-d837243d3f33', 36, 642, '', '', '', 'Park Lane', '6.908217407769437', '79.89779426723709', '', '0', '0', '0', '20', '0', '1', 3, '', '2017-12-05 17:38:14', NULL, NULL, NULL, NULL),
(149, '4696cccc-05a7-4cbc-b553-03c4ae6acc28', 32, 635, '', '', '', 'Park Lane', '6.9082449', '79.897814', '', '0.0', '0.0', '0.0 Km', 'LKR 20.00', '0 Minutes', '0 min', 3, '', '2017-12-05 17:38:56', NULL, NULL, NULL, NULL),
(150, '12cd81e0-12e6-4e85-aef4-27ec63e9b502', 32, 635, '', '', '', 'Park Lane', '6.9082333', '79.8978317', '', '0.0', '0.0', '', '', '', '', 3, '', '2017-12-05 17:41:51', NULL, NULL, NULL, NULL),
(151, '1b32354a-f251-4f04-8a50-71e313c4168c', 32, 635, '', '', '', 'Park Lane', '6.90823', '79.8978433', '', '0.0', '0.0', '', '', '', '', 3, '', '2017-12-05 17:44:04', NULL, NULL, NULL, NULL),
(152, 'a4a9a870-86e5-4ccd-a7e2-0a2a6b8706e6', 32, 635, '', '', '', 'Park Lane', '6.9082567', '79.8978483', '', '0.0', '0.0', '0.0 Km', 'LKR 20.40', '0 Minutes', '0 min', 3, '', '2017-12-05 17:47:26', NULL, NULL, NULL, NULL),
(153, '2626681d-3bd5-497d-99e4-e94055b555b3', 32, 635, '', '', '', 'Park Lane', '6.9082373', '79.8978117', '', '0.0', '0.0', '0.0 Km', 'LKR 20.10', '0 Minutes', '0 min', 3, '', '2017-12-05 17:48:22', NULL, NULL, NULL, NULL),
(154, '1fe42773-42ad-49db-89f9-82b5f9383f5c', 36, 642, '', '', '', 'Park Lane', '6.90826878883588', '79.89784221172323', '', '0', '0', '0', '20', '0', '6', 3, '', '2017-12-05 17:57:02', '2017-12-20 00:00:00', '2017-12-19 00:28:13', NULL, '100'),
(155, '2bd9ec12-85f8-4ada-9a5e-c4c24475f5bc', 36, 642, '', '', '', 'Park Lane', '6.908234842128035', '79.89782318480303', '', '0', '0', '4.30298020649335', '20', '0', '7', 3, '', '2017-12-05 18:13:22', NULL, NULL, NULL, NULL),
(156, '2bd9ec12-85f8-4ada-9a5e-c4c24475f5bc', 36, 642, '', '', '', 'Park Lane', '6.908234842128035', '79.89782318480303', '', '0', '0', '4.30298020649335', '20', '0', '7', 3, '', '2017-12-05 18:14:28', NULL, NULL, NULL, NULL),
(157, 'f64b5a3b-c9b8-454f-9a3e-dcb7487a5544', 32, 635, '', '', '', 'Park Lane', '6.9082263', '79.8978191', '', '0.0', '0.0', '0.0 Km', 'LKR 20.00', '0 Minutes', '0 min', 3, '', '2017-12-05 18:14:40', NULL, NULL, NULL, NULL),
(158, '56a60498-8a33-4830-b421-8fbf755ee110', 36, 642, '', '', '', 'Park Lane', '6.90826099366593', '79.89784816287448', '', '0', '0', '9.338176221249157', '20', '0', '8', 3, '', '2017-12-05 18:19:15', NULL, NULL, NULL, NULL),
(159, '8eaa1ecf-aa38-4ad8-80c9-addc65e60177', 32, 635, '', '', '', 'Park Lane', '6.9082262', '79.8978185', '', '0.0', '0.0', '0.0 Km', 'LKR 20.10', '0 Minutes', '0 min', 3, '', '2017-12-05 18:19:48', NULL, NULL, NULL, NULL),
(160, 'de81019e-9dca-430f-a571-c4ebde7c2e8a', 32, 635, '', '', '', 'Park Lane', '6.9082265', '79.8978185', '', '0.0', '0.0', '0.0 Km', 'LKR 20.05', '0 Minutes', '0 min', 3, '', '2017-12-05 18:20:24', NULL, NULL, NULL, NULL),
(161, 'd4e89574-f451-4eee-acdb-a274af4e8bda', 32, 635, '', '', '', 'Park Lane', '6.9082265', '79.8978184', '', '0.0', '0.0', '0.0 Km', 'LKR 20.00', '0 Minutes', '0 min', 3, '', '2017-12-05 18:22:02', NULL, NULL, NULL, NULL),
(162, 'cd5ff0c6-3d7a-47ed-9d7f-c530d21cca5f', 32, 635, '', '', '', 'Park Lane', '6.9082261', '79.8978186', '', '0.0', '0.0', '0.0 Km', 'LKR 20.05', '0 Minutes', '0 min', 3, '', '2017-12-05 18:24:18', NULL, NULL, NULL, NULL),
(163, 'd9c74051-5ad2-41cb-bd62-0c2b3a8ac6db', 32, 635, '', '', '', 'Park Lane', '6.9082617', '79.8978817', '', '0.0', '0.0', '0.0 Km', 'LKR 20.05', '0 Minutes', '0 min', 3, '', '2017-12-05 18:28:48', NULL, NULL, NULL, NULL),
(164, 'b7c3efbf-a5c5-444c-9e30-12697ad76116', 32, 635, '', '', '', 'Park Lane', '6.9082263', '79.8978184', '', '0.0', '0.0', '0.0 Km', 'LKR 20.20', '0 Minutes', '0 min', 3, '', '2017-12-05 18:30:57', NULL, NULL, NULL, NULL),
(165, '34039346-ceb6-4000-808b-66f382d4d4ef', 32, 635, '', '', '', 'Park Lane', '6.9082917', '79.8978833', '', '0.0', '0.0', '0.0 Km', 'LKR 22.20', '0 Minutes', '0 min', 3, '', '2017-12-05 18:40:49', NULL, NULL, NULL, NULL),
(166, 'b58821bc-bc1a-494a-a96e-c1f53c32451e', 32, 635, '', '', '', 'Park Lane', '6.9082601', '79.8978242', '', '0.0', '0.0', '0.0 Km', 'LKR 20.00', '0 Minutes', '0 min', 3, '', '2017-12-05 18:44:13', NULL, NULL, NULL, NULL),
(167, 'a7cb9f19-0fc7-4386-a211-9bc1a112e5dd', 32, 635, '', '', '', 'Park Lane', '6.90826', '79.8977783', '', '0.0', '0.0', '0.0 Km', 'LKR 20.00', '0 Minutes', '0 min', 3, '', '2017-12-05 18:48:26', NULL, NULL, NULL, NULL),
(168, 'c66372fc-fe22-46b9-962e-501cbf96faa0', 32, 635, '', '', '', 'Park Lane', '6.90826', '79.8977783', '', '0.0', '0.0', '0.0 Km', 'LKR 20.00', '0 Minutes', '0 min', 3, '', '2017-12-05 18:48:48', NULL, NULL, NULL, NULL),
(169, 'b58821bc-bc1a-494a-a96e-c1f53c32451e', 32, 635, '', '', '', 'Park Lane', '6.908212', '79.8978081', '', '0.0', '0.0', '0.0 Km', 'LKR 20.00', '0 Minutes', '0 min', 3, '', '2017-12-05 18:49:50', NULL, NULL, NULL, NULL),
(170, '69fba3fa-49d2-4bd4-a841-414581040e33', 32, 635, '', '', '', 'Park Lane', '6.9082371', '79.8978117', '', '0.0', '0.0', '0.0 Km', 'LKR 20.05', '0 Minutes', '0 min', 3, '', '2017-12-05 18:53:22', NULL, NULL, NULL, NULL),
(171, '0a7dfa9b-498a-495b-9725-c14c7c2612f7', 32, 635, '', '', '', 'Park Lane', '6.9082448', '79.8978412', '', '0.0', '0.0', '0.0 Km', 'LKR 20.00', '0 Minutes', '0 min', 3, '', '2017-12-05 18:54:39', NULL, NULL, NULL, NULL),
(172, 'aa69025a-6453-4535-bf7f-5998cca3af1c', 32, 635, '', '', '', 'Park Lane', '6.9082556', '79.8978165', '', '0.0', '0.0', '0.0 Km', 'LKR 20.50', '0 Minutes', '0 min', 3, '', '2017-12-05 19:06:18', NULL, NULL, NULL, NULL),
(173, 'f355dde5-bfb4-4a76-bd03-91ebfd056236', 32, 635, '', '', '', 'Park Lane', '6.9082401', '79.89782', '', '0.0', '0.0', '0.0 Km', 'LKR 20.05', '0 Minutes', '0 min', 3, '', '2017-12-05 19:08:50', NULL, NULL, NULL, NULL),
(174, 'd9639820-87bc-4a72-80ca-c9b869c9d055', 32, 635, '', '', '', 'Park Lane', '6.9082359', '79.8978055', '', '0.0', '0.0', '0.0 Km', 'LKR 20.50', '0 Minutes', '0 min', 3, '', '2017-12-05 19:10:00', NULL, NULL, NULL, NULL),
(175, 'f723ff55-2776-45b5-8ffd-876e74a7dbca', 32, 635, '', '', '', 'Park Lane', '6.9082362', '79.8978048', '', '0.0', '0.0', '0.0 Km', 'LKR 20.00', '0 Minutes', '0 min', 3, '', '2017-12-05 19:10:19', NULL, NULL, NULL, NULL),
(176, '1f64e992-7dce-40ff-a832-07fe4d6360b0', 32, 635, '', '', '', 'Park Lane', '6.9082369', '79.8978055', '', '0.0', '0.0', '0.0 Km', 'LKR 20.15', '0 Minutes', '0 min', 3, '', '2017-12-05 19:10:48', NULL, NULL, NULL, NULL),
(177, 'efd6ffa1-e971-48ab-b9f7-940dff98ea6e', 32, 635, '', '', '', 'Park Lane', '6.9082835', '79.8977925', '', '0.0', '0.0', '0.0 Km', 'LKR 20.05', '0 Minutes', '0 min', 3, '', '2017-12-05 19:14:42', NULL, NULL, NULL, NULL),
(178, 'f7f1d91d-9300-42d5-8b7d-d84f35a932d7', 32, 635, '', '', '', 'Park Lane', '6.9083123', '79.8977685', '', '0.0', '0.0', '0.0 Km', 'LKR 20.10', '0 Minutes', '0 min', 3, '', '2017-12-05 19:14:53', NULL, NULL, NULL, NULL),
(179, '96ed55ed-bf96-4c89-8e4a-3d73c12ce32d', 32, 635, '', '', '', 'Park Lane', '6.9082535', '79.8977837', '', '0.0', '0.0', '0.0 Km', 'LKR 20.00', '0 Minutes', '0 min', 3, '', '2017-12-06 09:54:03', NULL, NULL, NULL, NULL),
(180, 'dcabdb9b-b7d3-4a87-abc0-400243583116', 32, 635, '', '', '', 'Park Lane', '6.908275', '79.8978433', '', '0.0', '0.0', '0.0 Km', 'LKR 20.45', '0 Minutes', '0 min', 3, '', '2017-12-06 10:32:50', NULL, NULL, NULL, NULL),
(181, '135da6b7-37e8-4495-be96-838b9c004a21', 32, 635, '', '', '', 'Park Lane', '6.9082266', '79.8978199', '', '0.0', '0.0', '', '', '', '', 3, '', '2017-12-06 10:33:30', NULL, NULL, NULL, NULL),
(182, '4d9ea859-3136-476a-ae6f-6c07b94dc5ae', 32, 635, '', '', '', 'Park Lane', '6.908226', '79.8978206', 'Castle Street', '6.9084167814145125', '79.89310283213854', '0.0 Km', 'LKR 20.10', '0 Minutes', '0 min', 3, '', '2017-12-06 10:34:13', NULL, NULL, NULL, NULL),
(183, '4d9ea859-3136-476a-ae6f-6c07b94dc5ae', 32, 635, '', '', '', 'Park Lane', '6.9082383', '79.8979467', '', '0.0', '0.0', '', '', '', '', 3, '', '2017-12-06 10:35:58', NULL, NULL, NULL, NULL),
(184, 'c7749e3e-3fc8-4447-b9b9-47386aabfce0', 32, 635, '', '', '', 'Park Lane', '6.9082263', '79.8978197', 'Castle Street', '6.9084167814145125', '79.89310283213854', '0.0 Km', 'LKR 20.05', '0 Minutes', '0 min', 3, '', '2017-12-06 10:37:54', NULL, NULL, NULL, NULL),
(185, '2170085f-30ec-4776-934f-30ead5ea0dbe', 32, 635, '', '', '', 'Park Lane', '6.9082263', '79.8978198', '', '0.0', '0.0', '', '', '', '', 3, '', '2017-12-06 10:40:31', NULL, NULL, NULL, NULL),
(186, '3294fdbe-bad9-4008-8c01-8d7306f47720', 32, 635, '', '', '', 'Park Lane', '6.9082263', '79.8978198', 'Galle', '6.053518500000001', '80.2209773', '', '', '', '', 3, '', '2017-12-06 10:42:03', NULL, NULL, NULL, NULL),
(187, '9ba3be75-6b85-42e0-afda-fd918f2bee12', 32, 635, '', '', '', 'Park Lane', '6.9082272', '79.8978195', '', '0.0', '0.0', '', '', '', '', 4, '', '2017-12-06 11:03:14', NULL, NULL, NULL, NULL),
(188, '66c29d8c-f4d0-403e-bd1f-82d728930a46', 32, 635, '', '', '', 'Park Lane', '6.9082583', '79.8978267', '', '0.0', '0.0', '0.0 Km', 'LKR 20.10', '0 Minutes', '0 min', 3, '', '2017-12-06 11:04:18', NULL, NULL, NULL, NULL),
(189, '06844fda-780e-4884-8bb2-02f9338245d5', 32, 635, '', '', '', 'Borella - Rajagiriya Road', '6.909635979780744', '79.8971764370799', 'Castle Street', '6.9084167814145125', '79.89310283213854', '0.0 Km', 'LKR 20.50', '0 Minutes', '0 min', 3, '', '2017-12-06 11:23:32', NULL, NULL, NULL, NULL),
(190, 'ab7fe138-ac30-4de8-ac0e-911cc312fe94', 32, 635, '', '', '', 'Castle Street', '6.908316928829201', '79.89535454660655', 'Castle Street', '6.9084167814145125', '79.89310283213854', '0.0 Km', 'LKR 20.05', '0 Minutes', '0 min', 3, '', '2017-12-06 11:24:25', NULL, NULL, NULL, NULL),
(191, '3485f3f2-2315-48ba-926c-420f0acaf2ef', 32, 635, '', '', '', 'Park Lane', '6.9082383', '79.897805', '1586 Borella - Rajagiriya Rd, Sri Jayawardenepura Kotte', '6.910506025505015', '79.89340826869011', '0.0 Km', 'LKR 20.05', '0 Minutes', '0 min', 3, '', '2017-12-06 11:25:55', NULL, NULL, NULL, NULL),
(192, '6cb9521a-4e2c-41a1-82c3-5beeecaf9fca', 32, 635, '', '', '', 'Park Lane', '6.9082273', '79.8978196', '', '0.0', '0.0', '0.0 Km', 'LKR 21.00', '0 Minutes', '0 min', 3, '', '2017-12-06 11:30:28', NULL, NULL, NULL, NULL),
(193, '560a96ae-075d-44b4-95d9-fcf140d1376c', 32, 635, '', '', '', 'Janadhipathi Vidyala Mawatha', '6.905537690078629', '79.8918767273426', 'Castle Street', '6.9084167814145125', '79.89310283213854', '0..0 Km', 'LKR 36.75', '5 Minutes', '0 min', 3, '', '2017-12-06 11:32:12', NULL, NULL, NULL, NULL),
(194, '87ee3489-14f3-4a89-9d94-aec4cc48e1bf', 32, 635, '', '', '', '13-41 Dharmapala Pl, Sri Jayawardenepura Kotte', '6.912517376035931', '79.89539980888367', 'Perera Mawatha', '6.911382726424628', '79.90475300699472', '', '', '', '', 3, '', '2017-12-06 11:37:40', NULL, NULL, NULL, NULL),
(195, '2d776ab7-ea62-4940-9a32-4c64baa0d3b6', 32, 635, '', '', '', 'Park Lane', '6.9081883', '79.8978083', '', '0.0', '0.0', '0.0 Km', 'LKR 20.05', '0 Minutes', '0 min', 3, '', '2017-12-06 11:40:13', NULL, NULL, NULL, NULL),
(196, '2b319c72-bbbf-4109-be52-89bec178165d', 32, 635, '', '', '', 'Circular Lane', '6.911020263713099', '79.89552017301321', 'Fife Road', '6.89020065850178', '79.86988227814437', '0.0 Km', 'LKR 20.05', '0 Minutes', '0 min', 3, '', '2017-12-06 11:41:25', NULL, NULL, NULL, NULL),
(197, '7a7d7b63-6b82-430d-918a-83f2168c353d', 32, 635, '', '', '', 'Park Lane', '6.9082273', '79.8978196', '', '0.0', '0.0', '0.0 Km', 'LKR 20.35', '0 Minutes', '0 min', 3, '', '2017-12-06 11:42:15', NULL, NULL, NULL, NULL),
(198, '7faf0de3-46c8-4b86-b2dd-126f93cbb0a0', 32, 635, '', '', '', '61 Dharmapala Pl, Sri Jayawardenepura Kotte', '6.911025256314321', '79.8949746787548', 'Castle Street', '6.9084167814145125', '79.89310283213854', '0.0 Km', 'LKR 23.05', '1 Minutes', '1 min', 3, '', '2017-12-06 11:44:34', NULL, NULL, NULL, NULL),
(199, '08e7fc40-37ce-44c7-83d6-3a2f9be910f4', 32, 635, '', '', '', 'Samudradevi Reception Hall', '6.909598368739723', '79.89944290369749', '264 Jinadasa Niyathapala Mawatha, Sri Jayawardenepura Kotte 00500', '6.888107330543457', '79.88746784627438', '0.0 Km', 'LKR 20.10', '0 Minutes', '0 min', 3, '', '2017-12-06 11:51:08', NULL, NULL, NULL, NULL),
(200, '08e7fc40-37ce-44c7-83d6-3a2f9be910f4', 32, 635, '', '', '', 'Park Lane', '6.9082363', '79.8978367', '', '0.0', '0.0', '0.0 Km', 'LKR 20.10', '0 Minutes', '0 min', 3, '', '2017-12-06 11:51:53', NULL, NULL, NULL, NULL),
(201, '08e7fc40-37ce-44c7-83d6-3a2f9be910f4', 32, 635, '', '', '', 'Park Lane', '6.9082212', '79.8978362', '', '0.0', '0.0', '0.0 Km', 'LKR 20.10', '0 Minutes', '0 min', 3, '', '2017-12-06 11:53:12', NULL, NULL, NULL, NULL),
(202, '346d7315-c955-41b8-861b-5dff8fe9c263', 32, 635, '', '', '', 'Park Lane', '6.9082256', '79.897835', '', '0.0', '0.0', '0..0 Km', 'LKR 20.15', '0 Minutes', '0 min', 3, '', '2017-12-06 11:54:35', NULL, NULL, NULL, NULL),
(203, '346d7315-c955-41b8-861b-5dff8fe9c263', 32, 635, '', '', '', 'Park Lane', '6.9082257', '79.8978424', '', '0.0', '0.0', '0..0 Km', 'LKR 20.15', '0 Minutes', '0 min', 3, '', '2017-12-06 11:56:00', NULL, NULL, NULL, NULL),
(204, '809a123c-5ee7-436c-a04b-2f077249ac50', 32, 635, '', '', '', 'Park Lane', '6.9082479', '79.897824', '', '0.0', '0.0', '0..0 Km', 'LKR 20.85', '0 Minutes', '0 min', 3, '', '2017-12-06 11:57:39', NULL, NULL, NULL, NULL),
(205, '52107e8c-4bcb-48fc-89d7-3c3b1a998ffc', 32, 635, '', '', '', 'Park Lane', '6.9082482', '79.8978281', '', '0.0', '0.0', '0.0 Km', 'LKR 20.55', '0 Minutes', '0 min', 3, '', '2017-12-06 11:58:12', NULL, NULL, NULL, NULL),
(206, '9c26edfa-434e-4e19-8a85-1100963d7c74', 32, 635, '', '', '', 'Park Lane', '6.908249', '79.8978333', '', '0.0', '0.0', '0.0 Km', 'LKR 20.65', '0 Minutes', '0 min', 3, '', '2017-12-06 11:59:51', NULL, NULL, NULL, NULL),
(207, '9c26edfa-434e-4e19-8a85-1100963d7c74', 32, 635, '', '', '', 'Park Lane', '6.9082333', '79.8977679', '', '0.0', '0.0', '0.0 Km', 'LKR 20.65', '0 Minutes', '0 min', 3, '', '2017-12-06 12:00:49', NULL, NULL, NULL, NULL),
(208, '9c26edfa-434e-4e19-8a85-1100963d7c74', 32, 635, '', '', '', 'Park Lane', '6.9082261', '79.8977848', '', '0.0', '0.0', '0.0 Km', 'LKR 20.65', '0 Minutes', '0 min', 3, '', '2017-12-06 12:01:46', NULL, NULL, NULL, NULL),
(209, '99c770b4-c6b2-41fb-ab5b-cb43390ad928', 32, 635, '', '', '', 'Park Lane', '6.9082379', '79.8978214', '', '0.0', '0.0', '0.0 Km', 'LKR 20.05', '0 Minutes', '0 min', 3, '', '2017-12-06 12:03:24', NULL, NULL, NULL, NULL),
(210, '99c770b4-c6b2-41fb-ab5b-cb43390ad928', 32, 635, '', '', '', 'Park Lane', '6.9082379', '79.8978274', '', '0.0', '0.0', '0.0 Km', 'LKR 20.05', '0 Minutes', '0 min', 3, '', '2017-12-06 12:03:39', NULL, NULL, NULL, NULL),
(211, '0c1772ef-a358-4a86-8db0-f5acbf75783c', 32, 635, '', '', '', 'Park Lane', '6.908232', '79.8978422', '', '0.0', '0.0', '0.0 Km', 'LKR 20.25', '0 Minutes', '0 min', 3, '', '2017-12-06 12:04:16', NULL, NULL, NULL, NULL),
(212, '0c1772ef-a358-4a86-8db0-f5acbf75783c', 32, 635, '', '', '', 'Park Lane', '6.9082339', '79.8978445', '', '0.0', '0.0', '0.0 Km', 'LKR 20.25', '0 Minutes', '0 min', 3, '', '2017-12-06 12:04:39', NULL, NULL, NULL, NULL),
(213, '0c1772ef-a358-4a86-8db0-f5acbf75783c', 32, 635, '', '', '', 'Park Lane', '6.908252', '79.897846', '', '0.0', '0.0', '0.0 Km', 'LKR 20.25', '0 Minutes', '0 min', 3, '', '2017-12-06 12:05:07', NULL, NULL, NULL, NULL),
(214, '5c925763-73d8-4e67-b891-3d2833cf687a', 32, 635, '', '', '', 'Park Lane', '6.9082745', '79.8978107', '', '0.0', '0.0', '0.0 Km', 'LKR 20.55', '0 Minutes', '0 min', 3, '', '2017-12-06 12:06:44', NULL, NULL, NULL, NULL),
(215, '5c925763-73d8-4e67-b891-3d2833cf687a', 32, 635, '', '', '', 'Park Lane', '6.908275', '79.8978255', '', '0.0', '0.0', '0.0 Km', 'LKR 20.55', '0 Minutes', '0 min', 3, '', '2017-12-06 12:09:19', NULL, NULL, NULL, NULL),
(216, 'ab76033b-37e9-4c2f-8b3d-68e472db822a', 32, 635, '', '', '', 'Park Lane', '6.9081976', '79.8977964', '', '0.0', '0.0', '0..0 Km', 'LKR 20.65', '0 Minutes', '0 min', 3, '', '2017-12-06 12:25:26', NULL, NULL, NULL, NULL),
(217, 'c9c507cf-37f1-4867-b99f-59ffb1a1bee0', 32, 635, '', '', '', 'Park Lane', '6.9082083', '79.8978683', '', '0.0', '0.0', '0.0 Km', 'LKR 20.10', '0 Minutes', '0 min', 3, '', '2017-12-06 13:54:46', NULL, NULL, NULL, NULL),
(218, 'cf0e9c7b-b931-47eb-8d3f-392a6181b94e', 32, 635, '', '', '', 'Park Lane', '6.9082273', '79.8978192', '', '0.0', '0.0', '0.0 Km', 'LKR 20.00', '0 Minutes', '0 min', 3, '', '2017-12-06 13:59:23', NULL, NULL, NULL, NULL),
(219, 'cf0e9c7b-b931-47eb-8d3f-392a6181b94e', 32, 635, '', '', '', 'Park Lane', '6.9081967', '79.8977367', '', '0.0', '0.0', '0.0 Km', 'LKR 20.00', '0 Minutes', '0 min', 3, '', '2017-12-06 14:01:38', NULL, NULL, NULL, NULL),
(220, '0f49e874-a278-4fe2-8829-e8bdce5f74e5', 32, 635, '', '', '', 'Park Lane', '6.9082067', '79.8978733', '', '0.0', '0.0', '0.0 Km', 'LKR 20.05', '0 Minutes', '0 min', 3, '', '2017-12-06 14:03:55', NULL, NULL, NULL, NULL),
(221, '25a559f1-ea86-4990-b225-283b9d03d483', 32, 635, '', '', '', 'Park Lane', '6.9082567', '79.8977683', '', '0.0', '0.0', '0.0 Km', 'LKR 20.15', '0 Minutes', '0 min', 3, '', '2017-12-06 14:15:17', NULL, NULL, NULL, NULL),
(222, '25a559f1-ea86-4990-b225-283b9d03d483', 32, 635, '', '', '', 'Park Lane', '6.9082083', '79.8978067', '', '0.0', '0.0', '0.0 Km', 'LKR 20.15', '0 Minutes', '0 min', 3, '', '2017-12-06 14:23:13', NULL, NULL, NULL, NULL),
(223, '25a559f1-ea86-4990-b225-283b9d03d483', 32, 635, '', '', '', 'Park Lane', '6.9082083', '79.897795', '', '0.0', '0.0', '0.0 Km', 'LKR 20.15', '0 Minutes', '0 min', 3, '', '2017-12-06 14:24:33', NULL, NULL, NULL, NULL),
(224, '2027570a-fa84-4f7a-9ebe-f8e97f7be14a', 32, 635, '', '', '', 'Park Lane', '6.9082369', '79.8978122', 'Castle Street', '6.908953987961665', '79.89422734826803', '0.49184576 Km', 'LKR 20.25', '0 Minutes', '0 min', 3, '', '2017-12-06 14:25:10', NULL, NULL, NULL, NULL),
(225, '2027570a-fa84-4f7a-9ebe-f8e97f7be14a', 32, 635, '', '', '', 'Park Lane', '6.90827', '79.8978467', '', '0.0', '0.0', '0.49184576 Km', 'LKR 20.25', '0 Minutes', '0 min', 3, '', '2017-12-06 14:26:22', NULL, NULL, NULL, NULL),
(226, '12b818e9-be0d-4c23-b522-ea71d39bbf60', 32, 635, '', '', '', 'Park Lane', '6.9082442', '79.8978587', '', '0.0', '0.0', '', '', '', '', 4, '', '2017-12-06 15:16:50', NULL, NULL, NULL, NULL),
(227, '815cc341-3673-4a22-957b-c9fa6232bcda', 32, 635, '', '', '', 'Park Lane', '6.9082274', '79.8978195', '', '0.0', '0.0', '0..0 Km', 'LKR 26.70', '2 Minutes', '0 min', 3, '', '2017-12-06 15:33:43', NULL, NULL, NULL, NULL),
(228, 'de6c6353-b841-4dd8-bfc1-e3c6ce13ce01', 32, 635, '', '', '', 'Park Lane', '6.9082391', '79.897766', '', '0.0', '0.0', '0.0 Km', 'LKR 20.20', '0 Minutes', '0 min', 3, '', '2017-12-06 16:34:45', NULL, NULL, NULL, NULL),
(229, '257151c3-4a88-4511-8625-b17bf12c57cb', 32, 635, '', '', '', 'Park Lane', '6.9081774', '79.8977991', '', '0.0', '0.0', '0..0 Km', 'LKR 20.00', '0 Minutes', '0 min', 3, '', '2017-12-06 17:04:36', NULL, NULL, NULL, NULL),
(230, '13adcdb8-8e71-454b-bf1a-6b6ef9fab6f3', 32, 635, '', '', '', 'Park Lane', '6.9082103', '79.8978145', '', '0.0', '0.0', '0.0 Km', 'LKR 20.25', '0 Minutes', '0 min', 3, '', '2017-12-06 17:05:27', NULL, NULL, NULL, NULL),
(231, '5c87c4b2-8558-4cd9-92f1-583f9560c1f4', 32, 635, '', '', '', 'Park Lane', '6.9081894', '79.8977079', '', '0.0', '0.0', '0.0 Km', 'LKR 22.80', '0 Minutes', '0 min', 3, '', '2017-12-06 17:19:53', NULL, NULL, NULL, NULL),
(232, 'e4ebf222-08ef-457d-80d0-48b3de7911fd', 32, 635, '', '', '', 'Park Lane', '6.9082264', '79.8978197', '', '0.0', '0.0', '0.0 Km', 'LKR 49.85', '9 Minutes', '9 min', 3, '', '2017-12-06 17:21:22', NULL, NULL, NULL, NULL),
(233, 'ab6fd6ec-8624-451f-9f8f-b9a91359d91e', 32, 635, '', '', '', 'Park Lane', '6.9082159', '79.8977575', '', '0.0', '0.0', '0.0 Km', 'LKR 30.75', '3 Minutes', '3 min', 3, '', '2017-12-06 17:32:13', NULL, NULL, NULL, NULL),
(234, 'ab6fd6ec-8624-451f-9f8f-b9a91359d91e', 32, 635, '', '', '', 'Park Lane', '6.9082159', '79.8977575', '', '0.0', '0.0', '0.0 Km', 'LKR 30.75', '3 Minutes', '3 min', 3, '', '2017-12-06 17:33:11', NULL, NULL, NULL, NULL),
(235, '76c542dc-8313-419e-befd-85da22114457', 32, 635, '', '', '', 'Park Lane', '6.9082257', '79.8978261', '', '0.0', '0.0', '0.0 Km', 'LKR 22.85', '0 Minutes', '0 min', 3, '', '2017-12-06 17:37:08', NULL, NULL, NULL, NULL),
(236, 'a33fef86-4d22-4ce9-afa0-fad44287111c', 32, 635, '', '', '', 'Park Lane', '6.9082145', '79.8978184', '', '0.0', '0.0', '0.0 Km', 'LKR 27.45', '2 Minutes', '2 min', 3, '', '2017-12-06 17:38:39', NULL, NULL, NULL, NULL),
(237, 'f96a7209-5f44-4846-91a8-e1e7eceba324', 32, 635, '', '', '', 'Circular Lane', '6.91107318528335', '79.8955637589097', 'Fort', '6.9365199', '79.84508', '0.0 Km', 'LKR 28.80', '2 Minutes', '2 min', 3, '', '2017-12-06 17:41:54', NULL, NULL, NULL, NULL),
(238, '7a871f75-954b-49a2-bdbd-d9e5db3f00c2', 32, 635, '', '', '', '219 Kollupitiya - Sri Jayawardenapura Rd, Colombo', '6.908305945043523', '79.890281483531', 'Kynsey Place', '6.918507109230835', '79.8705343902111', '0.0 Km', 'LKR 33.25', '4 Minutes', '4 min', 3, '', '2017-12-06 17:45:29', NULL, NULL, NULL, NULL),
(239, '2d813b96-eb70-42d2-8cdb-d5c57fbb5737', 32, 635, '', '', '', 'Castle Street', '6.9092182640688', '79.89456932991743', '2nd Lane', '6.900586277693051', '79.88765057176352', '0.0 Km', 'LKR 22.95', '0 Minutes', '0 min', 3, '', '2017-12-06 17:50:23', NULL, NULL, NULL, NULL),
(240, 'fa1ed8cb-32c3-427c-966d-40a990a42fe7', 32, 635, '', '', '', 'Borella - Rajagiriya Road', '6.909557096443482', '79.89649180322886', '107 Ven. Pelpola Vipassi Nahimi Mawatha, Colombo 00800', '6.910536979665393', '79.88206923007965', '0.0 Km', 'LKR 22.35', '0 Minutes', '0 min', 3, '', '2017-12-06 17:51:57', NULL, NULL, NULL, NULL),
(241, '288540c9-9658-4685-89be-0407b4af473b', 32, 635, '', '', '', 'Sri Jayawardenepura Kotte', '6.909462902399061', '79.89545077085495', '52 Dharmapala Pl, Sri Jayawardenepura Kotte', '6.911169043206825', '79.89453177899122', '0.0 Km', 'LKR 22.90', '0 Minutes', '0 min', 3, '', '2017-12-06 17:54:28', NULL, NULL, NULL, NULL),
(242, '33ba8e57-a7a7-4fc9-b0d6-86e4ce343c3e', 32, 635, '', '', '', 'Sapumal Place', '6.9099561727698235', '79.89628929644823', '1169/2 C', '6.910542637952563', '79.88693341612816', '0.0 Km', 'LKR 21.75', '0 Minutes', '0 min', 3, '', '2017-12-06 17:56:21', NULL, NULL, NULL, NULL),
(243, '3346d63c-4e52-489c-95e6-35bdbc156733', 32, 635, '', '', '', 'Bandaranayakepura Road', '6.9074828260762136', '79.88905671983957', 'Albert Place', '6.913696956081974', '79.89784196019173', '0.0 Km', 'LKR 26.65', '2 Minutes', '2 min', 3, '', '2017-12-06 17:58:15', NULL, NULL, NULL, NULL),
(244, '04b547d8-2f80-4d06-97fa-7f80c08b3ce5', 32, 635, '', '', '', '566 Jinadasa Niyathapala Mawatha, Sri Jayawardenepura Kotte', '6.9075823459951495', '79.89513359963894', '10 Meda Welikada Rd, Sri Jayawardenepura Kotte', '6.910358577164806', '79.89679522812365', '0.0 Km', 'LKR 20.75', '0 Minutes', '0 min', 3, '', '2017-12-06 18:01:24', NULL, NULL, NULL, NULL),
(245, '19e30bfd-f09f-451a-b603-8bc72469bc5c', 32, 635, '', '', '', 'Park Lane', '6.9082783', '79.8978467', '', '0.0', '0.0', '0.0 Km', 'LKR 20.45', '0 Minutes', '0 min', 3, '', '2017-12-06 18:07:21', NULL, NULL, NULL, NULL),
(246, '248c98c3-542b-4441-9da2-6f581c6c41ef', 32, 635, '', '', '', 'Kamatawatta Road', '6.911325477970755', '79.89967927336693', 'Bandaranayakepura Road', '6.907613300346933', '79.88815382122993', '0.0 Km', 'LKR 20.05', '0 Minutes', '0 min', 3, '', '2017-12-06 18:08:16', NULL, NULL, NULL, NULL),
(247, '5c049ad2-447b-4d07-89c6-77898239afd8', 32, 635, '', '', '', '566 Jinadasa Niyathapala Mawatha, Sri Jayawardenepura Kotte', '6.90751477896216', '79.89513091742992', 'Daniel Place', '6.918699154876357', '79.9009382352233', '0.0 Km', 'LKR 22.40', '0 Minutes', '0 min', 3, '', '2017-12-06 18:10:19', NULL, NULL, NULL, NULL),
(248, '5c049ad2-447b-4d07-89c6-77898239afd8', 32, 635, '', '', '', 'Kamatawatta Road', '6.91130950165683', '79.89789929240942', '', '6.9057956440633195', '79.88638121634722', '0.0 Km', 'LKR 22.40', '0 Minutes', '0 min', 3, '', '2017-12-06 18:11:20', NULL, NULL, NULL, NULL),
(249, '4ebb85d4-8f07-4035-b731-9c3208eebf04', 32, 635, '', '', '', 'Rajagiriya Udyanaya', '6.906821134577757', '79.89339586347342', 'Circular Lane', '6.910759317015924', '79.89565093070269', '0.0 Km', 'LKR 23.05', '1 Minutes', '1 min', 3, '', '2017-12-06 18:16:22', NULL, NULL, NULL, NULL),
(250, '4ebb85d4-8f07-4035-b731-9c3208eebf04', 32, 635, '', '', '', 'Castle Street', '6.908953987961665', '79.89422734826803', 'Castle Street', '6.908953987961665', '79.89422734826803', '0.0 Km', 'LKR 23.05', '1 Minutes', '1 min', 3, '', '2017-12-06 18:17:16', NULL, NULL, NULL, NULL),
(251, '1ba83d99-98f7-403a-a25d-a15976607544', 32, 635, '', '', '', 'Park Lane', '6.9082261', '79.8978191', '', '0.0', '0.0', '0.0 Km', 'LKR 20.55', '0 Minutes', '0 min', 4, '', '2017-12-06 18:18:27', NULL, NULL, NULL, NULL),
(252, '1ba83d99-98f7-403a-a25d-a15976607544', 32, 635, '', '', '', 'Park Lane', '6.9082867', '79.89779', '', '0.0', '0.0', '', '', '', '', 4, '', '2017-12-06 18:18:54', NULL, NULL, NULL, NULL),
(253, '1c56bdac-eaeb-4b1c-a350-d622af941316', 36, 635, '', '', '', 'Park Lane', '6.908225', '79.8978667', '', '0.0', '0.0', '0', '20', '0', '4', 3, '', '2017-12-06 18:22:07', NULL, NULL, NULL, NULL),
(254, '1c56bdac-eaeb-4b1c-a350-d622af941316', 32, 635, '', '', '', 'Park Lane', '6.908225', '79.8978667', '', '0.0', '0.0', '0.0 Km', 'LKR 20.25', '0 Minutes', '0 min', 3, '', '2017-12-06 18:22:21', NULL, NULL, NULL, NULL),
(255, '1c56bdac-eaeb-4b1c-a350-d622af941316', 32, 635, '', '', '', 'Park Lane', '6.9082533', '79.897815', '', '0.0', '0.0', '0.0 Km', 'LKR 20.25', '0 Minutes', '0 min', 3, '', '2017-12-06 18:24:31', NULL, NULL, NULL, NULL),
(256, '1c56bdac-eaeb-4b1c-a350-d622af941316', 36, 635, '', '', '', 'Park Lane', '6.9082533', '79.897815', '', '0.0', '0.0', '0', '20', '0', '4', 3, '', '2017-12-06 18:24:35', NULL, NULL, NULL, NULL),
(257, '9d7bc7b9-0605-4987-b259-a517d809c442', 32, 642, '', '', '', 'Park Lane', '6.908298963687297', '79.89785310819735', '', '0', '0', '0.0 Km', 'LKR 64.45', '14 Minutes', '14 min', 3, '', '2017-12-06 18:32:17', NULL, NULL, NULL, NULL),
(258, 'b38692b0-d94d-4717-8289-1fccf4c33916', 32, 635, '', '', '', 'Park Lane', '6.9082317', '79.8977833', '', '0.0', '0.0', '0..0 Km', 'LKR 20.05', '0 Minutes', '0 min', 3, '', '2017-12-06 18:49:07', NULL, NULL, NULL, NULL),
(259, 'b38692b0-d94d-4717-8289-1fccf4c33916', 32, 635, '', '', '', 'Park Lane', '6.9082317', '79.8977833', '', '0.0', '0.0', '0..0 Km', 'LKR 20.05', '0 Minutes', '0 min', 3, '', '2017-12-06 18:49:22', NULL, NULL, NULL, NULL),
(260, 'b59036aa-1e18-4a95-9b08-f11e11bc6e69', 32, 635, '', '', '', 'Park Lane', '6.9082483', '79.8978317', '', '0.0', '0.0', '0.0 Km', 'LKR 20.05', '0 Minutes', '0 min', 3, '', '2017-12-06 18:56:07', NULL, NULL, NULL, NULL);
INSERT INTO `ride_history` (`tripID`, `roomID`, `rID`, `uID`, `riderName`, `riderImage`, `ratingParticularTrip`, `pickupLocationName`, `pickupLocationLatitude`, `pickupLocationLongitude`, `dropLocationName`, `dropLocationLatitude`, `dropLocationLongitude`, `totalDistance`, `totalAmount`, `totalWaitingTime`, `totalRideTime`, `tSatus`, `cancelledReason`, `rideDate`, `rideStartTime`, `rideEndTime`, `ridePromoCodeId`, `rideAmount`) VALUES
(261, 'b59036aa-1e18-4a95-9b08-f11e11bc6e69', 32, 635, '', '', '', 'Park Lane', '6.9082583', '79.8978083', '', '0.0', '0.0', '0.0 Km', 'LKR 20.05', '0 Minutes', '0 min', 3, '', '2017-12-06 18:56:17', NULL, NULL, NULL, NULL),
(262, 'b5be9aca-6a2d-4660-a2e0-03f14e30a68b', 32, 635, '', '', '', 'Park Lane', '6.908227', '79.8978191', '', '0.0', '0.0', '0.0 Km', 'LKR 20.20', '0 Minutes', '0 min', 3, '', '2017-12-06 18:56:33', NULL, NULL, NULL, NULL),
(263, 'b5be9aca-6a2d-4660-a2e0-03f14e30a68b', 32, 635, '', '', '', 'Park Lane', '6.9082467', '79.89772', '', '0.0', '0.0', '0.0 Km', 'LKR 20.20', '0 Minutes', '0 min', 3, '', '2017-12-06 19:01:16', NULL, NULL, NULL, NULL),
(264, '3cec8e91-01e0-4d53-88ce-4c7a4c80510d', 32, 635, '', '', '', 'Park Lane', '6.9082264', '79.8978189', '', '0.0', '0.0', '0.0 Km', 'LKR 20.25', '0 Minutes', '0 min', 3, '', '2017-12-06 19:01:38', NULL, NULL, NULL, NULL),
(265, '1dd7e9ce-995d-498f-b045-b8ab90ad1e3d', 32, 635, '', '', '', 'Park Lane', '6.9082265', '79.8978192', '', '0.0', '0.0', '0.0 Km', 'LKR 20.10', '0 Minutes', '0 min', 3, '', '2017-12-06 19:02:11', NULL, NULL, NULL, NULL),
(266, '75971bf5-8b21-42f4-ad68-57803570b995', 32, 635, '', '', '', 'Park Lane', '6.9082373', '79.8978363', '', '0.0', '0.0', '0.0 Km', 'LKR 20.50', '0 Minutes', '0 min', 3, '', '2017-12-06 19:02:42', NULL, NULL, NULL, NULL),
(267, 'e1947980-2e53-4bb8-9f25-33efef6dddbe', 32, 635, '', '', '', 'Park Lane', '6.908245', '79.8978667', '', '0.0', '0.0', '0.0 Km', 'LKR 20.40', '0 Minutes', '0 min', 3, '', '2017-12-06 19:06:41', NULL, NULL, NULL, NULL),
(268, 'e1947980-2e53-4bb8-9f25-33efef6dddbe', 32, 635, '', '', '', 'Park Lane', '6.9082067', '79.897805', '', '0.0', '0.0', '0.0 Km', 'LKR 20.40', '0 Minutes', '0 min', 3, '', '2017-12-06 19:07:40', NULL, NULL, NULL, NULL),
(269, '84ebd825-be72-4761-855a-df71a68d15b5', 32, 635, '', '', '', 'Park Lane', '6.9082067', '79.897805', '', '0.0', '0.0', '0.0 Km', 'LKR 20.00', '0 Minutes', '0 min', 3, '', '2017-12-06 19:08:20', NULL, NULL, NULL, NULL),
(270, '3e2b8e8c-c7e6-4ae7-b201-ab7e720588b8', 32, 642, '', '', '', 'Park Lane', '6.908241979587004', '79.89783370552392', '', '0', '0', '0.0 Km', 'LKR 20.10', '0 Minutes', '0 min', 3, '', '2017-12-06 19:10:20', NULL, NULL, NULL, NULL),
(271, '84ebd825-be72-4761-855a-df71a68d15b5', 32, 635, '', '', '', 'Park Lane', '6.9082367', '79.8979367', '', '0.0', '0.0', '0.0 Km', 'LKR 20.00', '0 Minutes', '0 min', 3, '', '2017-12-06 19:10:57', NULL, NULL, NULL, NULL),
(272, 'ba971e30-cad9-4efb-91e9-29b3b607742b', 32, 635, '', '', '', 'Park Lane', '6.9082367', '79.8979367', '', '0.0', '0.0', '0.0 Km', 'LKR 20.00', '0 Minutes', '0 min', 3, '', '2017-12-06 19:11:12', NULL, NULL, NULL, NULL),
(273, 'ccdfd3c8-b742-4740-b5f4-78d23f104561', 32, 635, '', '', '', 'Park Lane', '6.9082367', '79.8979367', '', '0.0', '0.0', '', '', '', '', 4, '', '2017-12-06 19:11:58', NULL, NULL, NULL, NULL),
(274, 'bcd5f10d-c5fb-4232-aea9-d16bc1c8a33b', 32, 642, '', '', '', 'Park Lane', '6.908241979587004', '79.89783370552392', '', '0', '0', '', '', '', '', 4, 'Rider getting late', '2017-12-06 19:14:21', NULL, NULL, NULL, NULL),
(275, '1d661a07-3a11-4c36-a05f-41fd5ce70186', 32, 635, '', '', '', 'Park Lane', '6.9082217', '79.89774', '', '0.0', '0.0', '0.0 Km', 'LKR 20.00', '0 Minutes', '0 min', 3, '', '2017-12-06 19:21:06', NULL, NULL, NULL, NULL),
(276, '1d661a07-3a11-4c36-a05f-41fd5ce70186', 32, 635, '', '', '', 'Park Lane', '6.9082417', '79.897805', '', '0.0', '0.0', '0.0 Km', 'LKR 20.00', '0 Minutes', '0 min', 3, '', '2017-12-06 19:22:07', NULL, NULL, NULL, NULL),
(277, '283c55b0-2693-4f13-b77f-a383fa050917', 32, 635, '', '', '', 'Park Lane', '6.9082033', '79.8978917', '', '0.0', '0.0', '0..0 Km', 'LKR 30.95', '3 Minutes', '3 min', 3, '', '2017-12-06 19:22:28', NULL, NULL, NULL, NULL),
(278, '283c55b0-2693-4f13-b77f-a383fa050917', 32, 635, '', '', '', 'Park Lane', '6.90822', '79.8978483', '', '0.0', '0.0', '0..0 Km', 'LKR 30.95', '3 Minutes', '3 min', 3, '', '2017-12-06 19:22:39', NULL, NULL, NULL, NULL),
(279, 'e6507840-94f8-4700-81e1-7f08d867a140', 32, 635, '', '', '', 'Park Lane', '6.90825', '79.89785', '', '0.0', '0.0', '', '', '', '', 4, '', '2017-12-06 19:23:11', NULL, NULL, NULL, NULL),
(280, '9d2a3a44-12db-4b9c-adf3-de65b7655903', 32, 635, '', '', '', 'Park Lane', '6.9082933', '79.8977517', '', '0.0', '0.0', '0.0 Km', 'LKR 20.00', '0 Minutes', '0 min', 3, '', '2017-12-06 19:23:46', NULL, NULL, NULL, NULL),
(281, 'c74e282e-6e27-497f-84d0-03ec59aa1fbd', 32, 635, '', '', '', 'Park Lane', '6.908255', '79.897825', '', '0.0', '0.0', '', '', '', '', 4, '', '2017-12-06 19:25:56', NULL, NULL, NULL, NULL),
(282, 'b2558ab4-fb56-4272-b8af-48432153a47e', 32, 642, '', '', '', 'Park Lane', '6.908228807157752', '79.89784489393224', '', '0', '0', '', '', '', '', 4, 'Rider getting late', '2017-12-07 10:40:52', NULL, NULL, NULL, NULL),
(283, '4546060a-4635-4a31-8e11-93ff7c8d22ef', 32, 642, '', '', '', 'Park Lane', '6.908228807157752', '79.89784489393224', '', '0', '0', '', '', '', '', 4, 'Rider getting late', '2017-12-07 10:49:44', NULL, NULL, NULL, NULL),
(284, 'dab4110d-3f96-46b4-8393-7c416555fc6e', 32, 642, '', '', '', 'Park Lane', '6.908228807157752', '79.89784489393224', '', '0', '0', '', '', '', '', 4, 'Rider getting late', '2017-12-07 10:50:14', NULL, NULL, NULL, NULL),
(285, 'eed74b5a-1a89-4efc-86d5-6f998091e084', 32, 635, '', '', '', 'Park Lane', '6.9082102', '79.8979143', 'Fort', '6.9365199', '79.84508', '0..0 Km', 'LKR 20.00', '0 Minutes', '0 min', 3, '', '2017-12-07 11:39:00', NULL, NULL, NULL, NULL),
(286, '2fb16d44-121c-41d1-ad6e-f3e3858f55c6', 32, 635, '', '', '', 'Park Lane', '6.9082345', '79.8979003', 'Fort', '6.9365199', '79.84508', '0..0 Km', 'LKR 36.45', '5 Minutes', '5 min', 3, '', '2017-12-07 11:40:39', NULL, NULL, NULL, NULL),
(287, '525af080-4ee0-45ff-9848-650d4eaaf2a2', 36, 642, '', '', '', 'Park Lane', '6.908253156586465', '79.89781999967983', 'Davidson Road', '6.8826132', '79.8610564', '', '', '', '', 4, 'Rider getting late', '2017-12-07 11:41:01', NULL, NULL, NULL, NULL),
(288, '2fb16d44-121c-41d1-ad6e-f3e3858f55c6', 32, 635, '', '', '', 'Park Lane', '6.9082386', '79.8978499', 'Fort', '6.9365199', '79.84508', '0..0 Km', 'LKR 36.45', '5 Minutes', '5 min', 3, '', '2017-12-07 11:41:06', NULL, NULL, NULL, NULL),
(289, 'fe892a6e-7ef1-4398-ac41-dbf5340e06f3', 36, 642, '', '', '', 'Park Lane', '6.908253156586465', '79.89781999967983', 'Davidson Road', '6.8826132', '79.8610564', '0', '20', '0', '25', 3, '', '2017-12-07 11:44:08', NULL, NULL, NULL, NULL),
(290, '51d91d44-a46a-443b-a402-65e480f016a1', 36, 642, '', '', '', 'Park Lane', '6.908253156586465', '79.89781999967983', 'Davidson Road', '6.8826132', '79.8610564', '0', '20', '0', '25', 3, '', '2017-12-07 11:46:56', NULL, NULL, NULL, NULL),
(291, '12531538-acf8-46e8-b038-0f36fe39acee', 32, 635, '', '', '', 'Sri Jayawardenepura Mawatha', '6.9085926', '79.8979007', '', '0.0', '0.0', '0..0 Km', 'LKR 20.20', '0 Minutes', '0 min', 3, '', '2017-12-07 11:55:16', NULL, NULL, NULL, NULL),
(292, 'bfb76659-8ee7-4626-8798-6f2df11d9a49', 32, 635, '', '', '', 'Park Lane', '6.9081833', '79.89784', '', '0.0', '0.0', '', '', '', '', 4, '', '2017-12-07 12:01:52', NULL, NULL, NULL, NULL),
(293, 'bfb76659-8ee7-4626-8798-6f2df11d9a49', 32, 635, '', '', '', 'Park Lane', '6.9081733', '79.8978633', 'Daniel Place', '6.918780366529653', '79.90107066929342', '', '', '', '', 4, '', '2017-12-07 13:15:20', NULL, NULL, NULL, NULL),
(294, '8184f06d-fde3-40b8-aaed-80664d2bafba', 32, 635, '', '', '', 'Park Lane', '6.908265', '79.897885', '', '0.0', '0.0', '0..0 Km', 'LKR 33.00', '4 Minutes', '4 min', 3, '', '2017-12-07 13:15:59', NULL, NULL, NULL, NULL),
(295, '8184f06d-fde3-40b8-aaed-80664d2bafba', 32, 635, '', '', '', 'Park Lane', '6.9082271', '79.8978189', 'Castle Street', '6.908953987961665', '79.89422734826803', '0..0 Km', 'LKR 33.00', '4 Minutes', '4 min', 3, '', '2017-12-07 13:17:18', NULL, NULL, NULL, NULL),
(296, 'ea1de35e-0a91-4b35-92b4-aeb155eb1f32', 32, 635, '', '', '', 'Park Lane', '6.9082367', '79.8978033', 'Castle Street', '6.908953987961665', '79.89422734826803', '0..0 Km', 'LKR 20.05', '0 Minutes', '0 min', 3, '', '2017-12-07 13:22:36', NULL, NULL, NULL, NULL),
(297, 'fa957afc-8d39-4301-8f27-64e38d7c84cf', 32, 635, '', '', '', 'Park Lane', '6.9082133', '79.8978133', '', '0.0', '0.0', '', '', '', '', 4, '', '2017-12-07 13:30:21', NULL, NULL, NULL, NULL),
(298, '35350c68-181f-4406-bcad-49a830ac4e65', 32, 635, '', '', '', 'Park Lane', '6.9082083', '79.8978117', '', '0.0', '0.0', '0..0 Km', 'LKR 20.00', '0 Minutes', '0 min', 3, '', '2017-12-07 13:32:28', NULL, NULL, NULL, NULL),
(299, '35350c68-181f-4406-bcad-49a830ac4e65', 32, 635, '', '', '', 'Park Lane', '6.90821', '79.8978483', '', '0.0', '0.0', '0..0 Km', 'LKR 20.00', '0 Minutes', '0 min', 3, '', '2017-12-07 13:34:02', NULL, NULL, NULL, NULL),
(300, 'dd29ff23-b75c-416a-996d-71d10371ced1', 32, 635, '', '', '', 'Park Lane', '6.9082317', '79.89789', '', '0.0', '0.0', '', '', '', '', 4, '', '2017-12-07 13:35:32', NULL, NULL, NULL, NULL),
(301, '12418b0d-dfc0-49dc-b3f9-4f558644e4e6', 32, 635, '', '', '', 'Park Lane', '6.9082273', '79.8978194', '', '0.0', '0.0', '', '', '', '', 4, '', '2017-12-07 13:36:10', NULL, NULL, NULL, NULL),
(302, '12418b0d-dfc0-49dc-b3f9-4f558644e4e6', 32, 635, '', '', '', 'Park Lane', '6.90818', '79.89788', '', '0.0', '0.0', '', '', '', '', 4, '', '2017-12-07 13:39:32', NULL, NULL, NULL, NULL),
(303, 'fb4db7da-002e-4b0b-abf8-49001b571bee', 32, 635, '', '', '', 'Park Lane', '6.9082467', '79.8977817', '', '0.0', '0.0', '0..0 Km', 'LKR 20.00', '0 Minutes', '0 min', 3, '', '2017-12-07 13:42:52', NULL, NULL, NULL, NULL),
(304, 'bdaa21ae-2815-48c9-8bf1-223ff67fa669', 32, 635, '', '', '', 'Park Lane', '6.9082272', '79.8978195', 'Daniel Place', '6.918780366529653', '79.90107066929342', '0..0 Km', 'LKR 20.05', '0 Minutes', '0 min', 3, '', '2017-12-07 13:43:35', NULL, NULL, NULL, NULL),
(305, 'd7736053-6abc-425a-b88e-cf11efef53a5', 32, 635, '', '', '', 'Park Lane', '6.9082272', '79.8978193', '', '0.0', '0.0', '0..0 Km', 'LKR 20.00', '0 Minutes', '0 min', 3, '', '2017-12-07 13:44:19', NULL, NULL, NULL, NULL),
(306, 'dbdf8fdc-7e38-4052-a8e7-5660d326c5a5', 32, 635, '', '', '', 'Park Lane', '6.9082273', '79.8978193', '', '0.0', '0.0', '', '', '', '', 4, '', '2017-12-07 14:08:18', NULL, NULL, NULL, NULL),
(307, '28bf7edb-47f6-485d-b086-ed5f095721c4', 32, 635, '', '', '', 'Park Lane', '6.9082271', '79.8978196', '', '0.0', '0.0', '', '', '', '', 4, '', '2017-12-07 14:40:15', NULL, NULL, NULL, NULL),
(308, '17e426e4-57cd-46ec-ab79-18934ec8fe66', 32, 635, '', '', '', 'Park Lane', '6.9082433', '79.89779', '', '0.0', '0.0', '0..0 Km', 'LKR 20.05', '0 Minutes', '0 min', 3, '', '2017-12-07 14:53:04', NULL, NULL, NULL, NULL),
(309, '0284625a-c110-46c3-a10d-cb95118b2ac9', 32, 635, '', '', '', 'Park Lane', '6.9082683', '79.8977483', '', '0.0', '0.0', '0..0 Km', 'LKR 20.00', '0 Minutes', '0 min', 3, '', '2017-12-07 14:56:55', NULL, NULL, NULL, NULL),
(310, '0284625a-c110-46c3-a10d-cb95118b2ac9', 32, 635, '', '', '', 'Park Lane', '6.9082683', '79.8977483', 'Udyanaya', '6.907724469722659', '79.89451266825199', '0..0 Km', 'LKR 20.00', '0 Minutes', '0 min', 3, '', '2017-12-07 14:57:05', NULL, NULL, NULL, NULL),
(311, 'cef788f8-9c02-45de-b554-8e962f46d8af', 32, 635, '', '', '', 'Park Lane', '6.9082317', '79.89784', '', '0.0', '0.0', '0..0 Km', 'LKR 20.00', '0 Minutes', '0 min', 3, '', '2017-12-07 15:23:09', NULL, NULL, NULL, NULL),
(312, 'eaf9f237-8157-4db5-9181-fdc9c105d00e', 32, 635, '', '', '', 'Park Lane', '6.9082274', '79.897819', '', '0.0', '0.0', '', '', '', '', 4, '', '2017-12-07 15:36:47', NULL, NULL, NULL, NULL),
(313, '27df95f5-9e2a-41a5-8f1e-c4c4bae4847d', 32, 635, '', '', '', 'Park Lane', '6.9082383', '79.8977567', '', '0.0', '0.0', '', '', '', '', 4, '', '2017-12-07 15:37:32', NULL, NULL, NULL, NULL),
(314, '39487131-2073-413b-91bc-c058be8b7659', 32, 635, '', '', '', 'Park Lane', '6.9082417', '79.8977683', '', '0.0', '0.0', '0..0 Km', 'LKR 47.95', '9 Minutes', '9 min', 3, '', '2017-12-07 15:38:40', NULL, NULL, NULL, NULL),
(315, 'a799e620-a8ba-447c-9d9e-e6f606f2dda1', 32, 635, '', '', '', 'Park Lane', '6.90822', '79.8978717', '', '0.0', '0.0', '0..0 Km', 'LKR 20.15', '0 Minutes', '0 min', 4, '', '2017-12-07 15:49:58', NULL, NULL, NULL, NULL),
(316, 'a799e620-a8ba-447c-9d9e-e6f606f2dda1', 32, 635, '', '', '', 'Park Lane', '6.9082', '79.897815', '', '0.0', '0.0', '0..0 Km', 'LKR 20.15', '0 Minutes', '0 min', 4, '', '2017-12-07 15:52:26', NULL, NULL, NULL, NULL),
(317, 'a799e620-a8ba-447c-9d9e-e6f606f2dda1', 32, 635, '', '', '', 'Park Lane', '6.9082067', '79.897835', 'Daniel Place', '6.918780366529653', '79.90107066929342', '0..0 Km', 'LKR 20.15', '0 Minutes', '0 min', 4, '', '2017-12-07 15:53:02', NULL, NULL, NULL, NULL),
(318, '2d32a4e5-7f8b-4c63-9218-800f2d1037de', 32, 635, '', '', '', 'Park Lane', '6.9082083', '79.8978183', '', '0.0', '0.0', '0..0 Km', 'LKR 20.00', '0 Minutes', '0 min', 4, '', '2017-12-07 15:58:45', NULL, NULL, NULL, NULL),
(319, '2d32a4e5-7f8b-4c63-9218-800f2d1037de', 32, 635, '', '', '', 'Park Lane', '6.9082083', '79.8978183', '', '0.0', '0.0', '0..0 Km', 'LKR 20.00', '0 Minutes', '0 min', 4, '', '2017-12-07 16:00:44', NULL, NULL, NULL, NULL),
(320, '2d32a4e5-7f8b-4c63-9218-800f2d1037de', 32, 635, '', '', '', 'Park Lane', '6.9082083', '79.8978183', '', '0.0', '0.0', '0..0 Km', 'LKR 20.00', '0 Minutes', '0 min', 4, '', '2017-12-07 16:01:46', NULL, NULL, NULL, NULL),
(321, '2d32a4e5-7f8b-4c63-9218-800f2d1037de', 32, 635, '', '', '', 'Park Lane', '6.9082267', '79.8977467', '', '0.0', '0.0', '0..0 Km', 'LKR 20.00', '0 Minutes', '0 min', 4, '', '2017-12-07 16:02:32', NULL, NULL, NULL, NULL),
(322, '2d32a4e5-7f8b-4c63-9218-800f2d1037de', 32, 635, '', '', '', 'Park Lane', '6.9082183', '79.8977717', '', '0.0', '0.0', '0..0 Km', 'LKR 20.00', '0 Minutes', '0 min', 4, '', '2017-12-07 16:02:43', NULL, NULL, NULL, NULL),
(323, '2d32a4e5-7f8b-4c63-9218-800f2d1037de', 32, 635, '', '', '', 'Park Lane', '6.9082117', '79.897745', '', '0.0', '0.0', '0..0 Km', 'LKR 20.00', '0 Minutes', '0 min', 4, '', '2017-12-07 16:03:10', NULL, NULL, NULL, NULL),
(324, '2d32a4e5-7f8b-4c63-9218-800f2d1037de', 32, 635, '', '', '', 'Park Lane', '6.908225', '79.897795', '', '0.0', '0.0', '0..0 Km', 'LKR 20.00', '0 Minutes', '0 min', 4, '', '2017-12-07 16:05:20', NULL, NULL, NULL, NULL),
(325, '2d32a4e5-7f8b-4c63-9218-800f2d1037de', 32, 635, '', '', '', 'Park Lane', '6.9082117', '79.897745', 'Castle Street', '6.908953987961665', '79.89422734826803', '0..0 Km', 'LKR 20.00', '0 Minutes', '0 min', 4, '', '2017-12-07 16:06:26', NULL, NULL, NULL, NULL),
(326, '0d2f1432-7cdd-4e76-b603-f015ff67dab2', 32, 635, '', '', '', 'Park Lane', '6.9082275', '79.8978191', '', '0.0', '0.0', '0..0 Km', 'LKR 20.10', '0 Minutes', '0 min', 4, '', '2017-12-07 16:07:59', NULL, NULL, NULL, NULL),
(327, '0d2f1432-7cdd-4e76-b603-f015ff67dab2', 32, 635, '', '', '', 'Park Lane', '6.9082233', '79.897775', '', '0.0', '0.0', '0..0 Km', 'LKR 20.10', '0 Minutes', '0 min', 4, '', '2017-12-07 16:08:08', NULL, NULL, NULL, NULL),
(328, '0d2f1432-7cdd-4e76-b603-f015ff67dab2', 32, 635, '', '', '', 'Park Lane', '6.9082333', '79.8978217', '', '0.0', '0.0', '0..0 Km', 'LKR 20.10', '0 Minutes', '0 min', 4, '', '2017-12-07 16:08:25', NULL, NULL, NULL, NULL),
(329, '0d2f1432-7cdd-4e76-b603-f015ff67dab2', 32, 635, '', '', '', 'Park Lane', '6.9082433', '79.8978483', '', '0.0', '0.0', '0..0 Km', 'LKR 20.10', '0 Minutes', '0 min', 4, '', '2017-12-07 16:08:47', NULL, NULL, NULL, NULL),
(330, '0d2f1432-7cdd-4e76-b603-f015ff67dab2', 32, 635, '', '', '', 'Park Lane', '6.9082433', '79.8978483', 'Castle Street', '6.908953987961665', '79.89422734826803', '0..0 Km', 'LKR 20.10', '0 Minutes', '0 min', 4, '', '2017-12-07 16:09:09', NULL, NULL, NULL, NULL),
(331, '0d2f1432-7cdd-4e76-b603-f015ff67dab2', 32, 635, '', '', '', 'Park Lane', '6.9082433', '79.8978483', '', '0.0', '0.0', '0..0 Km', 'LKR 20.10', '0 Minutes', '0 min', 4, '', '2017-12-07 16:09:22', NULL, NULL, NULL, NULL),
(332, '0d2f1432-7cdd-4e76-b603-f015ff67dab2', 32, 635, '', '', '', 'Park Lane', '6.9082433', '79.8978483', '', '0.0', '0.0', '', '', '', '', 4, '', '2017-12-07 16:09:34', NULL, NULL, NULL, NULL),
(333, '558787ff-5961-464b-81fc-7f376109763e', 32, 635, '', '', '', 'Park Lane', '6.9082267', '79.897795', '', '0.0', '0.0', '0..0 Km', 'LKR 20.05', '0 Minutes', '0 min', 3, '', '2017-12-07 16:10:03', NULL, NULL, NULL, NULL),
(334, '558787ff-5961-464b-81fc-7f376109763e', 32, 635, '', '', '', 'Park Lane', '6.9082417', '79.89782', '', '0.0', '0.0', '0..0 Km', 'LKR 20.05', '0 Minutes', '0 min', 3, '', '2017-12-07 16:10:07', NULL, NULL, NULL, NULL),
(335, '1a3cb4ca-68da-46e9-8523-6996615d65bd', 32, 635, '', '', '', 'Park Lane', '6.9082275', '79.8978183', '', '0.0', '0.0', '0..0 Km', 'LKR 20.00', '0 Minutes', '0 min', 4, '', '2017-12-07 16:10:45', NULL, NULL, NULL, NULL),
(336, '1a3cb4ca-68da-46e9-8523-6996615d65bd', 32, 635, '', '', '', 'Park Lane', '6.9082233', '79.8978217', '', '0.0', '0.0', '', '', '', '', 4, '', '2017-12-07 16:10:58', NULL, NULL, NULL, NULL),
(337, '269b7570-7bc9-489a-9faf-0e05ca77ee02', 32, 635, '', '', '', 'Park Lane', '6.9081933', '79.897785', 'Castle Street', '6.908953987961665', '79.89422734826803', '0..0 Km', 'LKR 20.10', '0 Minutes', '0 min', 3, '', '2017-12-07 16:18:53', NULL, NULL, NULL, NULL),
(338, '70abf916-4bc0-45fc-b929-58d08da37a5b', 32, 635, '', '', '', 'Park Lane', '6.9081933', '79.897785', '', '0.0', '0.0', '', '', '', '', 4, '', '2017-12-07 16:19:06', NULL, NULL, NULL, NULL),
(339, 'd181e2fc-d733-4125-a8bf-722cc0a71e8b', 32, 635, '', '', '', 'Park Lane', '6.9081933', '79.897785', '', '0.0', '0.0', '', '', '', '', 4, '', '2017-12-07 16:19:13', NULL, NULL, NULL, NULL),
(340, '177f417d-f5ad-4652-9801-307130d52133', 32, 635, '', '', '', 'Park Lane', '6.9081933', '79.897785', '', '0.0', '0.0', '', '', '', '', 4, '', '2017-12-07 16:19:21', NULL, NULL, NULL, NULL),
(341, 'b5756764-d624-4a7b-a225-57815e685476', 32, 635, '', '', '', 'Park Lane', '6.9081933', '79.897785', '', '0.0', '0.0', '0..0 Km', 'LKR 20.05', '0 Minutes', '0 min', 3, '', '2017-12-07 16:19:28', NULL, NULL, NULL, NULL),
(342, '006a36ac-6089-4239-882e-b9ba5b99c9ad', 32, 635, '', '', '', 'Park Lane', '6.9081933', '79.897785', '', '0.0', '0.0', '0..0 Km', 'LKR 20.10', '0 Minutes', '0 min', 3, '', '2017-12-07 16:19:38', NULL, NULL, NULL, NULL),
(343, '9f6867c0-c238-4025-a060-20d82bf067fd', 32, 635, '', '', '', 'Park Lane', '6.9081933', '79.897785', '', '0.0', '0.0', '0..0 Km', 'LKR 20.05', '0 Minutes', '0 min', 3, '', '2017-12-07 16:19:47', NULL, NULL, NULL, NULL),
(344, 'fb4725c2-5939-4a2a-bc2a-0abe7789be1b', 32, 635, '', '', '', 'Park Lane', '6.9081933', '79.897785', '', '0.0', '0.0', '0..0 Km', 'LKR 20.05', '0 Minutes', '0 min', 3, '', '2017-12-07 16:20:06', NULL, NULL, NULL, NULL),
(345, '904400f9-8f58-4eb6-af46-78b9f2a71c21', 32, 635, '', '', '', 'Park Lane', '6.9082183', '79.89779', '', '0.0', '0.0', '', '', '', '', 4, '', '2017-12-07 16:20:29', NULL, NULL, NULL, NULL),
(346, '49dbec54-ae01-4d80-8c6b-7f8cb4b05add', 32, 635, '', '', '', 'Park Lane', '6.908225', '79.89778', '', '0.0', '0.0', '0..0 Km', 'LKR 20.00', '0 Minutes', '0 min', 3, '', '2017-12-07 16:20:33', NULL, NULL, NULL, NULL),
(347, 'b20968cb-bf25-4ba2-8d43-50a29145c39d', 32, 635, '', '', '', 'Park Lane', '6.90823', '79.8977783', '', '0.0', '0.0', '0..0 Km', 'LKR 20.05', '0 Minutes', '0 min', 3, '', '2017-12-07 16:20:40', NULL, NULL, NULL, NULL),
(348, 'a5ffe94a-8a18-4902-9035-16ed4b33fac6', 32, 635, '', '', '', 'Park Lane', '6.908235', '79.8977933', '', '0.0', '0.0', '0..0 Km', 'LKR 20.00', '0 Minutes', '0 min', 3, '', '2017-12-07 16:21:05', NULL, NULL, NULL, NULL),
(349, '81f5ff18-7857-4950-ba39-404247e9a4c3', 32, 635, '', '', '', 'Park Lane', '6.908235', '79.8977933', '', '0.0', '0.0', '0..0 Km', 'LKR 20.05', '0 Minutes', '0 min', 3, '', '2017-12-07 16:21:15', NULL, NULL, NULL, NULL),
(350, 'f5739a6a-0c0a-40ce-97ec-4f0baadba7ae', 32, 635, '', '', '', 'Park Lane', '6.9081867', '79.8978083', '', '0.0', '0.0', '0..0 Km', 'LKR 20.05', '0 Minutes', '0 min', 3, '', '2017-12-07 16:21:39', NULL, NULL, NULL, NULL),
(351, 'c656bd9f-d622-442d-905d-92cc632b718c', 32, 635, '', '', '', 'Park Lane', '6.9082274', '79.8978189', '', '0.0', '0.0', '', '', '', '', 4, '', '2017-12-07 16:22:07', NULL, NULL, NULL, NULL),
(352, 'c1813132-2740-4bff-a1f5-0ae4a1b55d8f', 32, 635, '', '', '', 'Park Lane', '6.9082133', '79.8978167', '', '0.0', '0.0', '0..0 Km', 'LKR 20.10', '0 Minutes', '0 min', 3, '', '2017-12-07 16:22:12', NULL, NULL, NULL, NULL),
(353, '3dbe8622-b64c-4ebe-8e54-0f0f0e61344f', 32, 635, '', '', '', 'Park Lane', '6.908235', '79.8978283', '', '0.0', '0.0', '0..0 Km', 'LKR 20.00', '0 Minutes', '0 min', 3, '', '2017-12-07 16:22:23', NULL, NULL, NULL, NULL),
(354, '0f2961cd-3197-4628-b2d0-c8b185ba156c', 32, 635, '', '', '', 'Park Lane', '6.9082417', '79.8978567', '', '0.0', '0.0', '', '', '', '', 4, '', '2017-12-07 16:23:48', NULL, NULL, NULL, NULL),
(355, '3d52e7a3-739c-4a69-b5c1-13af2bd3ccdb', 32, 635, '', '', '', 'Park Lane', '6.9082517', '79.8976583', '', '0.0', '0.0', '0..0 Km', 'LKR 20.20', '0 Minutes', '0 min', 3, '', '2017-12-07 16:24:25', NULL, NULL, NULL, NULL),
(356, 'b0a45046-8722-42a0-8bd5-5126ab6866f2', 32, 635, '', '', '', 'Park Lane', '6.9082283', '79.8978233', '', '0.0', '0.0', '0..0 Km', 'LKR 20.05', '0 Minutes', '0 min', 3, '', '2017-12-07 16:25:41', NULL, NULL, NULL, NULL),
(357, '1b4eae58-ac19-4955-944a-85bfbd8a1237', 32, 635, '', '', '', 'Park Lane', '6.908215', '79.8977933', '', '0.0', '0.0', '0..0 Km', 'LKR 20.05', '0 Minutes', '0 min', 3, '', '2017-12-07 16:28:20', NULL, NULL, NULL, NULL),
(358, 'e42cd1a6-a3bc-4bae-b038-f2006f6c6e1a', 32, 635, '', '', '', 'Park Lane', '6.908215', '79.8977933', '', '0.0', '0.0', '0..0 Km', 'LKR 20.00', '0 Minutes', '0 min', 3, '', '2017-12-07 16:29:28', NULL, NULL, NULL, NULL),
(359, '910537c6-820c-4feb-a18c-a26a0365736d', 32, 635, '', '', '', 'Park Lane', '6.9082383', '79.8977833', '', '0.0', '0.0', '0..0 Km', 'LKR 20.00', '0 Minutes', '0 min', 3, '', '2017-12-07 16:30:50', NULL, NULL, NULL, NULL),
(360, 'b7a0fa5a-b667-4926-9b57-11a7f488d62a', 32, 635, '', '', '', 'Park Lane', '6.9082275', '79.8978192', '', '0.0', '0.0', '0..0 Km', 'LKR 20.00', '0 Minutes', '0 min', 3, '', '2017-12-07 16:31:10', NULL, NULL, NULL, NULL),
(361, '693615eb-0075-414a-bdc6-752523458fc4', 32, 635, '', '', '', 'Park Lane', '6.90823', '79.8977017', '', '0.0', '0.0', '0..0 Km', 'LKR 20.05', '0 Minutes', '0 min', 3, '', '2017-12-07 16:35:48', NULL, NULL, NULL, NULL),
(362, 'b7297631-aca0-4227-9e4a-3316dffccc60', 32, 635, '', '', '', 'Park Lane', '6.9082167', '79.8977333', '', '0.0', '0.0', '0..0 Km', 'LKR 20.00', '0 Minutes', '0 min', 3, '', '2017-12-07 16:36:04', NULL, NULL, NULL, NULL),
(363, 'e3b3397f-2ff0-4bfe-b536-11a0fe7273c8', 32, 635, '', '', '', 'Park Lane', '6.908255', '79.897915', '', '0.0', '0.0', '0..0 Km', 'LKR 20.20', '0 Minutes', '0 min', 3, '', '2017-12-07 16:41:24', NULL, NULL, NULL, NULL),
(364, '5496644d-39f5-4da1-8d04-8bfbea2ecccc', 32, 635, '', '', '', 'Park Lane', '6.9082083', '79.8977217', '', '0.0', '0.0', '0..0 Km', 'LKR 20.00', '0 Minutes', '0 min', 3, '', '2017-12-07 16:57:36', NULL, NULL, NULL, NULL),
(365, '88503511-3716-4763-9ee7-d58d2a393b5d', 32, 635, '', '', '', 'Park Lane', '6.908235', '79.8978183', '', '0.0', '0.0', '', '', '', '', 4, '', '2017-12-07 16:58:20', NULL, NULL, NULL, NULL),
(366, '0ef307b4-6e91-430c-9e0f-227dac903ada', 32, 635, '', '', '', 'Park Lane', '6.9082273', '79.8978195', '', '0.0', '0.0', '0..0 Km', 'LKR 20.00', '0 Minutes', '0 min', 3, '', '2017-12-07 16:58:29', NULL, NULL, NULL, NULL),
(367, '6722bc86-ab3e-4144-893a-0d3a9f5ef363', 32, 635, '', '', '', 'Park Lane', '6.908215', '79.89781', '', '0.0', '0.0', '0..0 Km', 'LKR 20.05', '0 Minutes', '0 min', 3, '', '2017-12-07 16:58:44', NULL, NULL, NULL, NULL),
(368, '734bd9c2-f37f-4aa5-9d4a-e705e2de48ad', 32, 635, '', '', '', 'Park Lane', '6.90821', '79.8978067', '', '0.0', '0.0', '0..0 Km', 'LKR 20.05', '0 Minutes', '0 min', 3, '', '2017-12-07 16:58:52', NULL, NULL, NULL, NULL),
(369, 'b42cb993-4b83-4f90-8732-a76a015e0f52', 32, 635, '', '', '', 'Park Lane', '6.9082533', '79.8978433', '', '0.0', '0.0', '0..0 Km', 'LKR 20.20', '0 Minutes', '0 min', 3, '', '2017-12-07 16:59:01', NULL, NULL, NULL, NULL),
(370, '4cfb34f1-5c25-4d7b-954f-33258a3c2fe9', 32, 635, '', '', '', 'Park Lane', '6.9082583', '79.8978433', '', '0.0', '0.0', '0..0 Km', 'LKR 20.05', '0 Minutes', '0 min', 3, '', '2017-12-07 16:59:17', NULL, NULL, NULL, NULL),
(371, 'acdb38cf-c45a-480a-a24c-be3988dcac1d', 32, 635, '', '', '', 'Park Lane', '6.9081983', '79.8977833', '', '0.0', '0.0', '', '', '', '', 4, '', '2017-12-07 17:02:28', NULL, NULL, NULL, NULL),
(372, '65f311f3-7a0c-4bfd-ad20-0f608c4eb45c', 32, 635, '', '', '', 'Park Lane', '6.9081983', '79.8977833', '', '0.0', '0.0', '', '', '', '', 4, '', '2017-12-07 17:02:32', NULL, NULL, NULL, NULL),
(373, '4b70a763-8945-42cd-907e-aca4b0c9b5f8', 32, 635, '', '', '', 'Park Lane', '6.9081983', '79.8977833', '', '0.0', '0.0', '', '', '', '', 4, '', '2017-12-07 17:02:37', NULL, NULL, NULL, NULL),
(374, 'd3cb0fe5-2693-47f6-b233-55415d273ed7', 32, 635, '', '', '', 'Park Lane', '6.9081983', '79.8977833', '', '0.0', '0.0', '', '', '', '', 4, '', '2017-12-07 17:02:43', NULL, NULL, NULL, NULL),
(375, '1712a5b1-cfe7-4ba9-a782-43c6654a2bcd', 32, 635, '', '', '', 'Park Lane', '6.9081983', '79.8977833', '', '0.0', '0.0', '', '', '', '', 4, '', '2017-12-07 17:02:47', NULL, NULL, NULL, NULL),
(376, '84fb70f1-ec74-4e0b-9973-7cd4b4abb5c4', 32, 635, '', '', '', 'Park Lane', '6.9081983', '79.8977833', '', '0.0', '0.0', '', '', '', '', 4, '', '2017-12-07 17:03:00', NULL, NULL, NULL, NULL),
(377, 'b40c73d8-b471-413f-ab49-2f43df67c53a', 32, 635, '', '', '', 'Park Lane', '6.9082117', '79.8978317', '', '0.0', '0.0', '0..0 Km', 'LKR 20.75', '0 Minutes', '0 min', 3, '', '2017-12-07 17:03:41', NULL, NULL, NULL, NULL),
(378, '4fe4fb9f-572c-4e31-9c16-b52243218ff8', 32, 635, '', '', '', 'Park Lane', '6.9082273', '79.8978194', 'Daniel Place', '6.918780366529653', '79.90107066929342', '0..0 Km', 'LKR 22.70', '0 Minutes', '0 min', 3, '', '2017-12-07 17:04:08', NULL, NULL, NULL, NULL),
(379, '53cff6ec-9420-444f-b368-4aeb01b5c364', 32, 635, '', '', '', 'Park Lane', '6.908225', '79.89787', 'Castle Street', '6.908953987961665', '79.89422734826803', '0..0 Km', 'LKR 21.05', '0 Minutes', '0 min', 3, '', '2017-12-07 17:05:24', NULL, NULL, NULL, NULL),
(380, '6a9aaeb6-9324-4520-ab9a-bb3e87cc2643', 32, 635, '', '', '', 'Park Lane', '6.908205', '79.8978183', '', '0.0', '0.0', '0..0 Km', 'LKR 23.40', '1 Minutes', '0 min', 3, '', '2017-12-07 17:07:57', NULL, NULL, NULL, NULL),
(381, '06cd7aa6-d4e6-40b3-85a9-6417e0bb7de6', 32, 635, '', '', '', 'Park Lane', '6.90821', '79.8978083', '', '0.0', '0.0', '0..0 Km', 'LKR 26.80', '2 Minutes', '0 min', 3, '', '2017-12-07 17:10:08', NULL, NULL, NULL, NULL),
(382, 'b679f7b9-e3a5-40ab-9642-6390b1ff6968', 32, 635, '', '', '', 'Park Lane', '6.908227', '79.8978192', '', '0.0', '0.0', '0..0 Km', 'LKR 20.00', '0 Minutes', '0 min', 3, '', '2017-12-07 17:51:46', NULL, NULL, NULL, NULL),
(383, 'e1c3a8fb-2e85-45ac-85b0-20bd1e86e2ec', 32, 635, '', '', '', 'Park Lane', '6.90824', '79.8978233', '', '0.0', '0.0', '', '', '', '', 4, '', '2017-12-07 17:57:59', NULL, NULL, NULL, NULL),
(384, '3778a38d-b237-4d53-ad77-598061c04f78', 32, 635, '', '', '', 'Sri Jayawardenepura Mawatha', '6.909446593180981', '79.89657662808897', 'Castle Street', '6.908953987961665', '79.89422734826803', '0..0 Km', 'LKR 32.20', '4 Minutes', '4 min', 3, '', '2017-12-07 17:58:54', NULL, NULL, NULL, NULL),
(385, '00315ae4-cb2d-45b3-8400-dc6fdac9f762', 32, 635, '', '', '', 'Rajagiriya Udyanaya', '6.907503795157858', '79.89377472549677', '161 Dr Danister De Silva Mawatha, Colombo 00900', '6.922686830254704', '79.87779513001442', '', '', '', '', 4, '', '2017-12-07 18:07:29', NULL, NULL, NULL, NULL),
(386, 'bcf92155-87fe-44d7-b3ea-751f2985e3f8', 32, 635, '', '', '', 'Park Lane', '6.9082339', '79.897837', 'Fort', '6.9365199', '79.84508', '0..0 Km', 'LKR 20.00', '0 Minutes', '0 min', 3, '', '2017-12-07 18:13:59', NULL, NULL, NULL, NULL),
(387, 'b3e77fb1-7467-46ef-ad2e-2eaaaade699c', 32, 635, '', '', '', 'Rajagiriya Road', '6.911571446569361', '79.8930424824357', 'Fort', '6.9365199', '79.84508', '0.0 Km', 'LKR 23.95', '1 Minutes', '0 min', 3, '', '2017-12-07 18:14:46', NULL, NULL, NULL, NULL),
(388, 'a96ad22a-55d7-4ae0-a8ae-b2f46ce4bf82', 32, 635, '', '', '', 'Borella - Rajagiriya Road', '6.909479544457736', '79.89661250263453', 'Fort', '6.9365199', '79.84508', '0.0 Km', 'LKR 20.80', '0 Minutes', '0 min', 3, '', '2017-12-07 18:19:49', NULL, NULL, NULL, NULL),
(389, 'ba9df5e0-0470-4ce3-8550-5b43f494976f', 32, 635, '', '', '', 'Park Lane', '6.9082217', '79.8977733', '', '0.0', '0.0', '0..0 Km', 'LKR 20.35', '0 Minutes', '0 min', 3, '', '2017-12-07 18:21:42', NULL, NULL, NULL, NULL),
(390, 'ccd2de3e-7d83-4bfe-876d-c1bff26c1899', 32, 635, '', '', '', 'Park Lane', '6.9082317', '79.8977983', 'Daniel Place', '6.918780366529653', '79.90107066929342', '0..0 Km', 'LKR 20.70', '0 Minutes', '0 min', 3, '', '2017-12-07 18:22:17', NULL, NULL, NULL, NULL),
(391, 'b7af7e21-1562-409d-b75a-679fa7d9e566', 32, 635, '', '', '', 'Park Lane', '6.9082267', '79.8978188', 'Daniel Place', '6.918780366529653', '79.90107066929342', '0..0 Km', 'LKR 20.05', '0 Minutes', '0 min', 3, '', '2017-12-07 18:51:25', NULL, NULL, NULL, NULL),
(392, 'b4c5977a-b39e-4612-989d-4ec7714161d6', 32, 635, '', '', '', 'Park Lane', '6.9081833', '79.8977617', '', '0.0', '0.0', '0..0 Km', 'LKR 20.00', '0 Minutes', '0 min', 3, '', '2017-12-07 18:52:24', NULL, NULL, NULL, NULL),
(393, '332e486d-d030-48c9-9b84-349c74f70371', 32, 635, '', '', '', 'Park Lane', '6.9081833', '79.8977617', 'Daniel Place', '6.918780366529653', '79.90107066929342', '0..0 Km', 'LKR 20.05', '0 Minutes', '0 min', 3, '', '2017-12-07 18:52:36', NULL, NULL, NULL, NULL),
(394, 'b9561708-7ff9-4dc0-991c-c1e5b3c142df', 32, 635, '', '', '', 'Park Lane', '6.9082413', '79.8978281', '', '0.0', '0.0', '', '', '', '', 4, '', '2017-12-08 10:06:23', NULL, NULL, NULL, NULL),
(395, '4b03a935-1fc5-48ec-a755-044c9c6509db', 32, 635, '', '', '', 'Sri Jayawardenepura Mawatha', '6.908941672824602', '79.89749528467655', 'Fort', '6.9365199', '79.84508', '', '', '', '', 4, '', '2017-12-08 10:06:57', NULL, NULL, NULL, NULL),
(396, '878bfcbc-42a3-437c-a66a-ca43adfa26e1', 32, 635, '', '', '', 'Sri Jayawardenepura Mawatha', '6.909187309822074', '79.89698499441147', 'Fort', '6.9365199', '79.84508', '0.0 Km', 'LKR 20.10', '0 Minutes', '0 min', 3, '', '2017-12-08 10:07:15', NULL, NULL, NULL, NULL),
(397, 'be382024-a527-42b7-a6c3-5118c3b3d085', 32, 635, '', '', '', 'Park Lane', '6.9082324', '79.8978198', '', '0.0', '0.0', '0.0 Km', 'LKR 24.45', '1 Minutes', '0 min', 3, '', '2017-12-08 10:11:20', NULL, NULL, NULL, NULL),
(398, '17732449-bfa2-47cd-9d87-d50530781030', 32, 635, '', '', '', 'Park Lane', '6.9082429', '79.8978307', '', '0.0', '0.0', '0.0 Km', 'LKR 20.00', '0 Minutes', '0 min', 3, '', '2017-12-08 10:14:46', NULL, NULL, NULL, NULL),
(399, '044639d0-0ee1-4531-8262-e846c41628e5', 32, 635, '', '', '', 'Park Lane', '6.9082411', '79.8978374', '', '0.0', '0.0', '0.1 Km', 'LKR 120.75', '33 Minutes', '34 min', 3, '', '2017-12-08 10:16:04', NULL, NULL, NULL, NULL),
(400, '95869fca-3279-4513-bf5d-f86d342e79dd', 32, 635, '', '', '', 'Castle Street', '6.909166340815072', '79.89581990987062', '32 Kollupitiya - Sri Jayawardenapura Rd, Colombo 00700', '6.911061868721656', '79.87888813018799', '0.0 Km', 'LKR 20.05', '0 Minutes', '0 min', 3, '', '2017-12-08 11:12:53', NULL, NULL, NULL, NULL),
(401, '74181cdf-19c6-43d1-a942-639af371c6d2', 32, 635, '', '', '', 'Cotta Road', '6.9096016971505545', '79.89579811692236', 'Obeysekarapura Road', '6.919125848734671', '79.89270452409983', '0.0 Km', 'LKR 32.45', '4 Minutes', '4 min', 3, '', '2017-12-08 12:08:27', NULL, NULL, NULL, NULL),
(402, '713ed897-8582-4228-bec4-d1788b653046', 32, 635, '', '', '', 'Park Lane', '6.9082367', '79.89782', '', '0.0', '0.0', '0.0 Km', 'LKR 20.25', '0 Minutes', '0 min', 3, '', '2017-12-08 12:14:59', NULL, NULL, NULL, NULL),
(403, 'c2547a9f-f94e-4c55-b475-cfc883748e82', 32, 635, '', '', '', 'Park Lane', '6.9082279', '79.8978182', '', '0.0', '0.0', '0.0 Km', 'LKR 20.30', '0 Minutes', '0 min', 3, '', '2017-12-08 12:15:18', NULL, NULL, NULL, NULL),
(404, 'a1735cb1-4db1-4b13-8d42-b3eddea18b44', 32, 635, '', '', '', 'Park Lane', '6.908305', '79.8977667', '', '0.0', '0.0', '', '', '', '', 4, '', '2017-12-08 12:16:46', NULL, NULL, NULL, NULL),
(405, '1739ae77-29e1-426c-b3b0-382249de41b5', 32, 635, '', '', '', 'Castle Street', '6.908321255774997', '79.89329293370247', '', '6.91055062612256', '79.86701164394619', '0.0 Km', 'LKR 20.00', '0 Minutes', '0 min', 3, '', '2017-12-08 12:19:32', NULL, NULL, NULL, NULL),
(406, 'dad5214e-1b52-44c8-877b-12fa4ec8fff9', 32, 635, '', '', '', '219 Kollupitiya - Sri Jayawardenapura Rd, Colombo', '6.9084474028697995', '79.88960221409798', '51-55 Ananda Coomaraswamy Mawatha, Colombo 00700', '6.912067044615366', '79.8546925932169', '0.0 Km', 'LKR 20.00', '0 Minutes', '0 min', 3, '', '2017-12-08 12:21:20', NULL, NULL, NULL, NULL),
(407, 'd22dae3f-3f1e-4e85-81f6-7d91e722afb3', 32, 635, '', '', '', '2nd Lane', '6.918701817553737', '79.88726768642664', '', '6.937125853846997', '79.86936662346125', '0.0 Km', 'LKR 20.20', '0 Minutes', '0 min', 4, '', '2017-12-08 12:22:50', NULL, NULL, NULL, NULL),
(408, '01e93312-6fd8-4aaa-8287-568554445fc9', 32, 635, '', '', '', 'Buthgamuwa Road', '6.910541639431299', '79.89988580346107', '272 B231, 10600', '6.928318311740774', '79.90216735750437', '0.0 Km', 'LKR 21.45', '0 Minutes', '0 min', 3, '', '2017-12-08 12:26:10', NULL, NULL, NULL, NULL),
(409, 'db36aed6-a573-45fa-a92a-3be977b65650', 32, 635, '', '', '', 'Park Lane', '6.9082033', '79.8977933', '1st Lane', '6.912972366769326', '79.89921491593122', '0.0 Km', 'LKR 52.95', '10 Minutes', '11 min', 3, '', '2017-12-08 12:27:22', NULL, NULL, NULL, NULL),
(410, 'e86850ff-11b3-4286-9337-ac97af8acdcd', 32, 635, '', '', '', 'Park Lane', '6.9082217', '79.8978017', '', '0.0', '0.0', '', '', '', '', 4, '', '2017-12-08 12:42:52', NULL, NULL, NULL, NULL),
(411, 'b68c392c-2a09-4254-bc89-53b8d892bf2e', 32, 635, '', '', '', 'Park Lane', '6.9082217', '79.8978017', '', '0.0', '0.0', '', '', '', '', 4, '', '2017-12-08 12:42:57', NULL, NULL, NULL, NULL),
(412, '95bed614-18e2-486d-a148-45c46e5e58a1', 32, 635, '', '', '', 'Park Lane', '6.9082217', '79.8978017', '', '0.0', '0.0', '', '', '', '', 4, '', '2017-12-08 12:43:03', NULL, NULL, NULL, NULL),
(413, '42c271a1-a424-42bf-ac0e-f487c5d1f73e', 32, 635, '', '', '', 'Park Lane', '6.9082217', '79.8978017', '', '0.0', '0.0', '0.0 Km', 'LKR 21.10', '0 Minutes', '0 min', 3, '', '2017-12-08 12:43:09', NULL, NULL, NULL, NULL),
(414, 'c13e6c21-b038-483f-b5dd-65a8e75bae73', 32, 635, '', '', '', 'Park Lane', '6.9082217', '79.8978017', '1st Lane', '6.912972366769326', '79.89921491593122', '', '', '', '', 4, '', '2017-12-08 12:43:47', NULL, NULL, NULL, NULL),
(415, '330699d4-ad7a-4066-8d6a-2523aecbef7c', 32, 635, '', '', '', 'Magazine & Prison Hospital Road', '6.923110192192685', '79.87925995141268', 'Green Lane', '6.943470723351128', '79.86255683004856', '0.0 Km', 'LKR 20.25', '0 Minutes', '0 min', 3, '', '2017-12-08 12:52:52', NULL, NULL, NULL, NULL),
(416, '7f20608a-4ffd-40ab-851e-210aa12d9018', 32, 635, '', '', '', 'Asiri Uyana', '6.917427059041686', '79.89276219159365', 'Keppetipola Mawatha', '6.926564305508615', '79.88616093993187', '0.0 Km', 'LKR 26.20', '2 Minutes', '2 min', 3, '', '2017-12-08 12:54:43', NULL, NULL, NULL, NULL),
(417, 'ce5bcd4a-3581-4560-9be1-37e1cab1fe68', 32, 635, '', '', '', '192 Rajagiriya Rd, Sri Jayawardenepura Kotte', '6.912613233666514', '79.89344146102667', '', '6.91706526663866', '79.89065833389759', '0.0 Km', 'LKR 20.10', '0 Minutes', '0 min', 3, '', '2017-12-08 12:57:43', NULL, NULL, NULL, NULL),
(418, '2efd9cc9-846c-400c-8b76-ccf9390cfeed', 32, 635, '', '', '', 'Park Lane', '6.9082629', '79.8978533', 'Green Lane', '6.943470723351128', '79.86255683004856', '0.0 Km', 'LKR 20.10', '0 Minutes', '0 min', 3, '', '2017-12-08 13:07:33', NULL, NULL, NULL, NULL),
(419, 'c231f3dd-83ec-4dfc-af84-fa5beb24b145', 32, 635, '', '', '', 'Park Lane', '6.912411200373807', '79.89490158855915', 'Obeysekarapura Road', '6.921218040964039', '79.88252319395542', '0.0 Km', 'LKR 20.15', '0 Minutes', '0 min', 3, '', '2017-12-08 13:08:31', NULL, NULL, NULL, NULL),
(420, '83855808-ca5c-49ad-97b9-dbf4ab51560d', 32, 635, '', '', '', 'Sri Jayawardenepura Mawatha', '6.912848550753593', '79.89338513463734', '192 Rajagiriya Rd, Sri Jayawardenepura Kotte', '6.937431051216849', '79.89244937896729', '0.0 Km', 'LKR 20.15', '0 Minutes', '0 min', 3, '', '2017-12-08 13:10:45', NULL, NULL, NULL, NULL),
(421, '4078b0db-ccb9-4bee-99ee-8104dbaadd63', 36, 642, '', '', '', 'Park Lane', '6.908266986726698', '79.89782108932724', 'Davidson Road', '6.8826132', '79.8610564', '2.483015459025719', '20', '0', '9', 3, '', '2017-12-08 13:12:37', NULL, NULL, NULL, NULL),
(422, '2c340a48-f2e1-4109-ac22-3ffc34000d8e', 32, 635, '', '', '', 'Park Lane', '6.9082505', '79.8978418', '1169 1st Ln, Sri Jayawardenepura Kotte', '6.910266380323742', '79.88967362791301', '', '', '', '', 4, '', '2017-12-08 13:12:58', NULL, NULL, NULL, NULL),
(423, 'd6f4f1b2-4fbd-4865-8023-acb3bce72b42', 32, 635, '', '', '', 'Park Lane', '6.901215691754065', '79.89075489342213', 'Galpotta Road', '6.89749211792667', '79.87737435847521', '0.0 Km', 'LKR 20.25', '0 Minutes', '0 min', 3, '', '2017-12-08 13:13:20', NULL, NULL, NULL, NULL),
(424, '29e914e8-8a41-43c5-b6ea-9ee51d30f193', 32, 635, '', '', '', 'Park Lane', '6.9082', '79.8977867', 'Obeysekarapura Road', '6.919125848734671', '79.89270452409983', '0.0 Km', 'LKR 23.80', '1 Minutes', '1 min', 3, '', '2017-12-08 13:19:59', NULL, NULL, NULL, NULL),
(425, '185f254d-67e4-45ed-b2a7-7a5fd40ccad8', 32, 635, '', '', '', 'Park Lane', '6.9082183', '79.8978567', '', '0.0', '0.0', '', '', '', '', 4, '', '2017-12-08 13:21:34', NULL, NULL, NULL, NULL),
(426, '1fa553da-78f8-4b9b-b019-efe504725821', 32, 635, '', '', '', 'Park Lane', '6.9082183', '79.8978567', '', '0.0', '0.0', '0.0 Km', 'LKR 29.30', '3 Minutes', '3 min', 3, '', '2017-12-08 13:21:42', NULL, NULL, NULL, NULL),
(427, '05034a4b-3d10-4894-b82d-832f4bd33159', 32, 635, '', '', '', 'Park Lane', '6.9082276', '79.8978184', 'Obeysekarapura Road', '6.919125848734671', '79.89270452409983', '', '', '', '', 4, '', '2017-12-08 13:32:08', NULL, NULL, NULL, NULL),
(428, '9e5369e8-0bc8-48e4-b48e-3261f1029db8', 32, 635, '', '', '', 'Park Lane', '6.9082282', '79.897818', '15 Maitland Cres, Colombo 00700', '6.91055062612256', '79.86701164394619', '0.0 Km', 'LKR 20.00', '0 Minutes', '0 min', 3, '', '2017-12-08 14:51:40', '2017-12-08 14:51:48', '2017-12-08 14:51:49', NULL, NULL),
(429, 'be734226-687b-4043-8653-37b15bf6c5d5', 32, 635, '', '', '', 'Park Lane', '6.9082667', '79.8978683', '', '0.0', '0.0', '', '', '', '', 4, '', '2017-12-08 14:51:54', NULL, NULL, NULL, NULL),
(430, 'c2226775-d858-44e3-ba50-3481d4e6e220', 32, 635, '', '', '', 'Park Lane', '6.9082667', '79.8978683', '', '0.0', '0.0', '', '', '', '', 4, '', '2017-12-08 14:51:59', NULL, NULL, NULL, NULL),
(431, 'cb2b816e-6d4e-457b-a32c-78802468683d', 32, 635, '', '', '', 'Park Lane', '6.9082633', '79.8978733', '', '0.0', '0.0', '0.0 Km', 'LKR 20.15', '0 Minutes', '0 min', 3, '', '2017-12-08 14:53:03', '2017-12-08 14:53:08', '2017-12-08 14:53:12', NULL, NULL),
(432, '2dabb236-79ef-4e82-8fd6-3b378bb01817', 32, 635, '', '', '', 'Park Lane', '6.9082633', '79.8978733', '', '0.0', '0.0', '0.0 Km', 'LKR 20.40', '0 Minutes', '0 min', 3, '', '2017-12-08 14:53:26', '2017-12-08 14:53:30', '2017-12-08 14:53:38', NULL, NULL),
(433, '3a201c66-78b6-44b8-b0aa-2f216e1d4fce', 32, 635, '', '', '', 'Park Lane', '6.908255', '79.8978267', '', '0.0', '0.0', '', '', '', '', 4, '', '2017-12-08 15:22:32', NULL, NULL, NULL, NULL),
(434, '4d0b1cd7-767f-4cd9-961c-6f2d825428f7', 32, 635, '', '', '', 'Park Lane', '6.9082273', '79.8978191', '', '0.0', '0.0', '0.0 Km', 'LKR 20.20', '0 Minutes', '0 min', 3, '', '2017-12-08 15:47:40', '2017-12-08 15:47:44', '2017-12-08 15:47:49', NULL, NULL),
(435, 'bb691b4d-b689-41d1-9fc1-25e67c1ca325', 32, 635, '', '', '', 'Park Lane', '6.90822', '79.8977867', '', '0.0', '0.0', '0.0 Km', 'LKR 20.70', '0 Minutes', '0 min', 3, '', '2017-12-08 16:10:08', '2017-12-08 16:10:55', '2017-12-08 16:11:10', NULL, NULL),
(436, '7ca7156a-97a9-4dc0-96b6-915e7155a845', 32, 635, '', '', '', 'Park Lane', '6.90822', '79.8977867', 'Park Lane', '6.90716429562636', '79.89720493555069', '', '', '', '', 4, '', '2017-12-08 16:11:33', NULL, NULL, NULL, NULL),
(437, 'da143d67-4d89-45fc-8e53-2f321b07eb47', 32, 635, '', '', '', 'Park Lane', '6.906165433336662', '79.89739671349525', '15 Maitland Cres, Colombo 00700', '6.91055062612256', '79.86701164394619', '0.0 Km', 'LKR 20.15', '0 Minutes', '0 min', 3, '', '2017-12-08 16:12:18', '2017-12-08 16:12:27', '2017-12-08 16:12:32', NULL, NULL),
(438, '2edc5b4e-aeaf-4f4d-b8bc-3ccf30f42278', 36, 642, '', '', '', 'Park Lane', '6.908226502134379', '79.89781614400437', '', '0', '0', '0', '20', '0', '11', 3, '', '2017-12-08 16:29:13', '2017-12-08 16:29:21', '2017-12-08 16:29:35', NULL, NULL),
(439, '7d9dc654-e19a-49e5-9230-d21bf65d2de2', 36, 642, '', '', '', 'Park Lane', '6.908249468549069', '79.89781178541472', 'Davidson Road', '6.8826132', '79.8610564', '5.232634247998759', '0', '0', '5', 3, '', '2017-12-08 18:02:04', '2017-12-08 18:02:16', '2017-12-08 18:02:25', NULL, NULL),
(440, '96470906-a450-4b3e-a0d0-068a563f6b77', 32, 635, '', '', '', 'Park Lane', '6.90824', '79.8978067', '', '0.0', '0.0', '0.0 Km', 'LKR 20.10', '0 Minutes', '0 min', 3, '', '2017-12-08 18:02:29', '2017-12-08 18:02:45', '2017-12-08 18:02:48', NULL, NULL),
(441, '94300531-9bb3-4618-afa2-926bc6eb705d', 32, 635, '', '', '', 'Park Lane', '6.9082467', '79.897875', '', '0.0', '0.0', '', '', '', '', 4, '', '2017-12-08 18:02:55', NULL, NULL, NULL, NULL),
(442, 'e93cd8d8-6001-45ea-a021-856068507286', 32, 635, '', '', '', 'Park Lane', '6.9082433', '79.8978567', '15 Maitland Cres, Colombo 00700', '6.91055062612256', '79.86701164394619', '0.0 Km', 'LKR 23.20', '1 Minutes', '1 min', 3, '', '2017-12-08 18:03:10', '2017-12-08 18:03:15', '2017-12-08 18:04:20', NULL, NULL),
(443, '99f96974-bc0c-4725-93ec-7572f12017f1', 36, 642, '', '', '', 'Park Lane', '6.908255713066932', '79.89780088894059', 'Davidson Road', '6.8826132', '79.8610564', '0', '0', '0', '21', 3, '', '2017-12-08 18:03:59', '2017-12-08 18:04:09', '2017-12-08 18:04:33', NULL, NULL),
(444, 'd64b117b-7c0c-4db4-ae04-0a34fda30d39', 32, 635, '', '', '', 'Park Lane', '6.908245', '79.8978333', '1st Lane', '6.912972366769326', '79.89921491593122', '0.0 Km', 'LKR 20.60', '0 Minutes', '0 min', 3, '', '2017-12-08 18:04:51', '2017-12-08 18:05:11', '2017-12-08 18:05:24', NULL, NULL),
(445, '38db4f54-55a8-4329-89c1-594555272437', 32, 635, '', '', '', 'Park Lane', '6.9082264', '79.8978183', '15 Maitland Cres, Colombo 00700', '6.91055062612256', '79.86701164394619', '0.0 Km', 'LKR 20.50', '0 Minutes', '0 min', 3, '', '2017-12-08 18:05:44', '2017-12-08 18:05:51', '2017-12-08 18:06:03', NULL, NULL),
(446, '56b3d6c9-180b-48cf-b5a8-6dec5b66fa60', 32, 635, '', '', '', 'Park Lane', '6.9082257', '79.8978185', '', '0.0', '0.0', '0.0 Km', 'LKR 20.15', '0 Minutes', '0 min', 3, '', '2017-12-08 18:07:53', '2017-12-08 18:07:55', '2017-12-08 18:07:59', NULL, NULL),
(447, 'a4fb6b08-fc15-4bec-bf1d-89035f2d9696', 32, 635, '', '', '', 'Park Lane', '6.9082633', '79.8977833', '', '0.0', '0.0', '', '', '', '', 4, '', '2017-12-08 18:08:05', NULL, NULL, NULL, NULL),
(448, '9bdd779c-7a87-4d12-afbf-6c93badb1146', 32, 635, '', '', '', 'Park Lane', '6.9082633', '79.8977833', '', '0.0', '0.0', '0.0 Km', 'LKR 20.05', '0 Minutes', '0 min', 3, '', '2017-12-08 18:08:17', '2017-12-08 18:08:25', '2017-12-08 18:08:28', NULL, NULL),
(449, 'a34db055-428b-4952-afd5-d8b3f8b3e89f', 32, 635, '', '', '', 'Park Lane', '6.9082266', '79.8978183', '', '0.0', '0.0', '0.0 Km', 'LKR 21.05', '0 Minutes', '0 min', 3, '', '2017-12-08 18:08:32', '2017-12-08 18:08:36', '2017-12-08 18:08:58', NULL, NULL),
(450, '2da3d5d8-e030-4929-a00e-e81a543dc549', 32, 635, '', '', '', 'Park Lane', '6.9082268', '79.8978174', '', '0.0', '0.0', '0.0 Km', 'LKR 20.60', '0 Minutes', '0 min', 3, '', '2017-12-08 18:09:03', '2017-12-08 18:09:05', '2017-12-08 18:12:55', NULL, NULL),
(451, '220bfd97-4bd6-446e-b299-0be63cd1e82a', 32, 635, '', '', '', '61 Dharmapala Pl, Sri Jayawardenepura Kotte', '6.911561461378391', '79.89527307450771', '11021 Wanathamulla Rd, Colombo 00800', '6.923032309600518', '79.88216411322355', '0.0 Km', 'LKR 28.85', '2 Minutes', '3 min', 3, '', '2017-12-11 10:32:21', '2017-12-11 10:32:38', '2017-12-11 10:35:40', NULL, NULL),
(452, '2a051cb9-7929-4d56-bd26-0520e5ac3725', 32, 635, '', '', '', 'Park Lane', '6.90824', '79.8978083', '', '0.0', '0.0', '0.0 Km', 'LKR 20.00', '0 Minutes', '0 min', 3, '', '2017-12-11 10:36:05', '2017-12-11 10:36:07', '2017-12-11 10:36:08', NULL, NULL),
(453, '961ef613-d02b-4a15-befb-d92bf6b79339', 32, 635, '', '', '', 'Park Lane', '6.90824', '79.8978083', '15 Maitland Cres, Colombo 00700', '6.91055062612256', '79.86701164394619', '0.0 Km', 'LKR 20.50', '0 Minutes', '0 min', 3, '', '2017-12-11 10:36:19', '2017-12-11 10:36:22', '2017-12-11 10:36:33', NULL, NULL),
(454, '9ee7d772-d76c-4a37-8172-56418289afda', 32, 635, '', '', '', 'Park Lane', '6.9082333', '79.8978145', '', '0.0', '0.0', '0.0 Km', 'LKR 20.35', '0 Minutes', '0 min', 4, '', '2017-12-11 10:37:20', '2017-12-11 11:02:54', '2017-12-11 11:03:03', NULL, NULL),
(455, 'e8a0c2fc-0db0-4a66-bf93-b410039de3ed', 32, 635, '', '', '', 'Park Lane', '6.9082152', '79.8979029', 'Karapitiya', '6.0705817', '80.2251603', '', '', '', '', 4, '', '2017-12-11 11:04:03', NULL, NULL, NULL, NULL),
(456, 'ca08b1f0-27af-4c65-9d8d-90d8560887fe', 32, 635, '', '', '', 'Park Lane', '6.9082325', '79.8978625', '25 St Stephen\'s Mawatha, Colombo', '6.919327213487074', '79.89548798650503', '', '', '', '', 4, '', '2017-12-11 11:12:34', NULL, NULL, NULL, NULL),
(457, '9ad20b04-6c95-4f9d-8ad0-6ebd4f32f0e5', 32, 635, '', '', '', 'Park Lane', '6.908134', '79.8978756', '', '0.0', '0.0', '', '', '', '', 4, '', '2017-12-11 11:15:26', NULL, NULL, NULL, NULL),
(458, '82fc1789-4fdc-4c45-93ac-9b385f24760e', 32, 635, '', '', '', 'Park Lane', '6.9081335', '79.8978739', '25 St Stephen\'s Mawatha, Colombo', '6.919327213487074', '79.89548798650503', '', '', '', '', 4, '', '2017-12-11 11:15:38', NULL, NULL, NULL, NULL),
(459, 'e9f63aa3-7522-4a97-86b9-be87ea8bbc1f', 32, 635, '', '', '', 'Park Lane', '6.9082326', '79.8978531', '25 St Stephen\'s Mawatha, Colombo', '6.919327213487074', '79.89548798650503', '0.0 Km', 'LKR 20.75', '0 Minutes', '0 min', 3, '', '2017-12-11 11:25:26', '2017-12-11 11:25:34', '2017-12-11 11:25:51', NULL, NULL),
(460, '0fe8f01c-2de1-4c98-a394-e531b8606340', 32, 635, '', '', '', 'Park Lane', '6.9082472', '79.8978252', '25 St Stephen\'s Mawatha, Colombo', '6.919327213487074', '79.89548798650503', '0.0 Km', 'LKR 20.95', '0 Minutes', '0 min', 3, '', '2017-12-11 11:26:04', '2017-12-11 11:26:08', '2017-12-11 11:26:30', NULL, NULL),
(461, '2096c0f2-bf77-4861-bbd8-b1e8df909cf9', 32, 635, '', '', '', 'Park Lane', '6.9082472', '79.8978252', '', '0.0', '0.0', '0.0 Km', 'LKR 20.10', '0 Minutes', '0 min', 3, '', '2017-12-11 11:26:42', '2017-12-11 11:26:45', '2017-12-11 11:26:49', NULL, NULL),
(462, '69411dde-174e-4951-9b01-9934f6ab4789', 32, 635, '', '', '', 'Park Lane', '6.9082472', '79.8978252', '25 St Stephen\'s Mawatha, Colombo', '6.919327213487074', '79.89548798650503', '0.0 Km', 'LKR 20.15', '0 Minutes', '0 min', 3, '', '2017-12-11 11:27:10', '2017-12-11 11:27:12', '2017-12-11 11:27:18', NULL, NULL),
(463, '9d71b3ad-2591-406c-aef8-0c324f107f55', 32, 635, '', '', '', 'Park Lane', '6.908227', '79.8978188', '1st Lane', '6.912972366769326', '79.89921491593122', '', '', '', '', 4, '', '2017-12-11 11:29:52', '2017-12-11 11:36:55', NULL, NULL, NULL),
(464, '814ed52b-4e99-4ba6-b476-329e64993474', 32, 635, '', '', '', 'Park Lane', '6.9082667', '79.8978083', '', '0.0', '0.0', '', '', '', '', 4, '', '2017-12-11 11:37:42', NULL, NULL, NULL, NULL),
(465, '47698d6e-83d4-41bd-b3c0-f61dcc2d218e', 32, 635, '', '', '', 'Park Lane', '6.90819', '79.8978317', '', '0.0', '0.0', '', '', '', '', 4, '', '2017-12-11 11:38:51', NULL, NULL, NULL, NULL),
(466, '81b91de4-93bd-47bc-bb38-8b22670bcc2c', 32, 635, '', '', '', 'Park Lane', '6.9082269', '79.8978191', '', '0.0', '0.0', '0.0 Km', 'LKR 20.05', '0 Minutes', '0 min', 3, '', '2017-12-11 11:39:15', '2017-12-11 11:39:16', '2017-12-11 11:39:19', NULL, NULL),
(467, 'baf3fddc-4251-4974-9593-68fe02047446', 32, 635, '', '', '', 'Park Lane', '6.9081667', '79.89784', 'Obeysekarapura Road', '6.919125848734671', '79.89270452409983', '0.0 Km', 'LKR 24.05', '1 Minutes', '1 min', 3, '', '2017-12-11 11:39:26', '2017-12-11 11:39:29', '2017-12-11 11:40:51', NULL, NULL),
(468, '5163eae0-cb4f-405f-9037-01ceacf667ba', 32, 635, '', '', '', 'Park Lane', '6.9081583', '79.8979033', '1st Lane', '6.912972366769326', '79.89921491593122', '0.0 Km', 'LKR 20.00', '0 Minutes', '0 min', 3, '', '2017-12-11 11:46:52', '2017-12-11 11:47:12', '2017-12-11 11:47:14', NULL, NULL),
(469, '3d2677c1-8225-47dc-b0c3-3c9c7e54a2c1', 32, 635, '', '', '', 'Park Lane', '6.9082152', '79.8978511', 'Unnamed Road', '9.576750943737647', '80.3468095511198', '0.0 Km', 'LKR 20.00', '0 Minutes', '0 min', 3, '', '2017-12-11 11:47:19', '2017-12-11 11:47:28', '2017-12-11 11:47:33', NULL, NULL);
INSERT INTO `ride_history` (`tripID`, `roomID`, `rID`, `uID`, `riderName`, `riderImage`, `ratingParticularTrip`, `pickupLocationName`, `pickupLocationLatitude`, `pickupLocationLongitude`, `dropLocationName`, `dropLocationLatitude`, `dropLocationLongitude`, `totalDistance`, `totalAmount`, `totalWaitingTime`, `totalRideTime`, `tSatus`, `cancelledReason`, `rideDate`, `rideStartTime`, `rideEndTime`, `ridePromoCodeId`, `rideAmount`) VALUES
(470, '41dd49e5-9398-49de-9ed1-ae8e66a316b6', 32, 635, '', '', '', 'Park Lane', '6.9082084', '79.8978582', 'Karapitiya', '6.0705817', '80.2251603', '0.0 Km', 'LKR 20.00', '0 Minutes', '0 min', 3, '', '2017-12-11 11:48:09', '2017-12-11 11:48:11', '2017-12-11 11:48:12', NULL, NULL),
(471, '586c6f0d-2e05-4166-8830-6eff70dc664c', 32, 635, '', '', '', 'Park Lane', '6.9082245', '79.8978277', '', '0.0', '0.0', '0.0 Km', 'LKR 20.00', '0 Minutes', '0 min', 3, '', '2017-12-11 11:51:13', '2017-12-11 11:51:16', '2017-12-11 11:51:18', NULL, NULL),
(472, 'f12d4050-7f83-4864-acd7-ef009360849d', 32, 635, '', '', '', 'Park Lane', '6.9082216', '79.897824', '', '0.0', '0.0', '0.0 Km', 'LKR 20.00', '0 Minutes', '0 min', 3, '', '2017-12-11 11:51:59', '2017-12-11 11:52:03', '2017-12-11 11:52:05', NULL, NULL),
(473, '8d9eb8c0-02aa-40a9-9c65-45abd3efefa6', 32, 635, '', '', '', 'Park Lane', '6.908223', '79.897825', '', '0.0', '0.0', '0.0 Km', 'LKR 20.10', '0 Minutes', '0 min', 3, '', '2017-12-11 11:52:11', '2017-12-11 11:52:20', '2017-12-11 11:52:23', NULL, NULL),
(474, 'ca973e61-da5d-4b92-8103-6ac2037bfea3', 32, 635, '', '', '', 'Park Lane', '6.908226', '79.8978249', '', '0.0', '0.0', '0.0 Km', 'LKR 20.10', '0 Minutes', '0 min', 3, '', '2017-12-11 11:52:40', '2017-12-11 11:52:43', '2017-12-11 11:52:46', NULL, NULL),
(475, '29ad683d-87d0-4d95-939e-78e490ebb231', 32, 635, '', '', '', 'Park Lane', '6.9082569', '79.8978556', '', '0.0', '0.0', '', '', '', '', 4, '', '2017-12-11 11:59:58', NULL, NULL, NULL, NULL),
(476, '5e57f941-d386-44df-88bd-968a4df8ae06', 32, 635, '', '', '', 'Park Lane', '6.9082394', '79.8978633', '', '0.0', '0.0', '', '', '', '', 4, '', '2017-12-11 12:00:24', NULL, NULL, NULL, NULL),
(477, '8c6e87b3-92cf-491f-b064-7232bffbb748', 32, 635, '', '', '', 'Park Lane', '6.9082398', '79.8978637', '', '0.0', '0.0', '', '', '', '', 4, '', '2017-12-11 12:00:31', NULL, NULL, NULL, NULL),
(478, '280acc35-9113-42a2-9a61-82b93da69b3d', 32, 635, '', '', '', 'Park Lane', '6.9082409', '79.8978636', '', '0.0', '0.0', '0.0 Km', 'LKR 20.05', '0 Minutes', '0 min', 3, '', '2017-12-11 12:00:35', '2017-12-11 12:00:36', '2017-12-11 12:00:39', NULL, NULL),
(479, '5fd188fe-98a8-468a-a947-4e2ff8356438', 32, 635, '', '', '', 'Park Lane', '6.908225', '79.8978665', '', '0.0', '0.0', '0.0 Km', 'LKR 20.05', '0 Minutes', '0 min', 3, '', '2017-12-11 12:03:20', '2017-12-11 12:03:22', '2017-12-11 12:03:24', NULL, NULL),
(480, '32d1dce4-f8e3-4796-a0ee-2ffdd0d383c3', 32, 635, '', '', '', 'Park Lane', '6.9082357', '79.8978645', '', '0.0', '0.0', '0.0 Km', 'LKR 20.05', '0 Minutes', '0 min', 3, '', '2017-12-11 12:05:40', '2017-12-11 12:05:43', '2017-12-11 12:05:44', NULL, NULL),
(481, '7fd8690d-5ecc-4880-b38c-995c77eb3a88', 32, 635, '', '', '', 'Park Lane', '6.9082167', '79.8978445', '', '0.0', '0.0', '0.0 Km', 'LKR 20.00', '0 Minutes', '0 min', 3, '', '2017-12-11 12:08:43', '2017-12-11 12:08:45', '2017-12-11 12:08:47', NULL, NULL),
(482, '0651cda6-0591-4540-a705-a724281abede', 32, 635, '', '', '', 'Park Lane', '6.9082188', '79.8978408', '', '0.0', '0.0', '0.0 Km', 'LKR 20.00', '0 Minutes', '0 min', 3, '', '2017-12-11 12:08:53', '2017-12-11 12:08:55', '2017-12-11 12:08:56', NULL, NULL),
(483, '09f1e466-d454-45b6-9507-43040eefdb93', 32, 635, '', '', '', 'Park Lane', '6.9082177', '79.8978407', '', '0.0', '0.0', '', '', '', '', 4, '', '2017-12-11 12:09:02', NULL, NULL, NULL, NULL),
(484, '8972aa1a-d0eb-4549-843e-b7f83500500d', 32, 635, '', '', '', 'Park Lane', '6.9082177', '79.8978406', '', '0.0', '0.0', '', '', '', '', 4, '', '2017-12-11 12:09:07', NULL, NULL, NULL, NULL),
(485, '5b255598-d83c-4c67-bf7f-15695c6b5214', 32, 635, '', '', '', 'Park Lane', '6.9082177', '79.8978407', '', '0.0', '0.0', '0.0 Km', 'LKR 20.05', '0 Minutes', '0 min', 3, '', '2017-12-11 12:09:12', '2017-12-11 12:09:14', '2017-12-11 12:09:17', NULL, NULL),
(486, '3a690b98-02f7-45a1-a2c1-a84cf6535dd2', 32, 635, '', '', '', 'Park Lane', '6.9082165', '79.8978402', 'Karapitiya', '6.0705817', '80.2251603', '0.0 Km', 'LKR 20.10', '0 Minutes', '0 min', 3, '', '2017-12-11 12:09:26', '2017-12-11 12:09:29', '2017-12-11 12:09:32', NULL, NULL),
(487, 'e7723864-14f7-48a1-8ce8-dcaf0c92d064', 32, 635, '', '', '', 'Park Lane', '6.9082146', '79.8978389', '52 Dharmapala Pl, Sri Jayawardenepura Kotte', '6.91099130662499', '79.8945850878954', '0.0 Km', 'LKR 20.35', '0 Minutes', '0 min', 3, '', '2017-12-11 12:09:43', '2017-12-11 12:09:49', '2017-12-11 12:09:56', NULL, NULL),
(488, '129e10fd-febb-4167-9648-9e3c7bb90d3c', 32, 635, '', '', '', 'Park Lane', '6.9082193', '79.8978409', 'Karapitiya', '6.0705817', '80.2251603', '0.0 Km', 'LKR 20.35', '0 Minutes', '0 min', 3, '', '2017-12-11 12:10:08', '2017-12-11 12:10:15', '2017-12-11 12:10:23', '', NULL),
(489, 'e0a7c709-1ac5-4544-8cbf-b0bb55e8844b', 32, 635, '', '', '', 'Park Lane', '6.9082264', '79.8978198', '', '0.0', '0.0', '', '', '', '', 4, '', '2017-12-11 12:14:30', NULL, NULL, NULL, NULL),
(490, 'e897ee5e-e4ef-401e-afa7-112ee00a40f3', 32, 635, '', '', '', 'Park Lane', '6.9082264', '79.8978198', '', '0.0', '0.0', '', '', '', '', 4, '', '2017-12-11 12:14:33', NULL, NULL, NULL, NULL),
(491, '700ce590-e534-4f36-becc-0ce35e8bb30f', 32, 635, '', '', '', 'Park Lane', '6.9082309', '79.8978027', '', '0.0', '0.0', '0.0 Km', 'LKR 20.65', '0 Minutes', '0 min', 3, '', '2017-12-11 12:15:14', '2017-12-11 12:15:22', '2017-12-11 12:15:37', '', ''),
(492, 'f7acfeba-9521-4179-8bfa-1ae3729b4400', 32, 635, '', '', '', 'Park Lane', '6.9082309', '79.8978027', '', '0.0', '0.0', '0.0 Km', 'LKR 20.15', '0 Minutes', '0 min', 3, '', '2017-12-11 12:15:57', '2017-12-11 12:15:59', '2017-12-11 12:16:05', '', ''),
(493, '4351e1c1-7943-4d83-b666-8ef68184e001', 32, 635, '', '', '', 'Park Lane', '6.908253', '79.8978338', '', '0.0', '0.0', '0.0 Km', 'LKR 20.00', '0 Minutes', '0 min', 3, '', '2017-12-11 12:19:54', '2017-12-11 12:19:56', '2017-12-11 12:19:58', '', ''),
(494, '15ec8138-3c31-4e2b-b8ae-3fb285dfc4d8', 32, 635, '', '', '', 'Park Lane', '6.9082529', '79.8978232', '', '0.0', '0.0', '0.0 Km', 'LKR 20.05', '0 Minutes', '0 min', 3, '', '2017-12-11 12:20:02', '2017-12-11 12:20:04', '2017-12-11 12:20:05', '', ''),
(495, 'a76ec70b-93bd-454e-a0ed-62fce3a6de38', 32, 635, '', '', '', 'Park Lane', '6.9083516', '79.8978249', '52 Dharmapala Pl, Sri Jayawardenepura Kotte', '6.91099130662499', '79.8945850878954', '0.0 Km', 'LKR 20.90', '0 Minutes', '0 min', 3, '', '2017-12-11 12:20:16', '2017-12-11 12:20:23', '2017-12-11 12:20:41', '', ''),
(496, 'f9a8d066-5bfe-4b01-956b-0ecb210305ab', 32, 635, '', '', '', 'Park Lane', '6.9082724', '79.8978287', '', '0.0', '0.0', '0.0 Km', 'LKR 20.30', '0 Minutes', '0 min', 3, '', '2017-12-11 12:20:47', '2017-12-11 12:20:54', '2017-12-11 12:21:03', '', ''),
(497, 'ff1eb903-f408-48d1-9b04-9be8bebfe21f', 32, 635, '', '', '', 'Park Lane', '6.9082724', '79.8978287', '', '0.0', '0.0', '0.0 Km', 'LKR 20.10', '0 Minutes', '0 min', 3, '', '2017-12-11 12:21:22', '2017-12-11 12:21:24', '2017-12-11 12:21:29', '', ''),
(498, '3a257d60-11e8-442f-a950-f7e80e60629d', 32, 635, '', '', '', 'Park Lane', '6.9082724', '79.8978287', '', '0.0', '0.0', '0.0 Km', 'LKR 20.35', '0 Minutes', '0 min', 3, '', '2017-12-11 12:21:35', '2017-12-11 12:21:40', '2017-12-11 12:21:48', '', ''),
(499, 'f433773a-33bf-4715-ab85-4a9de23b581f', 32, 635, '', '', '', 'Park Lane', '6.9082724', '79.8978287', '', '0.0', '0.0', '0.0 Km', 'LKR 20.35', '0 Minutes', '0 min', 3, '', '2017-12-11 12:22:02', '2017-12-11 12:22:04', '2017-12-11 12:22:11', '', ''),
(500, 'ae91f24b-d42e-42f2-bfff-5eca7bcd43c4', 32, 635, '', '', '', 'Park Lane', '6.9082724', '79.8978287', '', '0.0', '0.0', '0.0 Km', 'LKR 20.45', '0 Minutes', '0 min', 3, '', '2017-12-11 12:22:26', '2017-12-11 12:22:27', '2017-12-11 12:22:39', '', ''),
(501, 'a01907c2-5667-4ad2-a1d6-f14f933bf5d6', 32, 635, '', '', '', 'Park Lane', '6.9082724', '79.8978287', '', '0.0', '0.0', '0.0 Km', 'LKR 20.00', '0 Minutes', '0 min', 3, '', '2017-12-11 12:23:09', '2017-12-11 12:23:25', '2017-12-11 12:23:27', '', ''),
(502, '8b27662b-7209-4b8d-b0bc-54fdb5f843bf', 32, 635, '', '', '', 'Park Lane', '6.9082724', '79.8978287', '', '0.0', '0.0', '0.0 Km', 'LKR 20.55', '0 Minutes', '0 min', 3, '', '2017-12-11 12:23:34', '2017-12-11 12:23:35', '2017-12-11 12:23:49', '', ''),
(503, 'b91d733a-bad6-432d-99be-3eba939040ba', 32, 635, '', '', '', 'Park Lane', '6.9083243', '79.8979054', '', '0.0', '0.0', '0.0 Km', 'LKR 21.85', '0 Minutes', '0 min', 3, '', '2017-12-11 12:24:37', '2017-12-11 12:25:06', '2017-12-11 12:25:43', '', ''),
(504, 'e9ffa8a9-18c3-43e3-aab7-e3e1867c515d', 32, 635, '', '', '', 'Park Lane', '6.9083018', '79.8978427', '', '0.0', '0.0', '0.0 Km', 'LKR 20.25', '0 Minutes', '0 min', 3, '', '2017-12-11 12:27:15', '2017-12-11 12:27:17', '2017-12-11 12:27:25', '', ''),
(505, '3c8e6c2e-20f3-4f89-87e6-b1c48b89cd56', 32, 635, '', '', '', 'Park Lane', '6.9083018', '79.8978427', '', '0.0', '0.0', '0.0 Km', 'LKR 20.40', '0 Minutes', '0 min', 3, '', '2017-12-11 12:27:43', '2017-12-11 12:27:49', '2017-12-11 12:27:59', '', ''),
(506, 'd5f148c9-3543-4bcb-9d62-bc1e55b1d7e4', 32, 635, '', '', '', 'Park Lane', '6.9082776', '79.8978274', '', '0.0', '0.0', '0.0 Km', 'LKR 20.85', '0 Minutes', '0 min', 3, '', '2017-12-11 12:29:56', '2017-12-11 12:29:57', '2017-12-11 12:30:17', '', ''),
(507, '4f163a3c-853e-45e5-8a2f-702bfd4b9502', 32, 635, '', '', '', 'Park Lane', '6.9082757', '79.8978319', '', '0.0', '0.0', '0.0 Km', 'LKR 20.10', '0 Minutes', '0 min', 3, '', '2017-12-11 12:30:50', '2017-12-11 12:30:52', '2017-12-11 12:30:55', '', ''),
(508, '37caed1c-9f22-49da-a7c3-96596cbfa177', 32, 635, '', '', '', 'Park Lane', '6.9082157', '79.8979688', '', '0.0', '0.0', '0.0 Km', 'LKR 20.00', '0 Minutes', '0 min', 3, '', '2017-12-11 12:30:59', '2017-12-11 12:31:01', '2017-12-11 12:31:02', '', ''),
(509, 'd7902e8d-8603-40eb-a2e5-449e3e51dfd4', 32, 635, '', '', '', 'Park Lane', '6.9082651', '79.8978568', '', '0.0', '0.0', '0.0 Km', 'LKR 20.40', '0 Minutes', '0 min', 3, '', '2017-12-11 12:31:06', '2017-12-11 12:31:09', '2017-12-11 12:31:19', '', ''),
(510, '209fc5ad-f7b6-4f56-8a5f-2b11967103a6', 32, 635, '', '', '', 'Park Lane', '6.9082683', '79.8978133', 'Karapitiya', '6.0705817', '80.2251603', '0.0 Km', 'LKR 20.30', '0 Minutes', '0 min', 3, '', '2017-12-11 12:31:54', '2017-12-11 12:31:56', '2017-12-11 12:32:05', '', ''),
(511, '7d0c07f3-53d2-4a30-87ec-26b2332c8efd', 32, 635, '', '', '', 'Park Lane', '6.9082683', '79.8978133', '', '0.0', '0.0', '0.0 Km', 'LKR 20.15', '0 Minutes', '0 min', 3, '', '2017-12-11 12:32:09', '2017-12-11 12:32:11', '2017-12-11 12:32:15', '', ''),
(512, 'b73426ca-d500-4b1d-8475-c17643b35354', 32, 635, '', '', '', 'Park Lane', '6.9082683', '79.8978133', '', '0.0', '0.0', '0.0 Km', 'LKR 20.05', '0 Minutes', '0 min', 3, '', '2017-12-11 12:32:23', '2017-12-11 12:32:25', '2017-12-11 12:32:29', '', ''),
(513, 'c34a826f-c3e3-4e5b-b4cd-b55b315c471f', 32, 635, '', '', '', 'Park Lane', '6.9082683', '79.8978133', '', '0.0', '0.0', '0.0 Km', 'LKR 20.65', '0 Minutes', '0 min', 3, '', '2017-12-11 12:32:33', '2017-12-11 12:32:42', '2017-12-11 12:32:55', '', ''),
(514, '09de2c8f-0097-46f7-8e7b-6d98475b8edd', 32, 635, '', '', '', 'Park Lane', '6.9082683', '79.8978133', '', '0.0', '0.0', '0.0 Km', 'LKR 21.50', '0 Minutes', '0 min', 3, '', '2017-12-11 12:33:01', '2017-12-11 12:33:02', '2017-12-11 12:33:36', '', ''),
(515, '2fb8008b-f3e3-468e-bf59-c73a9d5b9d25', 32, 635, '', '', '', 'Park Lane', '6.9082317', '79.8978806', '', '0.0', '0.0', '', '', '', '', 4, '', '2017-12-11 12:43:15', NULL, NULL, NULL, NULL),
(516, '06ffc17c-3d20-4acf-a8df-69bbd49bf2a4', 32, 635, '', '', '', 'Park Lane', '6.9082453', '79.8977277', '', '0.0', '0.0', '0.0 Km', 'LKR 20.00', '0 Minutes', '0 min', 3, '', '2017-12-11 12:47:00', '2017-12-11 12:47:02', '2017-12-11 12:47:03', '', ''),
(517, '8a03eeb0-6101-4ec0-8867-e0f69e5ed3dc', 32, 635, '', '', '', 'Park Lane', '6.908225', '79.8978483', '15 Maitland Cres, Colombo 00700', '6.91055062612256', '79.86701164394619', '0.0 Km', 'LKR 23.05', '1 Minutes', '1 min', 3, '', '2017-12-11 13:35:50', '2017-12-11 13:36:15', '2017-12-11 13:37:18', '', ''),
(518, '3ef0a425-519b-40ab-b0e2-8875df9046d9', 32, 635, '', '', '', 'Park Lane', '6.908225', '79.8978483', '', '0.0', '0.0', '', '', '', '', 4, '', '2017-12-11 13:38:16', NULL, NULL, NULL, NULL),
(519, '48704c3a-87bb-4320-830b-0df300b41d66', 32, 635, '', '', '', 'Abhaya Road', '6.929949498398354', '79.88922536373138', 'Unnamed Road', '6.943588207801251', '79.82385691255331', '0.0 Km', 'LKR 22.10', '0 Minutes', '0 min', 3, '', '2017-12-11 13:41:03', '2017-12-11 13:41:27', '2017-12-11 13:42:10', '', ''),
(520, 'b76bd84f-312c-47ad-b253-65d24dfe54e4', 32, 635, '', '', '', 'Park Lane', '6.9082278', '79.8978181', '25 St Stephen\'s Mawatha, Colombo', '6.919327213487074', '79.89548798650503', '', '', '', '', 4, '', '2017-12-11 13:45:59', NULL, NULL, NULL, NULL),
(521, '5251e317-e6ad-43bb-ac29-71d42c7630bd', 32, 635, '', '', '', 'Rajagiriya, Sri Lanka', '6.909410800000001', '79.8942538', 'Nawala Rd, Sri Jayawardenepura Kotte, Sri Lanka', '6.899911599999999', '79.89398899999999', '', '', '', '', 4, '', '2017-12-11 13:48:04', NULL, NULL, NULL, NULL),
(522, '2fc221c3-1b8c-473e-8c3d-f66dfef63ad9', 32, 635, '', '', '', 'Park Lane', '6.9082617', '79.89786', '', '0.0', '0.0', '0.0 Km', 'LKR 21.45', '0 Minutes', '0 min', 3, '', '2017-12-11 14:38:49', '2017-12-11 14:39:00', '2017-12-11 14:39:29', '', ''),
(523, 'c348ccde-5f46-4649-a36a-2bfa8a8a3ca6', 32, 635, '', '', '', 'Park Lane', '6.9082273', '79.8978187', '', '0.0', '0.0', '', '', '', '', 4, '', '2017-12-11 14:39:43', NULL, NULL, NULL, NULL),
(524, 'f1155a2c-89b8-4684-8ae9-e10872aa7dbb', 32, 635, '', '', '', 'Park Lane', '6.9082273', '79.8978186', '', '0.0', '0.0', '0.0 Km', 'LKR 20.15', '0 Minutes', '0 min', 3, '', '2017-12-11 14:39:48', '2017-12-11 14:39:50', '2017-12-11 14:39:55', '', ''),
(525, 'a4344701-3ba3-468f-9381-e297385e2e86', 32, 635, '', '', '', 'Park Lane', '6.90824', '79.897805', '', '0.0', '0.0', '', '', '', '', 4, '', '2017-12-11 15:05:51', NULL, NULL, NULL, NULL),
(526, 'aa083999-7000-4405-88d9-a4f51484b90b', 36, 642, '', '', '', 'Park Lane', '6.908236141323027', '79.89779267467549', 'Not Mentioned', '0', '0', '0', '20', '0', '174', 3, '', '2017-12-11 15:12:03', '2017-12-11 15:12:09', '2017-12-11 15:15:06', '', '20'),
(527, 'a54a9530-48f0-40a2-a100-a1883f1e96e2', 32, 635, '', '', '', 'Park Lane', '6.90823', '79.8976417', '', '0.0', '0.0', '0.0 Km', 'LKR 23.70', '1 Minutes', '1 min', 3, '', '2017-12-11 15:56:54', '2017-12-11 15:58:04', '2017-12-11 15:59:19', '', ''),
(528, '3065ca25-04dc-406e-82b9-b8e1144da3ee', 32, 635, '', '', '', 'Oil Refinery Junction - Free Trade Zone Road', '6.96750017505708', '79.95745740830898', 'Saint Clive Lower Division Road', '7.022618282861172', '80.49555379897356', '0.0 Km', 'LKR 20.05', '0 Minutes', '0 min', 3, '', '2017-12-11 15:59:50', '2017-12-11 16:00:21', '2017-12-11 16:00:22', '', ''),
(529, 'c3774dac-4132-4853-8e78-30269e07bcd3', 32, 635, '', '', '', '80A', '6.957687459910409', '79.9469830468297', '134 Pamunuwila Rd, Gonawala', '6.96754709987628', '79.94236595928669', '0.0 Km', 'LKR 35.20', '5 Minutes', '1 min', 3, '', '2017-12-11 16:01:01', '2017-12-11 16:01:59', '2017-12-11 16:07:14', '', ''),
(530, '91829ce0-13a7-4b3c-9273-939688e31c51', 32, 635, '', '', '', 'Park Lane', '6.9082189', '79.8977965', '', '0.0', '0.0', '', '', '', '', 4, '', '2017-12-11 16:27:09', NULL, NULL, NULL, NULL),
(531, '87323f37-fe6f-4474-8e29-d6aef935c26c', 32, 635, '', '', '', 'Park Lane', '6.9082186', '79.8977927', '', '0.0', '0.0', '', '', '', '', 4, '', '2017-12-11 16:28:06', NULL, NULL, NULL, NULL),
(532, '9776dbe0-f03d-425e-b0e9-50f5925e0336', 32, 635, '', '', '', 'Park Lane', '6.9082134', '79.897828', '', '0.0', '0.0', '', '', '', '', 4, '', '2017-12-11 16:28:57', NULL, NULL, NULL, NULL),
(533, 'f745ab24-c63e-41f4-b179-e560ca7fdc90', 32, 635, '', '', '', 'Park Lane', '6.9082162', '79.8978292', '', '0.0', '0.0', '', '', '', '', 4, '', '2017-12-11 16:29:36', NULL, NULL, NULL, NULL),
(534, '9ae30207-02f5-438a-abae-273432cf59e4', 32, 635, '', '', '', 'Park Lane', '6.9082087', '79.8978293', '', '0.0', '0.0', '', '', '', '', 4, '', '2017-12-11 16:30:08', NULL, NULL, NULL, NULL),
(535, '9ea64345-4ce5-4e55-a8ab-4eac015fc8a5', 32, 635, '', '', '', 'Park Lane', '6.9082236', '79.8978292', '', '0.0', '0.0', '', '', '', '', 4, '', '2017-12-11 16:31:10', NULL, NULL, NULL, NULL),
(536, '48524efb-140f-4745-937f-fa658239df2f', 32, 635, '', '', '', 'Park Lane', '6.9082151', '79.8978178', '', '0.0', '0.0', '', '', '', '', 4, '', '2017-12-11 16:31:47', NULL, NULL, NULL, NULL),
(537, '78b5bd51-d542-4c55-9189-a334d7620611', 32, 635, '', '', '', 'Park Lane', '6.9082197', '79.8978261', '', '0.0', '0.0', '', '', '', '', 4, '', '2017-12-11 16:32:10', NULL, NULL, NULL, NULL),
(538, 'e5c1657c-98b6-4059-b475-525bc82fb777', 32, 635, '', '', '', 'Park Lane', '6.9082189', '79.8978271', '', '0.0', '0.0', '0.0 Km', 'LKR 20.35', '0 Minutes', '0 min', 3, '', '2017-12-11 16:32:18', '2017-12-11 16:32:22', '2017-12-11 16:32:31', '', ''),
(539, '6a7239e8-4938-4f2c-b7a7-a4f6e5af59ca', 32, 635, '', '', '', 'Park Lane', '6.9082717', '79.8978383', '', '0.0', '0.0', '', '', '', '', 4, '', '2017-12-11 16:43:29', NULL, NULL, NULL, NULL),
(540, '97973056-6f61-4dbc-b322-c043eadad33d', 32, 635, '', '', '', 'Park Lane', '6.90824', '79.8978583', '', '0.0', '0.0', '', '', '', '', 4, '', '2017-12-11 16:45:01', NULL, NULL, NULL, NULL),
(541, '627e7b46-2b9f-4c9d-b9b3-76705f9a19f1', 32, 635, '', '', '', 'Park Lane', '6.90824', '79.8978583', '', '0.0', '0.0', '', '', '', '', 4, '', '2017-12-11 16:45:12', NULL, NULL, NULL, NULL),
(542, '4e22010a-af7b-4f20-8317-e737ab887420', 32, 635, '', '', '', 'Park Lane', '6.90824', '79.8978583', '', '0.0', '0.0', '', '', '', '', 4, '', '2017-12-11 16:45:20', NULL, NULL, NULL, NULL),
(543, 'e960db58-2b3b-475e-ba06-d27064e67e39', 32, 635, '', '', '', 'Park Lane', '6.90824', '79.8978583', '', '0.0', '0.0', '', '', '', '', 4, '', '2017-12-11 16:47:02', NULL, NULL, NULL, NULL),
(544, 'bd6cfa2e-1fe3-42fe-a8cd-569c128de6eb', 32, 635, '', '', '', 'Park Lane', '6.9081933', '79.8977783', '', '0.0', '0.0', '', '', '', '', 4, '', '2017-12-11 16:49:23', NULL, NULL, NULL, NULL),
(545, '026892c7-7c71-48a4-a019-01d5fc9294b4', 32, 635, '', '', '', 'Park Lane', '6.9081933', '79.8977783', '', '0.0', '0.0', '', '', '', '', 4, '', '2017-12-11 16:50:27', NULL, NULL, NULL, NULL),
(546, '52c381a2-3934-4f0c-b8c3-0f72e82b5494', 32, 635, '', '', '', 'Park Lane', '6.9082317', '79.8978683', '', '0.0', '0.0', '', '', '', '', 4, '', '2017-12-11 16:52:16', NULL, NULL, NULL, NULL),
(547, 'dbca7bd2-b0a6-4392-b6cd-377721a9a790', 32, 635, '', '', '', 'Park Lane', '6.9082317', '79.8978683', '', '0.0', '0.0', '', '', '', '', 4, '', '2017-12-11 16:52:55', NULL, NULL, NULL, NULL),
(548, '891ba9d3-6376-4872-a457-6dcb85ac8547', 32, 635, '', '', '', 'Park Lane', '6.9081517', '79.8977933', '', '0.0', '0.0', '', '', '', '', 4, '', '2017-12-11 16:54:04', NULL, NULL, NULL, NULL),
(549, '9a3ffd00-6ab4-4c86-be32-394129c01351', 32, 635, '', '', '', 'Park Lane', '6.9081517', '79.8977933', '', '0.0', '0.0', '', '', '', '', 4, '', '2017-12-11 16:54:07', NULL, NULL, NULL, NULL),
(550, 'ef357942-26ab-48c0-89d2-a6d834290a9d', 32, 635, '', '', '', 'Park Lane', '6.90823', '79.8977483', '', '0.0', '0.0', '0.0 Km', 'LKR 20.10', '0 Minutes', '0 min', 3, '', '2017-12-11 16:54:16', '2017-12-11 16:54:18', '2017-12-11 16:54:21', '', ''),
(551, 'de83933b-449d-4c62-b25f-9a8b4f39888c', 32, 635, '', '', '', 'Park Lane', '6.908225', '79.89776', '', '0.0', '0.0', '', '', '', '', 4, '', '2017-12-11 16:54:25', NULL, NULL, NULL, NULL),
(552, '993cc529-bb5a-4da7-9be1-c867fcd01dcc', 32, 635, '', '', '', 'Park Lane', '6.908228', '79.8978131', '', '0.0', '0.0', '', '', '', '', 4, '', '2017-12-11 16:55:18', NULL, NULL, NULL, NULL),
(553, '23295458-a2b0-4713-9265-37f059042c01', 32, 635, '', '', '', 'Park Lane', '6.9081941', '79.897728', '', '0.0', '0.0', '', '', '', '', 4, '', '2017-12-11 16:57:17', NULL, NULL, NULL, NULL),
(554, '5288c10c-d80f-4d90-99bc-0d95b75b1f92', 32, 635, '', '', '', 'Park Lane', '6.9081941', '79.897728', '', '0.0', '0.0', '', '', '', '', 4, '', '2017-12-11 16:57:26', NULL, NULL, NULL, NULL),
(555, '6294f0fe-f2eb-4208-b1f5-db287bee9c1e', 32, 635, '', '', '', 'Park Lane', '6.9081941', '79.897728', '', '0.0', '0.0', '', '', '', '', 4, '', '2017-12-11 16:57:41', NULL, NULL, NULL, NULL),
(556, '7c78c197-7107-4467-96c4-3d2622d1f24e', 32, 635, '', '', '', 'Park Lane', '6.90824', '79.8978283', '', '0.0', '0.0', '0.0 Km', 'LKR 110.70', '30 Minutes', '0 min', 3, '', '2017-12-11 17:01:30', '2017-12-11 17:02:04', '2017-12-11 17:32:29', '', ''),
(557, 'd42d5fce-3293-434c-b393-a828840541c7', 32, 635, '', '', '', 'Park Lane', '6.9082275', '79.8978187', '', '0.0', '0.0', '0.0 Km', 'LKR 20.00', '0 Minutes', '0 min', 3, '', '2017-12-11 17:03:09', '2017-12-11 17:03:10', '2017-12-11 17:03:12', '', ''),
(558, '314380da-27a7-4bd7-8710-4c1c9ed41ede', 32, 635, '', '', '', 'Park Lane', '6.9082275', '79.8978187', '', '0.0', '0.0', '0.0 Km', 'LKR 22.10', '0 Minutes', '0 min', 3, '', '2017-12-11 17:03:19', '2017-12-11 17:03:20', '2017-12-11 17:04:05', '', ''),
(559, '61241364-e492-49fb-8c22-2eaa9bc12442', 32, 635, '', '', '', 'Park Lane', '6.9081533', '79.897965', '', '0.0', '0.0', '', '', '', '', 4, '', '2017-12-11 17:24:47', NULL, NULL, NULL, NULL),
(560, '16e61668-1b7d-4e8c-b6df-eeec866aab67', 32, 635, '', '', '', 'Park Lane', '6.90812', '79.8980667', '', '0.0', '0.0', '', '', '', '', 4, '', '2017-12-11 17:24:56', NULL, NULL, NULL, NULL),
(561, '36dcf4ff-a144-4cef-bde2-ea0077a5df07', 32, 635, '', '', '', 'Park Lane', '6.908225', '79.8978883', '', '0.0', '0.0', '0.0 Km', 'LKR 20.15', '0 Minutes', '0 min', 3, '', '2017-12-11 17:31:09', '2017-12-11 17:31:12', '2017-12-11 17:31:17', '', ''),
(562, 'd20205ea-01ed-4288-9f81-96c0fd811366', 32, 635, '', '', '', 'Park Lane', '6.9083055', '79.8978212', '', '0.0', '0.0', '0.0 Km', 'LKR 20.30', '0 Minutes', '0 min', 3, '', '2017-12-11 17:32:52', '2017-12-11 17:33:04', '2017-12-11 17:33:11', '', ''),
(563, 'af0afa71-26ca-4efb-bc5b-38fd99ecbc0d', 32, 635, '', '', '', 'Park Lane', '6.908264', '79.897749', '', '0.0', '0.0', '0.0 Km', 'LKR 20.00', '0 Minutes', '0 min', 3, '', '2017-12-11 17:43:22', '2017-12-11 17:44:02', '2017-12-11 17:44:03', '', ''),
(564, 'cc2ca1a1-fc8d-4716-9f6d-855428fae236', 32, 635, '', '', '', 'Park Lane', '6.908264', '79.897749', '', '0.0', '0.0', '', '', '', '', 4, '', '2017-12-11 17:44:34', NULL, NULL, NULL, NULL),
(565, '1545af7a-b2c4-4b2a-afbe-fb6b99591946', 32, 635, '', '', '', 'Park Lane', '6.908264', '79.897749', '', '0.0', '0.0', '', '', '', '', 4, '', '2017-12-11 17:44:55', NULL, NULL, NULL, NULL),
(566, '4caaa437-bdad-4fb8-976f-9548e9dd801f', 32, 635, '', '', '', 'Park Lane', '6.9082261', '79.897784', '', '0.0', '0.0', '0.0 Km', 'LKR 20.55', '0 Minutes', '0 min', 3, '', '2017-12-11 17:45:10', '2017-12-11 17:45:21', '2017-12-11 17:45:33', '', ''),
(567, '5a4bc753-e68e-4086-ac5f-231d2fab2c0e', 32, 635, '', '', '', 'Park Lane', '6.9082261', '79.897784', '', '0.0', '0.0', '', '', '', '', 4, '', '2017-12-11 17:45:58', NULL, NULL, NULL, NULL),
(568, '23d01315-b309-41ce-bcda-5e734211b5ff', 32, 635, '', '', '', '10 Meda Welikada Rd, Sri Jayawardenepura Kotte', '6.910978325860768', '79.89644721150398', '25 St Stephen\'s Mawatha, Colombo', '6.919327213487074', '79.89548798650503', '0.0 Km', 'LKR 20.45', '0 Minutes', '0 min', 3, '', '2017-12-11 17:46:17', '2017-12-11 17:46:26', '2017-12-11 17:46:36', '', ''),
(569, '8b068187-b08e-4499-bb54-4d18c86f928f', 32, 635, '', '', '', 'Park Lane', '6.9082261', '79.897784', '', '0.0', '0.0', '0.0 Km', 'LKR 20.05', '0 Minutes', '0 min', 3, '', '2017-12-11 17:47:37', '2017-12-11 17:47:44', '2017-12-11 17:47:46', '', ''),
(570, '02299316-e4bc-45a8-a7c9-26ade39bec4d', 32, 635, '', '', '', 'Park Lane', '6.9082648', '79.8977783', 'M.H. Mohammed Playground, Colombo, Sri Lanka', '6.9226512', '79.88515749999999', '0.0 Km', 'LKR 23.50', '1 Minutes', '1 min', 3, '', '2017-12-11 17:48:09', '2017-12-11 17:49:37', '2017-12-11 17:50:49', '', ''),
(571, 'dc0b25c7-1e02-444d-9f2a-a95127ffca4b', 32, 635, '', '', '', 'Park Lane', '6.9082362', '79.8977628', 'Park Lane', '6.9037626300063515', '79.89851117134094', '0.0 Km', 'LKR 20.00', '0 Minutes', '0 min', 3, '', '2017-12-11 17:51:43', '2017-12-11 17:51:46', '2017-12-11 17:51:47', '', ''),
(572, '529ce324-c512-46bf-87a6-76af2a094ba3', 32, 635, '', '', '', 'Park Lane', '6.9082362', '79.8977628', '', '0.0', '0.0', '', '', '', '', 4, '', '2017-12-11 17:54:20', NULL, NULL, NULL, NULL),
(573, 'fedce878-03dc-47f5-97ca-f340e41cb6d0', 32, 635, '', '', '', 'Park Lane', '6.9082362', '79.8977628', '', '0.0', '0.0', '', '', '', '', 4, '', '2017-12-11 17:56:06', NULL, NULL, NULL, NULL),
(574, '2a395e6e-7625-4cbc-a2b4-5731f9d1ebd5', 32, 635, '', '', '', 'Park Lane', '6.9082543', '79.8977751', '', '0.0', '0.0', '', '', '', '', 4, '', '2017-12-11 17:58:05', NULL, NULL, NULL, NULL),
(575, 'b729ab09-a9a3-4dce-bc2b-c92d969e08f3', 32, 635, '', '', '', 'Park Lane', '6.9082402', '79.8977895', '', '0.0', '0.0', '', '', '', '', 4, '', '2017-12-11 17:58:21', NULL, NULL, NULL, NULL),
(576, '5890b634-a878-489d-ae2c-b1d253f95fd5', 32, 635, '', '', '', 'Park Lane', '6.9082402', '79.8977895', '', '0.0', '0.0', '0.0 Km', 'LKR 20.25', '0 Minutes', '0 min', 3, '', '2017-12-11 17:58:42', '2017-12-11 17:58:49', '2017-12-11 17:58:55', '', ''),
(577, '224d234f-586d-4280-be91-df4b2216cde1', 32, 635, '', '', '', 'Park Lane', '6.9082639', '79.8978998', '', '0.0', '0.0', '0.0 Km', 'LKR 20.00', '0 Minutes', '0 min', 3, '', '2017-12-11 18:04:35', '2017-12-11 18:04:47', '2017-12-11 18:04:49', '', ''),
(578, '0420d993-6a34-4724-8e2c-b3aeed9ba2ba', 32, 635, '', '', '', 'Park Lane', '6.9082405', '79.8978129', '', '0.0', '0.0', '', '', '', '', 4, '', '2017-12-11 18:07:43', NULL, NULL, NULL, NULL),
(579, '9f02de91-1d33-4985-bd18-585a657b6a7f', 32, 635, '', '', '', 'Park Lane', '6.9082405', '79.8978129', '', '0.0', '0.0', '', '', '', '', 4, '', '2017-12-11 18:08:55', NULL, NULL, NULL, NULL),
(580, '0220e12b-d1ca-41c5-80d5-ff5850d5d67f', 32, 635, '', '', '', 'Park Lane', '6.9082141', '79.8977486', '', '0.0', '0.0', '', '', '', '', 4, '', '2017-12-11 18:23:43', NULL, NULL, NULL, NULL),
(581, 'b63f1ea0-02ce-49d4-9d74-3ecc06f92042', 32, 635, '', '', '', 'Park Lane', '6.9081772', '79.8977636', '', '0.0', '0.0', '', '', '', '', 4, '', '2017-12-11 18:24:13', NULL, NULL, NULL, NULL),
(582, '527f711c-4470-414b-88d0-344f120b1be8', 32, 635, '', '', '', 'Park Lane', '6.9081747', '79.8977647', '', '0.0', '0.0', '0.0 Km', 'LKR 20.00', '0 Minutes', '0 min', 3, '', '2017-12-11 18:24:21', '2017-12-11 18:24:23', '2017-12-11 18:24:24', '', ''),
(583, '5663d82d-865c-4391-8320-f9ffe6c1b886', 32, 635, '', '', '', 'Park Lane', '6.90825', '79.8978467', '', '0.0', '0.0', '', '', '', '', 4, '', '2017-12-12 11:07:47', NULL, NULL, NULL, NULL),
(584, '3b5f9f13-7d68-4a94-ad12-1348aeea8ab9', 32, 644, '', '', '', 'Park Lane', '6.90823', '79.8978817', '', '0.0', '0.0', '0.0 Km', 'LKR 20.10', '0 Minutes', '0 min', 3, '', '2017-12-12 11:11:05', '2017-12-12 11:11:20', '2017-12-12 11:11:22', '', ''),
(585, 'c10332d3-de9b-41ca-aa24-09de629a7bab', 32, 644, '', '', '', 'Park Lane', '6.9082483', '79.8978033', '', '0.0', '0.0', '0.0 Km', 'LKR 20.15', '0 Minutes', '0 min', 3, '', '2017-12-12 11:13:34', '2017-12-12 11:13:36', '2017-12-12 11:13:40', '', ''),
(586, '4802fc22-032f-4b57-9a37-a2c6a46c900e', 32, 644, '', '', '', 'Park Lane', '6.9082483', '79.8978033', '', '0.0', '0.0', '', '', '', '', 4, '', '2017-12-12 11:13:58', NULL, NULL, NULL, NULL),
(587, '5a7f675c-5d99-4110-92e4-e8c352cd8858', 32, 644, '', '', '', 'Circular Lane', '6.911711572060175', '79.89620346575975', '2nd Lane', '6.89844739531312', '79.90322850644588', '0.0 Km', 'LKR 31.80', '3 Minutes', '3 min', 3, '', '2017-12-12 11:14:20', '2017-12-12 11:14:25', '2017-12-12 11:18:24', '', ''),
(588, '377c3165-d716-41aa-9b5c-9bba613e9aa6', 32, 644, '', '', '', 'Park Lane', '6.908265', '79.8978283', '', '0.0', '0.0', '', '', '', '', 4, '', '2017-12-12 11:18:30', NULL, NULL, NULL, NULL),
(589, 'cc5cc79e-3ca4-4661-a599-94dbc8bdaa8c', 32, 642, '', '', '', 'Park Lane', '6.908147845069986', '79.89802770316601', 'Kollupitiya', '6.900996', '79.8548823', '', '', '', '', 4, 'Rider getting late', '2017-12-12 11:50:54', NULL, NULL, NULL, NULL),
(590, '884fb921-1091-44cd-8e56-c3fdd8451198', 32, 635, '', '', '', 'Park Lane', '6.9082001', '79.8977972', '', '0.0', '0.0', '', '', '', '', 4, '', '2017-12-12 12:01:50', NULL, NULL, NULL, NULL),
(591, '4bcb85bf-23ae-4194-a7ca-fb37e0bd38ca', 36, 645, '', '', '', 'Park Lane', '6.908243921233631', '79.89783463571754', 'Kollupitiya', '6.900996', '79.8548823', '', '', '', '', 4, 'Rider getting late', '2017-12-12 12:50:12', NULL, NULL, NULL, NULL),
(592, '8187d2ba-9fc3-4043-bc24-43fe4f2f34be', 36, 645, '', '', '', 'Park Lane', '6.908243903034915', '79.89783478570446', 'Kollupitiya', '6.900996', '79.8548823', '0', '20', '0', '10', 3, '', '2017-12-12 12:51:01', '2017-12-12 12:51:05', '2017-12-12 12:51:24', '', '20'),
(593, '085246a5-0b5b-4d51-9c6c-f2a247e0b512', 43, 645, '', '', '', 'Park Lane', '6.908243834117673', '79.89783530738852', 'Kollupitiya', '6.900996', '79.8548823', '0', '20', '0', '21', 3, '', '2017-12-12 15:26:19', '2017-12-12 15:27:10', '2017-12-12 15:27:35', '', '20'),
(594, 'afefcf45-189e-49af-81e0-fecd883ea444', 43, 645, '', '', '', 'Park Lane', '6.908244415861587', '79.8978341646141', 'Not Mentioned', '0', '0', '0', '20', '0', '8', 3, '', '2017-12-12 15:28:05', '2017-12-12 15:29:22', '2017-12-12 15:29:32', '', '20'),
(595, 'afefcf45-189e-49af-81e0-fecd883ea444', 43, 645, '', '', '', 'Park Lane', '6.908243744816973', '79.89783555449765', 'McDonald\'s', '6.9034556', '79.8519505', '0', '20', '0', '8', 3, '', '2017-12-12 15:29:13', '2017-12-12 15:29:22', '2017-12-12 15:29:32', '', '20'),
(596, 'c60905fd-d97e-449a-9722-3a22cf2cb2c2', 43, 645, '', '', '', 'Park Lane', '6.908243711773278', '79.89783522569654', 'Not Mentioned', '0', '0', '0', '20', '0', '1', 3, '', '2017-12-12 15:32:11', '2017-12-12 15:32:13', '2017-12-12 15:32:16', '', '20'),
(597, 'f36ffd1d-3fed-49a8-b30f-e35f0c792528', 43, 645, '', '', '', 'Park Lane', '6.908244494456042', '79.89783624739816', 'Kollupitiya', '6.900996', '79.8548823', '0', '20', '0', '60', 3, '', '2017-12-12 15:36:12', '2017-12-12 15:36:14', '2017-12-12 15:37:18', '', '20'),
(598, '69a849bc-41d0-41df-8f0f-c6e5e27a209b', 43, 645, '', '', '', 'Park Lane', '6.908243874315853', '79.89783479937883', 'Kollupitiya', '6.900996', '79.8548823', '0', '20', '0', '37', 3, '', '2017-12-12 15:37:36', '2017-12-12 15:37:37', '2017-12-12 15:38:17', '', '20'),
(599, '976ec650-875a-4a4e-858b-b78fadae0994', 43, 645, '', '', '', 'Park Lane', '6.908243779216392', '79.89783489840016', 'Kollupitiya', '6.900996', '79.8548823', '', '', '', '', 4, 'Rider getting late', '2017-12-12 15:38:52', '2017-12-12 15:38:55', NULL, NULL, NULL),
(600, 'd972bd02-e366-40e5-9c2a-692d1992607c', 43, 645, '', '', '', 'Park Lane', '6.908243779216392', '79.89783489840016', 'Kollupitiya', '6.900996', '79.8548823', '30.19325632887325', '20', '0', '18', 3, '', '2017-12-12 15:39:25', '2017-12-12 15:39:35', '2017-12-13 11:04:47', '', '20'),
(601, '930b4238-c278-4216-82e2-1b727302ebff', 43, 645, '', '', '', 'Park Lane', '6.908243779216392', '79.89783489840016', 'Kollupitiya', '6.900996', '79.8548823', '', '', '', '', 4, 'Rider getting late', '2017-12-12 15:39:49', '2017-12-12 15:39:52', NULL, NULL, NULL),
(602, 'ef50397c-7a9d-4b80-aade-1367feb49b66', 32, 635, '', '', '', 'Buthgamuwa Road', '6.909868635622838', '79.90007322281599', 'Borella - Rajagiriya Road', '6.909502177656605', '79.89746209233999', '0.0 Km', 'LKR 23.05', '1 Minutes', '1 min', 3, '', '2017-12-14 11:22:38', '2017-12-14 11:23:00', '2017-12-14 11:24:02', '', ''),
(603, '11f8ece2-e56b-425f-92e7-5068a878508c', 32, 635, '', '', '', 'Janadhipathi Vidyala Mawatha', '6.9079681102990245', '79.89199239760637', 'Borella - Rajagiriya Road', '6.909502177656605', '79.89746209233999', '0.0 Km', 'LKR 20.15', '0 Minutes', '0 min', 3, '', '2017-12-14 11:32:24', '2017-12-14 11:32:28', '2017-12-14 11:32:32', '', ''),
(604, 'aefba030-2e91-4808-994c-dc94ade97ca5', 32, 635, '', '', '', 'Park Lane', '6.908225', '79.8979617', '', '0.0', '0.0', '0.0 Km', 'LKR 20.40', '0 Minutes', '0 min', 3, '', '2017-12-14 11:35:37', '2017-12-14 11:35:44', '2017-12-14 11:35:52', '', ''),
(605, 'f8978e04-d16b-49c4-8c53-e0cfd9b261bd', 32, 635, '', '', '', 'Park Lane', '6.9082275', '79.8978187', '', '0.0', '0.0', '0.0 Km', 'LKR 20.20', '0 Minutes', '0 min', 3, '', '2017-12-14 11:39:50', '2017-12-14 11:39:52', '2017-12-14 11:39:57', '', ''),
(606, 'f149cfa6-20fa-457c-809b-ad69eba96c9c', 32, 635, '', '', '', '22/2a', '6.916719782926109', '79.90851245820522', 'Dodamgahahena', '6.920529742030425', '79.91324320435524', '0.0 Km', 'LKR 20.25', '0 Minutes', '0 min', 3, '', '2017-12-14 11:41:13', '2017-12-14 11:41:23', '2017-12-14 11:41:28', '', ''),
(607, '6ffb06fd-9ed2-498e-ba88-9f27ddb21827', 32, 635, '', '', '', '61 Dharmapala Pl, Sri Jayawardenepura Kotte', '6.910759982696452', '79.89497903734446', 'Heen Ela Road', '6.899675606264207', '79.87933136522769', '0.0 Km', 'LKR 20.75', '0 Minutes', '0 min', 3, '', '2017-12-14 11:42:09', '2017-12-14 11:42:12', '2017-12-14 11:42:28', '', ''),
(608, 'b28b3ab2-14d1-484d-9911-433bdb511fd9', 32, 635, '', '', '', 'Rajagiriya Gardens', '6.905974713972556', '79.89405065774918', 'Sarasavi Road', '6.901052263857788', '79.89214058965446', '0.0 Km', 'LKR 20.60', '0 Minutes', '0 min', 3, '', '2017-12-14 11:45:11', '2017-12-14 11:45:13', '2017-12-14 11:45:27', '', ''),
(609, 'a5a2c59d-ccd9-46d1-a4b2-656094391f8a', 32, 635, '', '', '', 'Park Lane', '6.9082276', '79.8978186', '', '0.0', '0.0', '0.0 Km', 'LKR 20.15', '0 Minutes', '0 min', 3, '', '2017-12-14 11:47:01', '2017-12-14 11:47:15', '2017-12-14 11:47:19', '', ''),
(610, 'da70cc8f-6631-4622-a942-595eef7875a4', 32, 635, '', '', '', 'Sri Jayawardenepura Mawatha', '6.908320922933015', '79.8970527201891', 'Sarasavi Road', '6.901052263857788', '79.89214058965446', '0.0 Km', 'LKR 20.20', '0 Minutes', '0 min', 3, '', '2017-12-14 11:48:22', '2017-12-14 11:48:24', '2017-12-14 11:48:29', '', ''),
(611, '56ca5de3-cf7f-44ed-bc38-4f7c05abfaf4', 32, 635, '', '', '', 'Park Lane', '6.908295', '79.8979933', '', '0.0', '0.0', '0.0 Km', 'LKR 20.05', '0 Minutes', '0 min', 3, '', '2017-12-14 12:15:11', '2017-12-14 12:15:38', '2017-12-14 12:15:39', '', ''),
(612, 'f8bd957c-aac0-4c0a-8070-774525545a6c', 32, 635, '', '', '', 'Park Lane', '6.908285', '79.89777', '', '0.0', '0.0', '', '', '', '', 4, '', '2017-12-14 12:15:55', NULL, NULL, NULL, NULL),
(613, '66366a83-3583-4d4c-aa49-30d58698a3a0', 32, 635, '', '', '', 'Park Lane', '6.9082783', '79.8977583', '', '0.0', '0.0', '0.0 Km', 'LKR 20.10', '0 Minutes', '0 min', 3, '', '2017-12-14 12:16:18', '2017-12-14 12:16:22', '2017-12-14 12:16:25', '', ''),
(614, 'ee48963a-bfb3-4a82-996f-d820a23b054c', 32, 635, '', '', '', 'Park Lane', '6.9082217', '79.8978167', '', '0.0', '0.0', '0.0 Km', 'LKR 20.50', '0 Minutes', '0 min', 3, '', '2017-12-14 12:21:21', '2017-12-14 12:21:24', '2017-12-14 12:21:35', '', ''),
(615, 'a3e75706-441c-4f3f-a9ae-17078b9920b1', 32, 635, '', '', '', 'Park Lane', '6.9082417', '79.8977617', '', '0.0', '0.0', '0.0 Km', 'LKR 20.35', '0 Minutes', '0 min', 3, '', '2017-12-14 12:34:08', '2017-12-14 12:34:12', '2017-12-14 12:34:19', '', ''),
(616, '9f74252b-6468-4f26-8206-d196d154a1ca', 32, 635, '', '', '', 'Park Lane', '6.9082983', '79.8977983', '', '0.0', '0.0', '0.0 Km', 'LKR 20.10', '0 Minutes', '0 min', 3, '', '2017-12-14 12:34:45', '2017-12-14 12:34:52', '2017-12-14 12:34:54', '', ''),
(617, 'e6bf20be-5d00-4019-ba64-8811bd8c8bde', 32, 635, '', '', '', 'Park Lane', '6.9082267', '79.8978183', '', '0.0', '0.0', '0.0 Km', 'LKR 20.00', '0 Minutes', '0 min', 3, '', '2017-12-14 12:38:08', '2017-12-14 12:38:10', '2017-12-14 12:38:11', '', ''),
(618, 'efdbc303-af06-4ba3-a986-d39a9e0e3c4e', 32, 635, '', '', '', 'Park Lane', '6.9082283', '79.89782', '', '0.0', '0.0', '0.0 Km', 'LKR 20.05', '0 Minutes', '0 min', 3, '', '2017-12-14 12:38:49', '2017-12-14 12:38:51', '2017-12-14 12:38:53', '', ''),
(619, '40add17b-28da-4c65-a8f8-12f5a4ff8609', 32, 635, '', '', '', 'Park Lane', '6.9081733', '79.8977017', '', '0.0', '0.0', '0.0 Km', 'LKR 20.05', '0 Minutes', '0 min', 3, '', '2017-12-14 12:40:39', '2017-12-14 12:40:45', '2017-12-14 12:40:47', '', ''),
(620, '85a24ee0-f7b9-44ed-8e1a-19e0e44a59af', 32, 635, '', '', '', 'Park Lane', '6.9082233', '79.8977183', '', '0.0', '0.0', '0.0 Km', 'LKR 20.15', '0 Minutes', '0 min', 3, '', '2017-12-14 12:41:07', '2017-12-14 12:41:11', '2017-12-14 12:41:15', '', ''),
(621, '0492b04e-fbbd-4256-9733-4cae323aab1c', 32, 635, '', '', '', 'Park Lane', '6.908235', '79.89783', '', '0.0', '0.0', '0.0 Km', 'LKR 20.10', '0 Minutes', '0 min', 3, '', '2017-12-14 13:29:23', '2017-12-14 13:29:28', '2017-12-14 13:29:31', '', ''),
(622, 'c00cb883-5911-479e-86ff-5941f609c2d3', 43, 645, '', '', '', 'Park Lane', '6.908245027416744', '79.89783695985578', 'Kollupitiya', '6.900996', '79.8548823', '10.90337290612763', '20', '0', '8', 3, '', '2017-12-14 14:04:20', '2017-12-14 14:06:03', '2017-12-14 14:06:14', '', '20'),
(623, 'c00cb883-5911-479e-86ff-5941f609c2d3', 43, 645, '', '', '', 'Park Lane', '6.908245270521542', '79.89783880733894', 'Not Mentioned', '0', '0', '10.90337290612763', '20', '0', '8', 3, '', '2017-12-14 14:06:02', '2017-12-14 14:06:03', '2017-12-14 14:06:14', '', '20'),
(624, '30dffabc-1941-475c-add0-bce6a40a4111', 43, 645, '', '', '', 'Park Lane', '6.908245912067178', '79.89784069087574', 'Not Mentioned', '0', '0', '10.90337290612763', '20', '0', '2', 3, '', '2017-12-14 14:06:50', '2017-12-14 14:08:16', '2017-12-14 14:08:21', '', '20'),
(625, '30dffabc-1941-475c-add0-bce6a40a4111', 43, 645, '', '', '', 'Park Lane', '6.908245197948317', '79.89783825515192', 'Not Mentioned', '0', '0', '10.90337290612763', '20', '0', '2', 3, '', '2017-12-14 14:07:52', '2017-12-14 14:08:16', '2017-12-14 14:08:21', '', '20'),
(626, '713db720-6216-4dc1-a106-4040df7a2499', 43, 645, '', '', '', 'Park Lane', '6.908245311682125', '79.89783912014138', 'Not Mentioned', '0', '0', '10.90337290612763', '20', '0', '4', 3, '', '2017-12-14 14:09:09', '2017-12-14 14:09:12', '2017-12-14 14:09:19', '', '20'),
(627, '3821e1ab-8fb8-4893-b73b-7019de119e4c', 43, 645, '', '', '', 'Park Lane', '6.908245241760615', '79.89783858870433', 'Not Mentioned', '0', '0', '0', '20', '0', '10', 4, 'Rider getting late', '2017-12-14 14:11:36', '2017-12-14 14:15:54', '2017-12-14 14:16:07', '', '20'),
(628, '3821e1ab-8fb8-4893-b73b-7019de119e4c', 43, 645, '', '', '', 'Park Lane', '6.908245219323963', '79.8978384182612', 'Not Mentioned', '0', '0', '0', '20', '0', '10', 4, 'Rider getting late', '2017-12-14 14:13:40', '2017-12-14 14:15:54', '2017-12-14 14:16:07', '', '20'),
(629, 'da662481-fa32-4a77-9f89-c09e85b3b734', 43, 645, '', '', '', 'Park Lane', '6.908245404226798', '79.89783826014055', 'Not Mentioned', '6.900996', '79.8548823', '0', '20', '0', '2', 3, '', '2017-12-14 14:16:40', '2017-12-14 14:21:43', '2017-12-14 14:21:47', '', '20'),
(630, 'da662481-fa32-4a77-9f89-c09e85b3b734', 43, 645, '', '', '', 'Park Lane', '6.908245404226798', '79.89783826014055', 'Not Mentioned', '6.900996', '79.8548823', '0', '20', '0', '2', 3, '', '2017-12-14 14:17:48', '2017-12-14 14:21:43', '2017-12-14 14:21:47', '', '20'),
(631, 'da662481-fa32-4a77-9f89-c09e85b3b734', 43, 645, '', '', '', 'Park Lane', '6.908245404226798', '79.89783826014055', 'Not Mentioned', '6.900996', '79.8548823', '0', '20', '0', '2', 3, '', '2017-12-14 14:18:42', '2017-12-14 14:21:43', '2017-12-14 14:21:47', '', '20'),
(632, 'da662481-fa32-4a77-9f89-c09e85b3b734', 43, 645, '', '', '', 'Park Lane', '6.908245404226798', '79.89783826014055', 'Not Mentioned', '6.900996', '79.8548823', '0', '20', '0', '2', 3, '', '2017-12-14 14:19:21', '2017-12-14 14:21:43', '2017-12-14 14:21:47', '', '20'),
(633, 'da662481-fa32-4a77-9f89-c09e85b3b734', 43, 645, '', '', '', 'Park Lane', '6.908245404226798', '79.89783826014055', 'Not Mentioned', '6.900996', '79.8548823', '0', '20', '0', '2', 3, '', '2017-12-14 14:20:43', '2017-12-14 14:21:43', '2017-12-14 14:21:47', '', '20'),
(634, 'da662481-fa32-4a77-9f89-c09e85b3b734', 43, 645, '', '', '', 'Park Lane', '6.908245404226798', '79.89783826014055', 'Not Mentioned', '6.900996', '79.8548823', '0', '20', '0', '2', 3, '', '2017-12-14 14:21:26', '2017-12-14 14:21:43', '2017-12-14 14:21:47', '', '20'),
(635, '8fbe1dcc-20c7-4f6e-94bf-d4facf22cedc', 43, 645, '', '', '', 'Park Lane', '6.908245285673967', '79.89783891731049', 'Not Mentioned', '0', '0', '13.6976893146816', '20', '0', '9', 3, '', '2017-12-14 14:51:42', '2017-12-14 14:52:28', '2017-12-14 14:52:40', '', '20'),
(636, 'bf8b753c-d1ae-41e4-9a35-1f98386e4867', 43, 645, '', '', '', 'Park Lane', '6.908263005390215', '79.89781465012011', 'Not Mentioned', '0', '0', '', '', '', '', 4, 'Rider getting late', '2017-12-14 15:53:08', NULL, NULL, NULL, NULL),
(637, 'f0bdb2f5-a392-4ec1-b47f-39e4dd9bee85', 43, 638, '', '', '', 'Park Lane', '6.908224825753745', '79.89778739407649', 'Not Mentioned', '0', '0', '0', '20', '0', '2', 4, 'Rider getting late', '2017-12-14 15:57:55', '2017-12-14 15:57:57', '2017-12-14 15:58:04', '', '20'),
(638, 'a75db45e-bdd4-41b5-9757-ec22eb7a66bb', 32, 635, '', '', '', 'Park Lane', '6.9082283', '79.8978183', '', '0.0', '0.0', '0.0 Km', 'LKR 20.00', '0 Minutes', '0 min', 3, '', '2017-12-14 16:02:33', '2017-12-14 16:02:38', '2017-12-14 16:02:39', '', ''),
(639, '50fdfa52-95f0-4fa6-914c-f0e3b6d4a188', 32, 635, '', '', '', 'Park Lane', '6.9082217', '79.8978233', '', '0.0', '0.0', '0.0 Km', 'LKR 20.05', '0 Minutes', '0 min', 3, '', '2017-12-14 16:03:20', '2017-12-14 16:03:22', '2017-12-14 16:03:25', '', ''),
(640, '641e1101-0983-4e4e-9cdd-258165d57564', 32, 635, '', '', '', 'Park Lane', '6.9082267', '79.89782', '', '0.0', '0.0', '0.0 Km', 'LKR 20.00', '0 Minutes', '0 min', 3, '', '2017-12-14 16:06:51', '2017-12-14 16:06:53', '2017-12-14 16:06:55', '', ''),
(641, 'a6b0ea5c-e9e1-4e3e-a491-8e20f3f84f09', 32, 635, '', '', '', 'Park Lane', '6.9082067', '79.897788', '', '0.0', '0.0', '0.0 Km', 'LKR 20.05', '0 Minutes', '0 min', 3, '', '2017-12-14 16:11:42', '2017-12-14 16:11:46', '2017-12-14 16:11:50', '', ''),
(642, '0124ab0d-6ced-4891-9fda-0516fd937e01', 32, 635, '', '', '', 'Park Lane', '6.9082328', '79.8978109', 'Unnamed Road', '9.576750943737647', '80.3468095511198', '0.0 Km', 'LKR 19.665000000000003', '0 Minutes', '0 min', 3, '', '2017-12-18 11:34:21', '2017-12-18 11:34:24', '2017-12-18 11:35:04', '', ''),
(643, '9e26ab5e-d801-47b1-a9ba-b4eff85ee1fb', 32, 635, '', '', '', 'Park Lane', '6.9082401', '79.8977815', 'Unnamed Road', '9.576750943737647', '80.3468095511198', '0.0 Km', 'LKR 20.25', '0 Minutes', '0 min', 3, '', '2017-12-18 11:37:06', '2017-12-18 11:37:10', '2017-12-18 11:37:17', '', ''),
(644, '94449c6a-5ca5-48ec-acc5-8bba010dfb3a', 32, 635, '', '', '', 'Park Lane', '6.908262', '79.8978374', '', '0.0', '0.0', '0.0 Km', 'LKR 18.40', '0 Minutes', '0 min', 3, '', '2017-12-18 11:43:04', '2017-12-18 11:43:06', '2017-12-18 11:43:17', '', ''),
(645, '5669de51-7c5b-4e7b-b0e0-52d27e1a7265', 32, 635, '', '', '', 'Park Lane', '6.908262', '79.8978374', '', '0.0', '0.0', '0.0 Km', 'LKR 20.00', '0 Minutes', '0 min', 3, '', '2017-12-18 11:44:00', '2017-12-18 11:44:02', '2017-12-18 11:44:03', '', ''),
(646, '5f323b7b-8834-4be0-ab90-5ddefea79813', 32, 635, '', '', '', 'Park Lane', '6.9082079', '79.8977769', '', '0.0', '0.0', '0.0 Km', 'LKR 18.09', '0 Minutes', '0 min', 3, '', '2017-12-18 12:22:17', '2017-12-18 12:26:45', '2017-12-18 12:26:50', '', ''),
(647, '156edfb7-5585-49a9-add7-624f04a8acb3', 32, 635, '', '', '', 'Park Lane', '6.9082372', '79.8979809', 'Karapitiya', '6.0705817', '80.2251603', '0.0 Km', 'LKR 20.0', '0 Minutes', '0 min', 3, '', '2017-12-18 13:08:40', '2017-12-18 13:08:45', '2017-12-18 13:13:59', '', ''),
(648, 'bf07b23a-1b9c-4e28-88c5-33e906aae6da', 32, 635, '', '', '', 'Park Lane', '6.9082328', '79.8978109', '25 St Stephen\'s Mawatha, Colombo', '6.919327213487074', '79.89548798650503', '', '', '', '', 4, '', '2017-12-18 13:14:31', NULL, NULL, NULL, NULL),
(649, '0361d18a-b34e-40cf-a0b9-89ea76aecfc8', 32, 635, '', '', '', 'Park Lane', '6.9082328', '79.8978109', '', '0.0', '0.0', '0.0 Km', 'LKR 20.05', '0 Minutes', '0 min', 3, '', '2017-12-18 13:14:41', '2017-12-18 13:14:45', '2017-12-18 13:14:46', '', ''),
(650, '07d9109c-2aa1-459c-baa3-9cf7fe0641f8', 32, 635, '', '', '', 'Park Lane', '6.9082319', '79.8978122', 'Unnamed Road', '9.576750943737647', '80.3468095511198', '0.0 Km', 'LKR 24.45', '1 Minutes', '0 min', 3, '', '2017-12-18 13:15:30', '2017-12-18 13:15:38', '2017-12-18 13:17:44', '', ''),
(651, 'bdc388cf-b20d-47cd-968e-69aea0c58a7e', 32, 635, '', '', '', 'Siri Wajirawansa Mawatha', '6.9089357', '79.8972354', '', '0.0', '0.0', '0.0 Km', 'LKR 27.0', '2 Minutes', '2 min', 3, '', '2017-12-18 13:19:41', '2017-12-18 13:19:44', '2017-12-18 13:22:06', '1', '24.30'),
(652, '60813151-29ee-4f36-abf6-67a5235b8834', 32, 635, '', '', '', 'Park Lane', '6.908233', '79.8977941', '', '0.0', '0.0', '0.0 Km', 'LKR 24.3', '1 Minutes', '1 min', 3, '', '2017-12-18 13:23:08', '2017-12-18 13:23:10', '2017-12-18 13:25:09', '1', '21.87'),
(653, '668b943a-53ab-44af-89fc-b0e244d62d6d', 32, 635, '', '', '', 'Park Lane', '6.9082047', '79.8978606', '', '0.0', '0.0', '0.0 Km', 'LKR 21.05', '0 Minutes', '0 min', 3, '', '2017-12-18 14:35:33', '2017-12-18 14:35:35', '2017-12-18 14:35:58', '1', 'LKR 18.94'),
(654, '0ed9d4c0-48a5-465a-892c-5071519174af', 32, 635, '', '', '', 'Park Lane', '6.9082363', '79.897885', '', '0.0', '0.0', '0.0 Km', 'LKR 20.50', '0 Minutes', '0 min', 3, '', '2017-12-18 14:38:36', '2017-12-18 14:38:38', '2017-12-18 14:38:50', '1', 'LKR 18.45'),
(655, '0e66b961-7759-40e6-88fd-3896b97887e6', 32, 635, '', '', '', 'Park Lane', '6.908235', '79.8978857', '', '0.0', '0.0', '0.0 Km', 'LKR 20.25', '0 Minutes', '0 min', 3, '', '2017-12-18 14:39:09', '2017-12-18 14:39:10', '2017-12-18 14:45:40', '', ''),
(656, '3ebc069b-95ee-4652-947c-697c102d4095', 32, 635, '', '', '', 'Park Lane', '6.9081767', '79.8978267', 'Sarasavi Road', '6.901052263857788', '79.89214058965446', '0.0 Km', 'LKR 20.85', '0 Minutes', '0 min', 3, '', '2017-12-18 16:48:00', '2017-12-18 16:48:10', '2017-12-18 16:48:28', '1', 'LKR 18.76'),
(657, 'e525b4b1-6d20-478d-af49-b3ed72cc25d7', 32, 635, '', '', '', 'Park Lane', '6.9082283', '79.8978183', '', '0.0', '0.0', '0.0 Km', 'LKR 20.35', '0 Minutes', '0 min', 3, '', '2017-12-18 16:48:41', '2017-12-18 16:48:54', '2017-12-18 16:49:02', '', ''),
(658, '64979dec-f432-4cd9-bd2e-a4d4ce877fe2', 32, 635, '', '', '', 'Park Lane', '6.9082', '79.897815', '', '0.0', '0.0', '0.0 Km', 'LKR 20.55', '0 Minutes', '0 min', 3, '', '2017-12-18 16:49:20', '2017-12-18 16:49:24', '2017-12-18 16:49:37', '', ''),
(659, '4f9f2ac8-72d1-4bfc-b1ab-1c865476fc24', 32, 635, '', '', '', 'Park Lane', '6.90814', '79.8978183', 'Sarasavi Road', '6.901052263857788', '79.89214058965446', '0.0 Km', 'LKR 20.60', '0 Minutes', '0 min', 3, '', '2017-12-18 16:50:01', '2017-12-18 16:50:05', '2017-12-18 16:50:19', '', ''),
(660, 'a1883c0b-9ae5-4c0d-ab8a-cf3201163579', 32, 635, '', '', '', 'Park Lane', '6.9082285', '79.8978173', 'Sarasavi Road', '6.901052263857788', '79.89214058965446', '0.0 Km', 'LKR 20.75', '0 Minutes', '0 min', 4, '', '2017-12-18 16:50:35', '2017-12-18 16:50:44', '2017-12-18 16:51:00', '', ''),
(661, '4e1070ba-0e79-4f07-a4a8-8de11705a99f', 32, 635, '', '', '', 'Park Lane', '6.9082267', '79.8978117', 'Borella - Rajagiriya Road', '6.909502177656605', '79.89746209233999', '', '', '', '', 4, '', '2017-12-18 16:51:19', NULL, NULL, NULL, NULL),
(662, '6f496168-4b15-4741-aaac-d4c6a694985c', 32, 635, '', '', '', 'Park Lane', '6.9082283', '79.8978283', '', '0.0', '0.0', '', '', '', '', 4, '', '2017-12-18 16:51:25', '2017-12-18 16:51:44', NULL, NULL, NULL),
(663, 'f7eae1f0-2754-4080-8de6-f2d4e2d32593', 32, 635, '', '', '', 'Park Lane', '6.90829', '79.8978517', '', '0.0', '0.0', '', '', '', '', 4, '', '2017-12-18 16:54:30', NULL, NULL, NULL, NULL),
(664, '733ed5fe-8f6c-4806-a8d4-b89f12161a01', 32, 635, '', '', '', 'Park Lane', '6.90829', '79.8978517', '', '0.0', '0.0', '', '', '', '', 4, '', '2017-12-18 16:54:51', NULL, NULL, NULL, NULL),
(665, 'd7a110e7-1d3c-4abf-b7ee-e47932152b51', 32, 635, '', '', '', 'Park Lane', '6.90829', '79.8978517', '', '0.0', '0.0', '0.0 Km', 'LKR 23.20', '1 Minutes', '1 min', 3, '', '2017-12-18 16:55:11', '2017-12-18 16:55:25', '2017-12-18 16:56:30', '', ''),
(666, 'd6599305-a581-4ac0-9646-a7d704f36a07', 32, 635, '', '', '', 'Park Lane', '6.9082383', '79.8978117', 'Sarasavi Road', '6.901052263857788', '79.89214058965446', '0.0 Km', 'LKR 20.60', '0 Minutes', '0 min', 3, '', '2017-12-18 16:56:41', '2017-12-18 16:57:30', '2017-12-18 16:57:42', '', ''),
(667, '84183a1e-023b-4337-a6b7-bd61a68e7771', 32, 635, '', '', '', 'Park Lane', '6.9082', '79.8979', '', '0.0', '0.0', '0.0 Km', 'LKR 20.10', '0 Minutes', '0 min', 3, '', '2017-12-18 16:59:00', '2017-12-18 16:59:12', '2017-12-18 16:59:15', '', ''),
(668, 'c2b6f9be-729d-4215-bd7a-f35413cecba9', 32, 635, '', '', '', 'Park Lane', '6.908205', '79.8979117', '', '0.0', '0.0', '', '', '', '', 4, '', '2017-12-18 16:59:25', NULL, NULL, NULL, NULL),
(669, '39c0bf7a-ee9e-43b7-b4ea-ca159b1c4bda', 32, 635, '', '', '', 'Park Lane', '6.908205', '79.8979117', '', '0.0', '0.0', '', '', '', '', 4, '', '2017-12-18 16:59:42', NULL, NULL, NULL, NULL),
(670, 'eede5ecc-41cc-4afa-8d85-bdf98587e4a3', 32, 635, '', '', '', 'Park Lane', '6.908205', '79.8979117', '', '0.0', '0.0', '0.0 Km', 'LKR 20.10', '0 Minutes', '0 min', 3, '', '2017-12-18 16:59:47', '2017-12-18 17:02:07', '2017-12-18 17:02:10', '', '');
INSERT INTO `ride_history` (`tripID`, `roomID`, `rID`, `uID`, `riderName`, `riderImage`, `ratingParticularTrip`, `pickupLocationName`, `pickupLocationLatitude`, `pickupLocationLongitude`, `dropLocationName`, `dropLocationLatitude`, `dropLocationLongitude`, `totalDistance`, `totalAmount`, `totalWaitingTime`, `totalRideTime`, `tSatus`, `cancelledReason`, `rideDate`, `rideStartTime`, `rideEndTime`, `ridePromoCodeId`, `rideAmount`) VALUES
(671, '59b41d4e-181b-4115-baa1-570e0b9820ed', 32, 635, '', '', '', 'Park Lane', '6.908205', '79.8979117', 'Sarasavi Road', '6.901052263857788', '79.89214058965446', '0.0 Km', 'LKR 20.15', '0 Minutes', '0 min', 4, '', '2017-12-18 17:06:06', '2017-12-18 17:06:42', '2017-12-18 17:06:47', '', ''),
(672, '0b22c512-a0d2-4951-9ab8-45b1276e1e92', 32, 635, '', '', '', 'Park Lane', '6.9082067', '79.897895', '', '0.0', '0.0', '', '', '', '', 4, '', '2017-12-18 17:15:00', NULL, NULL, NULL, NULL),
(673, 'eaabf5f4-a365-495b-8eb5-665b59ce8c4a', 32, 635, '', '', '', 'Park Lane', '6.9082285', '79.8978173', 'Sarasavi Road', '6.901052263857788', '79.89214058965446', '0.0 Km', 'LKR 21.00', '0 Minutes', '0 min', 3, '', '2017-12-18 17:22:11', '2017-12-18 17:23:23', '2017-12-18 17:23:44', '', ''),
(674, '6cb3260b-0915-4ee9-bf28-c5a31ad37501', 32, 635, '', '', '', 'Park Lane', '6.9082283', '79.8978167', '', '0.0', '0.0', '', '', '', '', 4, '', '2017-12-18 17:24:41', NULL, NULL, NULL, NULL),
(675, '18668f07-ebd4-4423-be05-83b997d80630', 32, 635, '', '', '', 'Park Lane', '6.9082284', '79.8978172', '', '0.0', '0.0', '', '', '', '', 4, '', '2017-12-18 17:24:56', NULL, NULL, NULL, NULL),
(676, '50af93da-87fa-48bd-bba3-ccf42e899cb4', 32, 635, '', '', '', 'Park Lane', '6.9082283', '79.8978183', 'Sarasavi Road', '6.901052263857788', '79.89214058965446', '0.0 Km', 'LKR 20.20', '0 Minutes', '0 min', 3, '', '2017-12-18 17:25:03', '2017-12-18 17:25:10', '2017-12-18 17:25:14', '', ''),
(677, '6f90b942-e4ba-41d0-80fa-391b223707c1', 32, 635, '', '', '', 'Park Lane', '6.9082283', '79.8978167', '', '0.0', '0.0', '0.0 Km', 'LKR 20.05', '0 Minutes', '0 min', 3, '', '2017-12-18 17:27:41', '2017-12-18 17:27:49', '2017-12-18 17:27:51', '', ''),
(678, '8153951b-939a-4465-803e-ee51d33d187f', 32, 635, '', '', '', 'Park Lane', '6.908295', '79.897885', '', '0.0', '0.0', '0.0 Km', 'LKR 23.90', '1 Minutes', '1 min', 3, '', '2017-12-18 17:32:08', '2017-12-18 17:33:17', '2017-12-18 17:34:37', '', ''),
(679, '199c33ed-2d1e-4d45-9744-758df6a1251b', 32, 635, '', '', '', 'Park Lane', '6.90822', '79.8978083', '', '0.0', '0.0', '0.0 Km', 'LKR 20.05', '0 Minutes', '0 min', 3, '', '2017-12-18 17:37:13', '2017-12-18 17:37:15', '2017-12-18 17:37:17', '', ''),
(680, '8a76937e-a8b2-4d53-95d0-6b8e5a69151e', 32, 635, '', '', '', 'Park Lane', '6.9082683', '79.8977483', '', '0.0', '0.0', '0.0 Km', 'LKR 20.05', '0 Minutes', '0 min', 3, '', '2017-12-18 17:37:31', '2017-12-18 17:37:41', '2017-12-18 17:37:42', '', ''),
(681, '07600881-36df-41de-9df1-d7aadfcfe87e', 32, 635, '', '', '', 'Park Lane', '6.9082683', '79.8977483', '', '0.0', '0.0', '0.0 Km', 'LKR 20.85', '0 Minutes', '0 min', 3, '', '2017-12-18 17:37:55', '2017-12-18 17:37:58', '2017-12-18 17:38:16', '', ''),
(682, '93dc6ec7-7afa-4273-8450-d3969ac7b809', 32, 635, '', '', '', 'Park Lane', '6.9082273', '79.8978171', '', '0.0', '0.0', '0.0 Km', 'LKR 20.00', '0 Minutes', '0 min', 4, '', '2017-12-18 17:42:31', '2017-12-18 17:45:51', '2017-12-18 17:45:52', '', ''),
(683, 'd302efeb-2a77-4cab-97eb-82cb7065a7bb', 32, 635, '', '', '', 'Park Lane', '6.9082833', '79.8978517', '', '0.0', '0.0', '0.0 Km', 'LKR 37.40', '5 Minutes', '5 min', 3, '', '2017-12-18 17:52:54', '2017-12-18 17:53:49', '2017-12-18 17:59:52', '', ''),
(684, '25e07f32-cf48-4a1c-b9bb-aad3074d7824', 32, 635, '', '', '', 'Park Lane', '6.908185', '79.8977517', '', '0.0', '0.0', '0.0 Km', 'LKR 29.75', '3 Minutes', '3 min', 3, '', '2017-12-18 18:01:47', '2017-12-18 18:09:33', '2017-12-18 18:12:47', '', ''),
(685, '24ff97f8-1c56-4584-aa97-8826a3166d43', 32, 635, '', '', '', 'Park Lane', '6.90824', '79.8977483', '', '0.0', '0.0', '0.0 Km', 'LKR 30.45', '3 Minutes', '3 min', 3, '', '2017-12-18 18:13:29', '2017-12-18 18:13:49', '2017-12-18 18:17:22', '', ''),
(686, 'b5c9af82-c9ce-4143-9b38-29800ab3d948', 32, 635, '', '', '', 'Park Lane', '6.9082883', '79.897775', '', '0.0', '0.0', '', '', '', '', 4, '', '2017-12-18 18:19:34', NULL, NULL, NULL, NULL),
(687, 'b20873f2-eeff-4149-af20-fcefb3a0ca3e', 32, 635, '', '', '', 'Park Lane', '6.9082167', '79.897885', '', '0.0', '0.0', '', '', '', '', 4, '', '2017-12-18 18:21:22', '2017-12-18 18:21:49', NULL, NULL, NULL),
(688, '3a2d8f43-7a4c-4fb3-b11e-35b6c02638fe', 32, 635, '', '', '', 'Park Lane', '6.9081717', '79.8978683', 'Sarasavi Road', '6.901052263857788', '79.89214058965446', '0.0 Km', 'LKR 20.10', '0 Minutes', '0 min', 3, '', '2017-12-18 18:28:17', '2017-12-18 18:28:20', '2017-12-18 18:28:22', '', ''),
(689, 'ccc16405-6a34-4aee-9379-fa8894d10988', 32, 635, '', '', '', 'Park Lane', '6.90821', '79.89781', '', '0.0', '0.0', '', '', '', '', 4, '', '2017-12-18 18:30:30', NULL, NULL, NULL, NULL),
(690, '36ea3207-7ddf-4b68-940a-7b85742cd1d9', 32, 635, '', '', '', 'Park Lane', '6.90821', '79.89781', '', '0.0', '0.0', '', '', '', '', 4, '', '2017-12-18 18:30:44', NULL, NULL, NULL, NULL),
(691, '1fc6c350-a4d5-4204-9beb-efc609ac4a35', 32, 635, '', '', '', 'Park Lane', '6.90821', '79.89781', '', '0.0', '0.0', '0.0 Km', 'LKR 20.00', '0 Minutes', '0 min', 3, '', '2017-12-18 18:30:55', '2017-12-18 18:31:21', '2017-12-18 18:31:23', '', ''),
(692, '7570f1e1-6ecc-46e0-8ac2-5c128f83460b', 32, 635, '', '', '', 'Park Lane', '6.90821', '79.89781', '', '0.0', '0.0', '0.0 Km', 'LKR 20.05', '0 Minutes', '0 min', 3, '', '2017-12-18 18:31:38', '2017-12-18 18:35:03', '2017-12-18 18:35:04', '', ''),
(693, '1e853629-c239-493b-8257-f7acc362b0d3', 32, 635, '', '', '', 'Park Lane', '6.9082265', '79.8978175', '', '0.0', '0.0', '0.0 Km', 'LKR 20.00', '0 Minutes', '0 min', 3, '', '2017-12-18 18:37:07', '2017-12-18 18:37:25', '2017-12-18 18:37:26', '', ''),
(694, '61cfb5ac-4b28-4174-9095-1ff3b628be5d', 32, 635, '', '', '', 'Park Lane', '6.9082633', '79.897785', '', '0.0', '0.0', '', '', '', '', 4, '', '2017-12-18 18:37:34', NULL, NULL, NULL, NULL),
(695, '5a20922f-40c8-4edf-a8e7-5dcff3c8cab0', 32, 635, '', '', '', 'Park Lane', '6.9082583', '79.8977933', '', '0.0', '0.0', '', '', '', '', 4, '', '2017-12-18 18:37:39', NULL, NULL, NULL, NULL),
(696, '141b0fcb-b7bc-45a2-a62f-d01baa6de8a1', 32, 635, '', '', '', 'Park Lane', '6.9082583', '79.8977933', '', '0.0', '0.0', '', '', '', '', 4, '', '2017-12-18 18:37:44', NULL, NULL, NULL, NULL),
(697, '6c2418ed-5d6e-489e-b1e9-4718875e57a8', 32, 635, '', '', '', 'Park Lane', '6.9082267', '79.8978217', 'Heen Ela Road', '6.899675606264207', '79.87933136522769', '', '', '', '', 4, '', '2017-12-18 18:40:43', NULL, NULL, NULL, NULL),
(698, 'a46351a1-22ab-4f5c-a68b-d6c099c1257d', 32, 635, '', '', '', 'Park Lane', '6.908226', '79.8978668', '', '0.0', '0.0', '0.0 Km', 'LKR 20.00', '0 Minutes', '0 min', 3, '', '2017-12-18 18:43:17', '2017-12-18 18:43:19', '2017-12-18 18:43:20', '', ''),
(699, '3964db38-7b1e-473f-8d14-ab4f5435cf0c', 32, 635, '', '', '', 'Park Lane', '6.9082285', '79.8978677', '', '0.0', '0.0', '', '', '', '', 4, '', '2017-12-18 18:43:36', NULL, NULL, NULL, NULL),
(700, '05b7e58a-8105-4c66-93a4-e005ea17a96f', 32, 635, '', '', '', 'Park Lane', '6.9082301', '79.8978673', '', '0.0', '0.0', '', '', '', '', 4, '', '2017-12-18 18:44:05', NULL, NULL, NULL, NULL),
(701, '528049f9-e5ef-435a-b088-0de81674d5ab', 32, 635, '', '', '', 'Park Lane', '6.9082293', '79.8978684', '', '0.0', '0.0', '0.0 Km', 'LKR 20.10', '0 Minutes', '0 min', 4, '', '2017-12-18 18:44:23', '2017-12-18 18:44:31', '2017-12-18 18:44:34', '', ''),
(702, 'bb0d05d8-7e68-4eec-91f1-2f005735b5ed', 32, 635, '', '', '', 'Park Lane', '6.9082309', '79.8978672', 'Karapitiya', '6.0705817', '80.2251603', '0.0 Km', 'LKR 20.05', '0 Minutes', '0 min', 3, '', '2017-12-18 18:44:46', '2017-12-18 18:44:47', '2017-12-18 18:44:49', '', ''),
(703, '9854c235-70d4-41db-af38-0a49eb73386c', 32, 635, '', '', '', 'Park Lane', '6.9082364', '79.8978634', '', '0.0', '0.0', '', '', '', '', 4, '', '2017-12-18 18:44:55', NULL, NULL, NULL, NULL),
(704, '545f86ee-d4a3-421a-90a2-43beeb632379', 32, 635, '', '', '', 'Park Lane', '6.9082502', '79.897863', 'Karapitiya', '6.0705817', '80.2251603', '0.0 Km', 'LKR 20.05', '0 Minutes', '0 min', 3, '', '2017-12-18 18:45:17', '2017-12-18 18:45:30', '2017-12-18 18:45:31', '', ''),
(705, 'd64e270e-840c-4101-b00c-f0284e2732eb', 32, 635, '', '', '', 'Park Lane', '6.9082821', '79.8979056', '', '0.0', '0.0', '0.0 Km', 'LKR 20.65', '0 Minutes', '0 min', 3, '', '2017-12-19 15:57:49', '2017-12-19 15:58:03', '2017-12-19 15:58:17', '', ''),
(706, '5ac8c731-fba0-40d2-86fc-bb884d40bfa2', 32, 635, '', '', '', 'Park Lane', '6.9082', '79.8978633', '', '0.0', '0.0', '0.0', '23.55', '1', '1', 3, '', '2017-12-19 17:14:33', '2017-12-19 17:14:36', '2017-12-19 17:15:48', '', ''),
(707, '586e5d77-dd5b-4b67-96b8-6ae71326b7d6', 32, 635, '', '', '', 'Park Lane', '6.908235', '79.8978067', '', '0.0', '0.0', '0.0', '20.10', '0', '0', 3, '', '2017-12-19 18:48:50', '2017-12-19 18:49:15', '2017-12-19 18:49:19', '', ''),
(708, '6a4c6a08-7aa8-4345-b2da-6d1297c49142', 32, 635, '', '', '', 'Park Lane', '6.9082283', '79.897855', '', '0.0', '0.0', '0.0', '20.05', '0', '0', 3, '', '2017-12-19 18:52:41', '2017-12-19 18:52:54', '2017-12-19 18:52:56', '', ''),
(709, 'e4eeaa15-fa36-4186-a1c0-74ffdf5a3d62', 32, 635, '', '', '', 'Park Lane', '6.9082283', '79.897855', '', '0.0', '0.0', '0.0', '20.35', '0', '0', 3, '', '2017-12-19 18:53:03', '2017-12-19 18:53:06', '2017-12-19 18:53:29', '', ''),
(710, '9ce48b21-3eb2-4851-9c54-3dab786ef46d', 32, 635, '', '', '', 'Park Lane', '6.9081417', '79.8979083', '', '0.0', '0.0', '', '', '', '', 4, '', '2017-12-19 18:53:37', NULL, NULL, NULL, NULL),
(711, '8dee958c-730e-48fd-86ea-ee4d55442c48', 32, 635, '', '', '', 'Park Lane', '6.9081417', '79.8979083', '', '0.0', '0.0', '', '', '', '', 4, '', '2017-12-19 18:54:00', NULL, NULL, NULL, NULL),
(712, '39870cc0-cd73-4b11-8472-d1aeb81f2f55', 32, 635, '', '', '', 'Park Lane', '6.9082258', '79.8978191', '', '0.0', '0.0', '', '', '', '', 4, '', '2017-12-19 18:54:05', NULL, NULL, NULL, NULL),
(713, 'e598ffea-b010-4ee6-bbea-eac293662ebf', 32, 635, '', '', '', 'Park Lane', '6.90822', '79.897865', '', '0.0', '0.0', '', '', '', '', 4, '', '2017-12-19 18:54:10', NULL, NULL, NULL, NULL),
(714, '3c4c928a-3562-458c-b2bc-fa869044ac6a', 32, 635, '', '', '', 'Park Lane', '6.9082633', '79.897805', '', '0.0', '0.0', '0.0', '20.45', '0', '0', 3, '', '2017-12-19 18:54:42', '2017-12-19 18:54:59', '2017-12-19 18:55:09', '', ''),
(715, '0fe3675e-d190-46fd-813a-9be4a1c3bfc1', 32, 635, '', '', '', 'Park Lane', '6.9082262', '79.8978195', '', '0.0', '0.0', '0.0', '30.35', '3', '3', 3, '', '2017-12-19 18:58:46', '2017-12-19 18:59:35', '2017-12-19 19:03:04', '', ''),
(716, '05996b8a-c58f-4c33-9e24-36d927519362', 32, 635, '', '', '', 'Park Lane', '6.9081817', '79.89784', '', '0.0', '0.0', '', '', '', '', 4, '', '2017-12-20 10:21:29', '2017-12-20 10:21:49', NULL, NULL, NULL),
(717, 'c1a9901c-5ab7-43b6-a578-85cee517ed85', 32, 635, '', '', '', 'Park Lane', '6.908195', '79.8977817', '', '0.0', '0.0', '', '', '', '', 4, '', '2017-12-20 10:22:15', NULL, NULL, NULL, NULL),
(718, '5fef2a7e-a574-464d-a87f-a3cb3771197f', 32, 635, '', '', '', 'Park Lane', '6.908255', '79.8978917', '', '0.0', '0.0', '', '', '', '', 4, '', '2017-12-20 10:43:35', NULL, NULL, NULL, NULL),
(719, '14319166-92ed-45a7-af89-42d3e02cba4a', 32, 635, '', '', '', 'Park Lane', '6.9082268', '79.8978196', '', '0.0', '0.0', '0.0', '20.05', '0', '0', 3, '', '2017-12-20 10:56:26', '2017-12-20 10:56:41', '2017-12-20 10:56:43', '', ''),
(720, 'a882aae7-2801-4d3b-82ef-4d1ab599486a', 32, 635, '', '', '', 'Park Lane', '6.9082278', '79.8978185', '', '0.0', '0.0', '0.0', '21.10', '0', '0', 4, '', '2017-12-20 11:01:19', '2017-12-20 11:01:42', '2017-12-20 11:02:05', '', ''),
(721, '8c7e0cdc-d4a3-44f8-9713-59996a42949d', 32, 635, '', '', '', 'Park Lane', '6.9082268', '79.8978198', '', '0.0', '0.0', '0.0', '20.00', '0', '0', 3, '', '2017-12-20 11:02:15', '2017-12-20 11:02:25', '2017-12-20 11:02:26', '', ''),
(722, '30be00d8-5c6c-4054-b864-0831612a5e92', 32, 635, '', '', '', 'Park Lane', '6.9080633', '79.897735', '', '0.0', '0.0', '0.0', '20.70', '0', '0', 4, '', '2017-12-20 11:10:39', '2017-12-20 11:10:55', '2017-12-20 11:11:09', '', ''),
(723, '920028ea-3b3f-4992-9735-17dd4ba3230b', 32, 635, '', '', '', 'Park Lane', '6.908225', '79.8978', '', '0.0', '0.0', '0.0', '20.05', '0', '0', 3, '', '2017-12-20 11:17:42', '2017-12-20 11:17:54', '2017-12-20 11:17:55', '', ''),
(724, '77e24950-c313-4481-877a-6f5a0652b980', 32, 635, '', '', '', 'Park Lane', '6.908225', '79.8978', '', '0.0', '0.0', '', '', '', '', 4, '', '2017-12-20 11:18:01', NULL, NULL, NULL, NULL),
(725, '0b4a9b37-5954-4d8e-9c42-684df7054fc0', 32, 635, '', '', '', 'Park Lane', '6.908225', '79.8978', '', '0.0', '0.0', '', '', '', '', 4, '', '2017-12-20 11:18:12', NULL, NULL, NULL, NULL),
(726, 'cbc8b9bd-56aa-4282-a6cf-b1e3d29a487c', 32, 635, '', '', '', 'Park Lane', '6.908225', '79.8978', '', '0.0', '0.0', '', '', '', '', 4, '', '2017-12-20 11:18:18', NULL, NULL, NULL, NULL),
(727, '0340b187-9c36-42b1-94fd-04cbf19a4b37', 32, 635, '', '', '', 'Park Lane', '6.90818', '79.89779', '', '0.0', '0.0', '', '', '', '', 4, '', '2017-12-20 11:20:22', '2017-12-20 11:20:27', NULL, NULL, NULL),
(728, 'f1a2ec0b-5a30-45e8-bce4-d2c28dd83510', 32, 635, '', '', '', 'Park Lane', '6.9081817', '79.8978767', '', '0.0', '0.0', '0.0', '20.20', '0', '0', 3, '', '2017-12-20 11:22:19', '2017-12-20 11:22:21', '2017-12-20 11:22:26', '', ''),
(729, 'fd78aad4-3a6d-4e9a-86e1-166d1e5acbc7', 32, 635, '', '', '', '61 Dharmapala Pl, Sri Jayawardenepura Kotte', '6.910717379140451', '79.89480067044497', '16 Ramanathan Ave, Dehiwala-Mount Lavinia', '6.860842297411889', '79.8606377094984', '0.0', '20.05', '0', '0', 3, '', '2017-12-20 11:24:43', '2017-12-20 11:25:47', '2017-12-20 11:25:48', '', ''),
(730, 'a60ff0e8-4870-4f79-b498-df760251f009', 32, 635, '', '', '', 'Park Lane', '6.9082033', '79.89785', '', '0.0', '0.0', '0.0', '21.15', '0', '0', 3, '', '2017-12-20 11:25:57', '2017-12-20 11:26:06', '2017-12-20 11:26:31', '', ''),
(731, 'efbd838e-fb54-45dd-87fe-7344e927ac8f', 32, 635, '', '', '', 'Park Lane', '6.908245', '79.8977717', '', '0.0', '0.0', '', '', '', '', 4, '', '2017-12-20 11:26:55', NULL, NULL, NULL, NULL),
(732, '3cbb07a8-6d20-4084-9356-f78ca34166d2', 32, 635, '', '', '', 'Park Lane', '6.9082083', '79.897815', '', '0.0', '0.0', '0.0', '20.00', '0', '0', 3, '', '2017-12-20 11:36:20', '2017-12-20 11:36:23', '2017-12-20 11:36:24', '', ''),
(733, 'dd75c2c3-66da-4cfb-b276-94e9982be719', 32, 635, '', '', '', 'Park Lane', '6.9081833', '79.8977417', '', '0.0', '0.0', '', '', '', '', 4, '', '2017-12-20 11:40:15', NULL, NULL, NULL, NULL),
(734, 'bcba5e80-4f74-4907-a4ee-153aad27660b', 32, 635, '', '', '', 'Park Lane', '6.9082859', '79.8977857', '', '0.0', '0.0', '0.0', '20.10', '0', '0', 3, '', '2017-12-20 11:46:39', '2017-12-20 11:47:20', '2017-12-20 11:47:23', '', ''),
(735, 'f7f00376-1fad-438b-a5e4-5a498173df66', 32, 635, '', '', '', 'Park Lane', '6.9082303', '79.897793', '', '0.0', '0.0', '0.0', '20.80', '0', '0', 3, '', '2017-12-20 11:48:22', '2017-12-20 11:48:41', '2017-12-20 11:49:00', '', ''),
(736, 'e72d3a5d-7166-4085-af9c-dc25b9900e50', 32, 635, '', '', '', 'Park Lane', '6.90815', '79.8977617', '', '0.0', '0.0', '0.0', '20.00', '0', '0', 3, '', '2017-12-20 12:02:26', '2017-12-20 12:02:29', '2017-12-20 12:02:30', '', ''),
(737, '7bbc2fd6-1f99-4640-87ae-7a4e807a8aec', 32, 635, '', '', '', 'Park Lane', '6.9081317', '79.897855', '', '0.0', '0.0', '0.0', '20.00', '0', '0', 3, '', '2017-12-20 12:02:49', '2017-12-20 12:03:02', '2017-12-20 12:03:04', '', ''),
(738, '0ebec34e-12b0-4391-b2ad-3bdcf6dab1ac', 32, 635, '', '', '', 'Park Lane', '6.9081317', '79.897855', '', '0.0', '0.0', '', '', '', '', 4, '', '2017-12-20 12:03:11', NULL, NULL, NULL, NULL),
(739, '89b95391-1a7b-4d2f-8729-9e3e20b0c658', 32, 635, '', '', '', 'Park Lane', '6.9081317', '79.897855', '', '0.0', '0.0', '0.0', '20.05', '0', '0', 3, '', '2017-12-20 12:03:47', '2017-12-20 12:04:08', '2017-12-20 12:04:10', '', ''),
(740, '85b90402-4d85-4752-976d-71a6dd30641e', 32, 635, '', '', '', 'Park Lane', '6.9082283', '79.8978181', '', '0.0', '0.0', '0.0', '20.10', '0', '0', 3, '', '2017-12-20 12:04:33', '2017-12-20 12:04:36', '2017-12-20 12:04:38', '', ''),
(741, '79469f6e-3c33-4779-ba60-bc36235ff8eb', 32, 635, '', '', '', 'Park Lane', '6.9082283', '79.8978179', '', '0.0', '0.0', '', '', '', '', 4, '', '2017-12-20 12:04:44', NULL, NULL, NULL, NULL),
(742, '4fcae6fd-2f30-406a-9a78-821b32fe26f5', 32, 635, '', '', '', 'Park Lane', '6.9082436', '79.8978504', '', '0.0', '0.0', '', '', '', '', 4, '', '2017-12-20 12:05:20', NULL, NULL, NULL, NULL),
(743, '8963badb-12b5-447b-98a1-9a78059b0770', 32, 635, '', '', '', 'Park Lane', '6.9082283', '79.8978183', '', '0.0', '0.0', '0.0', '20.05', '0', '0', 3, '', '2017-12-20 12:05:52', '2017-12-20 12:06:02', '2017-12-20 12:06:03', '', ''),
(744, '895c1c2c-b0a6-4bdc-8cca-cc39a0da5439', 32, 635, '', '', '', 'Park Lane', '6.9083', '79.8978667', '', '0.0', '0.0', '0.0', '20.25', '0', '0', 3, '', '2017-12-20 12:06:51', '2017-12-20 12:07:07', '2017-12-20 12:07:14', '', ''),
(745, '96f9e962-e8ef-4395-a328-f323b7f41580', 32, 635, '', '', '', 'Park Lane', '6.9082283', '79.8978179', '', '0.0', '0.0', '', '', '', '', 4, '', '2017-12-20 12:16:55', NULL, NULL, NULL, NULL),
(746, '783f8909-40a9-4ac8-9b8d-79bd36f8b505', 32, 646, '', '', '', 'Park Lane', '6.9082283', '79.8978183', '', '0.0', '0.0', '0.0', '20.00', '0', '0', 4, '', '2017-12-20 12:21:51', '2017-12-20 12:22:11', '2017-12-20 12:22:13', '', ''),
(747, 'ec374685-e807-4599-b03a-3d75d0d6986b', 32, 646, '', '', '', 'Park Lane', '6.9082283', '79.8978183', '', '0.0', '0.0', '', '', '', '', 4, '', '2017-12-20 12:22:21', NULL, NULL, NULL, NULL),
(748, '46bcb7d7-e115-4719-a36f-5e36708c4de6', 32, 635, '', '', '', 'Park Lane', '6.9082896', '79.8979157', '', '0.0', '0.0', '', '', '', '', 4, '', '2017-12-20 12:23:58', NULL, NULL, NULL, NULL),
(749, 'd0681db4-6f51-4e21-a094-d2cca25a58ed', 32, 635, '', '', '', 'Park Lane', '6.9082242', '79.8978039', '', '0.0', '0.0', '', '', '', '', 4, '', '2017-12-20 12:24:15', NULL, NULL, NULL, NULL),
(750, 'c5fb800c-fc8e-4d9d-867d-06bb1a73c8ad', 32, 635, '', '', '', 'Park Lane', '6.9082242', '79.8978039', '', '0.0', '0.0', '', '', '', '', 4, '', '2017-12-20 12:24:59', NULL, NULL, NULL, NULL),
(751, 'd0f7a698-71cf-48ac-b5e6-1f9ff660b0d2', 32, 635, '', '', '', 'Park Lane', '6.9082242', '79.8978039', '', '0.0', '0.0', '', '', '', '', 4, '', '2017-12-20 12:25:18', NULL, NULL, NULL, NULL),
(752, 'd5f6040b-157f-480e-b2f8-05ca7d9dadda', 32, 635, '', '', '', 'Park Lane', '6.9082242', '79.8978039', '', '0.0', '0.0', '0.0', '20.20', '0', '0', 3, '', '2017-12-20 12:25:49', '2017-12-20 12:26:06', '2017-12-20 12:26:13', '', ''),
(753, 'd1718c75-36be-43b1-b12c-1309bcb0b63d', 32, 635, '', '', '', 'Park Lane', '6.9082266', '79.8977943', '', '0.0', '0.0', '0.0', '20.00', '0', '0', 3, '', '2017-12-20 12:26:25', '2017-12-20 12:26:26', '2017-12-20 12:26:28', '', ''),
(754, '2cfa0909-786c-4cf3-898f-9905e105d510', 32, 635, '', '', '', 'Park Lane', '6.9082269', '79.8977986', '', '0.0', '0.0', '', '', '', '', 4, '', '2017-12-20 12:26:44', NULL, NULL, NULL, NULL),
(755, '3dcb3239-5158-4a10-89ca-07a5ea8a9067', 32, 635, '', '', '', 'Park Lane', '6.9082224', '79.8978005', '', '0.0', '0.0', '', '', '', '', 4, '', '2017-12-20 12:26:53', NULL, NULL, NULL, NULL),
(756, '63e8fc04-f8e3-409a-8933-8fe7fc3143df', 32, 635, '', '', '', 'Park Lane', '6.9082216', '79.8977982', '', '0.0', '0.0', '', '', '', '', 4, '', '2017-12-20 12:27:13', NULL, NULL, NULL, NULL),
(757, '12e02504-1caf-4b86-96da-51b61d176f2d', 32, 635, '', '', '', 'Park Lane', '6.908225', '79.8977977', '', '0.0', '0.0', '0.0', '20.05', '0', '0', 3, '', '2017-12-20 12:27:24', '2017-12-20 12:27:45', '2017-12-20 12:27:47', '', ''),
(758, '289df679-d5f8-4c3c-94cd-2845a26812c2', 32, 635, '', '', '', 'Park Lane', '6.9082252', '79.8977976', '', '0.0', '0.0', '', '', '', '', 4, '', '2017-12-20 12:27:56', NULL, NULL, NULL, NULL),
(759, 'c2489d7c-55c6-46b3-89f9-affe873825cd', 32, 635, '', '', '', 'Park Lane', '6.9082313', '79.8977973', '', '0.0', '0.0', '0.0', '21.80', '0', '0', 3, '', '2017-12-20 12:30:50', '2017-12-20 12:32:24', '2017-12-20 12:33:00', '', ''),
(760, 'd41fcb6c-6cca-4c10-b3a8-f6124f6f4990', 32, 635, '', '', '', 'Park Lane', '6.9082313', '79.8978178', '', '0.0', '0.0', '0.0', '20.40', '0', '0', 3, '', '2017-12-20 12:33:19', '2017-12-20 12:33:48', '2017-12-20 12:33:58', '', ''),
(761, 'c3e228c9-b196-4302-8c3d-c8d4d9e474ab', 32, 635, '', '', '', 'Park Lane', '6.9082335', '79.8978125', '', '0.0', '0.0', '0.0', '20.00', '0', '0', 3, '', '2017-12-20 12:34:07', '2017-12-20 12:34:22', '2017-12-20 12:34:24', '', ''),
(762, 'dffa8ae2-e6c5-4d0e-8db1-d631b768e784', 32, 635, '', '', '', 'Park Lane', '6.908242', '79.8978093', '', '0.0', '0.0', '0.0', '20.00', '0', '0', 3, '', '2017-12-20 12:34:34', '2017-12-20 12:35:00', '2017-12-20 12:35:01', '', ''),
(763, 'e69f2797-051d-4022-b405-11805e1dcb56', 32, 635, '', '', '', 'Park Lane', '6.9082486', '79.8978188', '', '0.0', '0.0', '', '', '', '', 4, '', '2017-12-20 12:35:30', NULL, NULL, NULL, NULL),
(764, '9cc981aa-a2f5-4a6c-a89c-74bf02185e98', 32, 635, '', '', '', 'Park Lane', '6.90825', '79.8978204', '', '0.0', '0.0', '', '', '', '', 4, '', '2017-12-20 12:35:46', NULL, NULL, NULL, NULL),
(765, '8ec6f52c-ae37-4d1b-9da0-6aad79d85410', 32, 635, '', '', '', 'Park Lane', '6.9082274', '79.897817', '', '0.0', '0.0', '', '', '', '', 4, '', '2017-12-20 12:37:17', NULL, NULL, NULL, NULL),
(766, 'b937e70d-c425-4ccc-a18c-c6fb2c014e54', 32, 635, '', '', '', 'Park Lane', '6.9082492', '79.8978353', '', '0.0', '0.0', '', '', '', '', 4, '', '2017-12-20 12:39:34', NULL, NULL, NULL, NULL),
(767, '1aa77f8c-81c2-4aea-b0b6-ba46a14a75b2', 32, 635, '', '', '', 'Park Lane', '6.9082453', '79.8978529', '', '0.0', '0.0', '', '', '', '', 4, '', '2017-12-20 12:40:04', NULL, NULL, NULL, NULL),
(768, 'faa0547b-58d6-4697-acbb-97e1d9577ab7', 32, 635, '', '', '', 'Park Lane', '6.9082541', '79.8978508', '', '0.0', '0.0', '0.0', '20.55', '0', '0', 4, '', '2017-12-20 12:40:27', '2017-12-20 12:40:50', '2017-12-20 12:41:03', '', ''),
(769, 'a117de6f-f1fa-419d-8811-739c3ed54ce2', 32, 635, '', '', '', 'Park Lane', '6.908195', '79.8978189', '', '0.0', '0.0', '0.0', '20.00', '0', '0', 3, '', '2017-12-20 12:43:17', '2017-12-20 12:43:19', '2017-12-20 12:43:21', '', ''),
(770, '3a92adb9-94b2-4b6e-bab4-dbe856b8ceb9', 32, 635, '', '', '', 'Park Lane', '6.9082167', '79.89778', '', '0.0', '0.0', '0.0', '20.00', '0', '0', 3, '', '2017-12-20 12:43:27', '2017-12-20 12:43:41', '2017-12-20 12:43:42', '', ''),
(771, 'eb06fdca-3ac3-4bcf-ab16-8e845f429f09', 32, 635, '', '', '', 'Park Lane', '6.9082439', '79.8977892', '', '0.0', '0.0', '', '', '', '', 4, '', '2017-12-20 12:43:48', '2017-12-20 12:44:11', NULL, NULL, NULL),
(772, 'c1e1503e-ed13-4ba8-b776-a2b9f919112b', 32, 646, '', '', '', 'Park Lane', '6.9081267', '79.8978833', '', '0.0', '0.0', '0.0', '20.00', '0', '0', 3, '', '2017-12-20 16:06:56', '2017-12-20 16:07:51', '2017-12-20 16:08:00', '', ''),
(773, '731f4ecd-b072-42c5-aaff-c1b060ce0a04', 32, 635, '', '', '', 'Gothatuwa', '6.9239183', '79.9038983', 'Colombo 08, Colombo, Sri Lanka', '6.9121796', '79.8828828', '0.0', '20.95', '0', '0', 3, '', '2017-12-20 16:23:07', '2017-12-20 16:23:20', '2017-12-20 16:23:39', '1', '18.86'),
(774, '11eb1b8e-be2b-419f-9471-49a528f9d7cc', 32, 635, '', '', '', 'Park Lane', '6.90827', '79.8977617', '', '0.0', '0.0', '0.0', '20.00', '0', '0', 3, '', '2017-12-20 18:20:35', '2017-12-20 18:20:42', '2017-12-20 18:20:45', '', ''),
(775, 'b6603e40-58f9-4fb7-aeaa-01294f2d7255', 32, 635, '', '', '', 'Park Lane', '6.9083133', '79.8977283', '', '0.0', '0.0', '0.0', '27.05', '2', '2', 3, '', '2017-12-20 19:24:32', '2017-12-20 19:30:36', '2017-12-20 19:33:04', '', ''),
(776, 'b6603e40-58f9-4fb7-aeaa-01294f2d7255', 32, 635, '', '', '', 'Park Lane', '6.9082467', '79.8977517', '', '0.0', '0.0', '0.0', '27.05', '2', '2', 3, '', '2017-12-20 19:29:43', '2017-12-20 19:30:36', '2017-12-20 19:33:04', '', ''),
(777, 'a20ba1e3-1f89-4c2d-9a53-b9f1441f6771', 32, 635, '', '', '', 'Gothatuwa', '6.9239183', '79.90831', 'Hettipola, Sri Lanka', '7.533112399999999', '80.9152434', '0.0', '20.30', '0', '0', 3, '', '2017-12-20 19:39:45', '2017-12-20 19:40:31', '2017-12-20 19:40:39', '', ''),
(778, '5fc59d53-b27e-42ef-9625-3ca4258b2caa', 32, 635, '', '', '', 'Park Lane', '6.908175', '79.8976917', '', '0.0', '0.0', '0.0', '23.00', '1', '1', 3, '', '2017-12-21 12:02:00', '2017-12-21 12:02:26', '2017-12-21 12:03:36', '', ''),
(779, 'bedea96d-0639-4434-805c-785ec6c56df6', 32, 635, '', '', '', 'Gothatuwa', '6.9239183', '79.9082983', 'No 248, Vauxhall St, Colombo 00200, Sri Lanka', '6.9214903', '79.8591846', '0.0', '20.35', '0', '0', 3, '', '2017-12-21 12:12:06', '2017-12-21 12:12:29', '2017-12-21 12:12:37', '1', '18.32'),
(780, 'a56f6ce6-72ad-483f-9714-3b197fa24e7a', 32, 635, '', '', '', 'Park Lane', '6.9081767', '79.8978317', '', '0.0', '0.0', '0.0', '20.30', '0', '0', 3, '', '2017-12-21 12:17:07', '2017-12-21 12:19:54', '2017-12-21 12:20:07', '', ''),
(781, '7249390e-95ef-468c-9cfb-7f014d15708b', 32, 635, '', '', '', 'Gothatuwa', '6.9239183', '79.9082983', '613-631 B120', '6.890994516345804', '79.9040462449193', '0.0', '20.90', '0', '0', 3, '', '2017-12-21 12:25:39', '2017-12-21 12:25:52', '2017-12-21 12:26:11', '1', '18.81'),
(782, '5217343f-502b-4d0c-ab44-3d46050d9a22', 32, 635, '', '', '', 'Park Lane', '6.9082683', '79.89784', 'Sarasavi Mawatha', '6.973007319632609', '79.91639580577612', '0.0', '21.10', '0', '0', 3, '', '2017-12-21 12:32:07', '2017-12-21 12:33:48', '2017-12-21 12:34:12', '', ''),
(783, 'f788ffd1-1186-4566-bfb3-5a48a2431e92', 32, 635, '', '', '', 'Gothatuwa', '6.9239183', '79.9082983', '328 Galle Rd', '6.908728', '79.850284', '0.0', '20.55', '0', '0', 3, '', '2017-12-21 12:41:42', '2017-12-21 12:41:56', '2017-12-21 12:42:08', '', ''),
(784, 'b1de1894-b40c-4f02-8ac9-40e5296cd7e6', 32, 635, '', '', '', 'Gothatuwa', '6.9239183', '79.9082983', '', '0.0', '0.0', '0.0', '20.10', '0', '0', 3, '', '2017-12-21 12:42:37', '2017-12-21 12:42:39', '2017-12-21 12:42:42', '', ''),
(785, '5a624fea-9526-4f64-b2c0-2ad4bb75843e', 32, 635, '', '', '', 'Park Lane', '6.9081017', '79.89787', '106/6A Araliya Uyana Rd, Pannipitiya 10230, Sri Lanka', '6.8544984', '79.93788599999999', '0.0', '20.50', '0', '0', 3, '', '2017-12-21 12:48:21', '2017-12-21 12:50:52', '2017-12-21 12:51:04', '', ''),
(786, 'c19d26d3-5bf4-4493-a581-f687bbeeeda8', 32, 635, '', '', '', 'Gothatuwa', '6.9239183', '79.9082983', 'Ampara, Sri Lanka', '7.231759100000001', '81.64734399999999', '0.0', '20.70', '0', '0', 3, '', '2017-12-21 12:54:45', '2017-12-21 12:54:54', '2017-12-21 12:55:10', '1', '18.63'),
(787, '799bc278-c210-4c4a-9108-e09b599c7f3e', 32, 635, '', '', '', 'Park Lane', '6.9082269', '79.8978195', '', '0.0', '0.0', '0.0', '20.20', '0', '0', 3, '', '2017-12-21 13:01:39', '2017-12-21 13:02:04', '2017-12-21 13:02:15', '', ''),
(788, 'b146f752-c855-4de9-b370-1388c964dd28', 32, 635, '', '', '', 'Gothatuwa', '6.9239183', '79.9082983', 'Badulla, Sri Lanka', '6.993400899999999', '81.0549815', '0.0', '20.35', '0', '0', 3, '', '2017-12-21 13:06:41', '2017-12-21 13:07:02', '2017-12-21 13:07:09', '', ''),
(789, '6742b00e-1d3d-4d5a-9fb6-0576d53262da', 32, 635, '', '', '', 'Park Lane', '6.9082268', '79.8978194', '106/6A Araliya Uyana Rd', '6.8544984', '79.93788599999999', '0.0', '21.55', '0', '0', 3, '', '2017-12-21 13:33:09', '2017-12-21 13:33:35', '2017-12-21 13:34:16', '', ''),
(790, '7496f2c5-4622-43cb-afad-add90349e211', 32, 635, '', '', '', 'Gothatuwa', '6.9239183', '79.9082983', 'Badulla', '6.993400899999999', '81.0549815', '0.0', '21.10', '0', '0', 3, '', '2017-12-21 13:38:32', '2017-12-21 13:38:41', '2017-12-21 13:39:06', '1', '18.99'),
(791, 'e8bb627d-489d-46f4-8546-005f6fc84603', 32, 635, '', '', '', 'Park Lane', '6.9082269', '79.8978197', '', '0.0', '0.0', '0.0', '25.20', '1', '1', 3, '', '2017-12-21 13:47:03', '2017-12-21 13:47:28', '2017-12-21 13:49:15', '', ''),
(792, '5069c75d-8c0c-405b-9f5b-8e068aa25ab9', 32, 635, '', '', '', 'Gothatuwa', '6.92393', '79.9081983', 'Gemunu Mawatha', '6.909609019654297', '79.90819830447435', '0.0', '20.55', '0', '0', 3, '', '2017-12-21 13:53:09', '2017-12-21 13:53:18', '2017-12-21 13:53:30', '1', '18.50'),
(793, '9110b442-e4c9-4105-8009-c27f2ae585f9', 32, 635, '', '', '', 'Park Lane', '6.9082967', '79.8978617', 'Sarasavi Mawatha', '6.973007319632609', '79.91639580577612', '', '', '', '', 4, '', '2017-12-21 15:23:43', NULL, NULL, NULL, NULL),
(794, '9d606ce7-9073-47b6-81fe-5561bfdb44d8', 32, 635, '', '', '', 'Park Lane', '6.9083033', '79.8978833', 'Kolonnawa Road', '6.9326593658970355', '79.88517556339502', '', '', '', '', 4, '', '2017-12-21 15:25:25', NULL, NULL, NULL, NULL),
(795, 'be021f61-cc6a-4b44-8bdf-a4170dc416b2', 32, 635, '', '', '', 'Park Lane', '6.908227', '79.8978195', 'Park Lane', '6.908287638733505', '79.89753317087889', '', '', '', '', 4, '', '2017-12-21 15:26:07', NULL, NULL, NULL, NULL),
(796, 'a2c9be07-7864-499a-be2a-a9257b2046f0', 32, 635, '', '', '', 'Park Lane', '6.9083183', '79.8978483', 'Obeysekarapura', '6.923313219402395', '79.88669101148844', '0.0', '20.00', '0', '0', 3, '', '2017-12-21 15:26:32', '2017-12-21 15:26:37', '2017-12-21 15:26:45', '', ''),
(797, '9aec04e7-6623-43d1-b7d3-b54d988722fe', 32, 635, '', '', '', 'Park Lane', '6.9083267', '79.8978333', '85 Ward Pl, Colombo 00700', '6.915557517945586', '79.87389620393515', '', '', '', '', 4, '', '2017-12-21 15:29:34', NULL, NULL, NULL, NULL),
(798, '17e67a71-fffd-47e1-bce7-d8471d9224b3', 32, 635, '', '', '', 'Park Lane', '6.9082267', '79.8977167', 'Sarana Road', '6.903210106667292', '79.87429551780224', '', '', '', '', 4, '', '2017-12-21 15:30:46', NULL, NULL, NULL, NULL),
(799, 'f1ec7522-962d-490e-bdda-f550323a3cc4', 32, 635, '', '', '', 'Park Lane', '6.9082167', '79.897745', 'Sri Siddhartha Passage', '6.882989639020244', '79.87318944185972', '0.0', '20.00', '0', '0', 3, '', '2017-12-21 15:33:08', '2017-12-21 15:35:16', '2017-12-21 15:35:35', '', ''),
(800, '221047c1-709c-4a5f-8519-b80630cd9540', 32, 635, '', '', '', 'Park Lane', '6.908245', '79.8978633', 'Asiri Mawatha', '6.911297519421007', '79.92096796631813', '0.0', '20.00', '0', '0', 3, '', '2017-12-21 15:36:26', '2017-12-21 15:37:48', '2017-12-21 15:37:57', '', ''),
(801, '8ff2d1b3-8869-46f0-867f-ca6bfa71755e', 32, 635, '', '', '', 'Park Lane', '6.9082617', '79.8978633', 'Polduwa Road', '6.9057344008074235', '79.91394829005003', '0.0', '22.90', '0', '1', 3, '', '2017-12-21 15:40:45', '2017-12-21 15:41:19', '2017-12-21 15:47:42', '', ''),
(802, '79e0de7e-d141-44a3-a335-6c9ab64236ca', 32, 635, '', '', '', 'Park Lane', '6.9081617', '79.8978133', '', '0.0', '0.0', '', '', '', '', 4, '', '2017-12-21 15:56:15', NULL, NULL, NULL, NULL),
(803, 'ce7f1480-6eb9-4ea0-bba9-adcdb730780a', 32, 635, '', '', '', 'Park Lane', '6.9081617', '79.8978133', '', '0.0', '0.0', '0.0', '20.00', '0', '0', 3, '', '2017-12-21 15:56:23', '2017-12-21 15:56:26', '2017-12-21 15:56:27', '', ''),
(804, 'c5d218c7-faf8-495e-8742-4a0caf6ec5dd', 32, 635, '', '', '', 'Park Lane', '6.9082282', '79.8978179', 'Buthgamuwa Road', '6.909819708008902', '79.89994581788778', '0.0', '20.10', '0', '0', 3, '', '2017-12-21 15:58:24', '2017-12-21 15:58:26', '2017-12-21 15:58:29', '', ''),
(805, '44ba8d37-c4bb-4d9b-b84a-e2c38443e945', 32, 635, '', '', '', 'Park Lane', '6.9082269', '79.8978195', '', '0.0', '0.0', '0.0', '20.10', '0', '0', 3, '', '2017-12-21 15:59:41', '2017-12-21 15:59:46', '2017-12-21 15:59:50', '', ''),
(806, '84968b04-7888-4d18-8d8c-a584d9982103', 32, 635, '', '', '', 'Park Lane', '6.9082213', '79.8978091', '', '0.0', '0.0', '0.0', '20.10', '0', '0', 3, '', '2017-12-21 16:03:14', '2017-12-21 16:03:16', '2017-12-21 16:03:19', '', ''),
(807, 'd264fd2b-9bed-49e6-8616-6d8abf7681fc', 43, 638, '', '', '', 'Park Lane', '6.908160955651577', '79.8978611548244', 'Not Mentioned', '0', '0', '0', '20', '0', '1', 3, '', '2017-12-28 18:24:04', '2017-12-28 18:24:13', '2017-12-28 18:42:41', '', '20'),
(808, '3107147d-4ce5-47bf-b628-725df600da65', 43, 638, '', '', '', 'Park Lane', '6.908247079706666', '79.89784849815061', 'Battaramulla', '6.8979941', '79.9222869', '10.4360963162351', '20', '0', '13', 3, '', '2018-01-02 15:58:18', '2018-01-02 15:58:46', '2018-01-02 15:59:03', '', '20'),
(809, '08ac06a9-3955-49ca-99f6-b4c9f0a6f3ce', 43, 638, '', '', '', 'Park Lane', '6.908237775794145', '79.8978315667062', 'Battaramulla', '6.8979941', '79.9222869', '0', '20', '0', '6', 3, '', '2018-01-02 15:59:15', '2018-01-02 15:59:18', '2018-01-02 15:59:46', '', '20'),
(810, '928d29b5-6492-4ce7-8ddb-36b31d97aeba', 43, 638, '', '', '', 'Park Lane', '6.908235847170138', '79.89783223125964', 'Not Mentioned', '0', '0', '0', '20', '0', '3', 3, '', '2018-01-02 16:09:10', '2018-01-02 16:12:40', '2018-01-02 16:12:47', '', '20'),
(811, '928d29b5-6492-4ce7-8ddb-36b31d97aeba', 43, 638, '', '', '', 'Park Lane', '6.908235702013493', '79.89783248243938', 'Not Mentioned', '0', '0', '0', '20', '0', '3', 3, '', '2018-01-02 16:10:29', '2018-01-02 16:12:40', '2018-01-02 16:12:47', '', '20'),
(812, '928d29b5-6492-4ce7-8ddb-36b31d97aeba', 43, 638, '', '', '', 'Park Lane', '6.908235734733229', '79.89783257766831', 'Not Mentioned', '0', '0', '0', '20', '0', '3', 3, '', '2018-01-02 16:12:26', '2018-01-02 16:12:40', '2018-01-02 16:12:47', '', '20'),
(813, 'ed6e328a-529b-4784-96b7-d45f28189e5b', 43, 638, '', '', '', 'Park Lane', '6.908235802445698', '79.89783241800026', 'Battaramulla', '6.8979941', '79.9222869', '0', '20', '0', '2', 3, '', '2018-01-02 16:25:07', '2018-01-02 16:25:09', '2018-01-02 16:25:13', '', '20'),
(814, '04de05e3-84bb-4b5d-bd1d-827bbbd5651f', 32, 638, '', '', '', 'Park Lane', '6.908243810764429', '79.8978302256017', '', '0', '0', '0.0', '20.35', '0', '0', 3, '', '2018-01-04 12:08:32', '2018-01-04 12:08:44', '2018-01-04 12:08:53', '', ''),
(815, '65d8b229-55de-4b57-8593-0bd9223d3c75', 32, 635, '', '', '', 'Park Lane', '6.9082367', '79.897785', '', '0.0', '0.0', '', '', '', '', 4, '', '2018-01-04 13:27:57', NULL, NULL, NULL, NULL),
(816, '1e8a1ecb-324f-4dae-aac9-aef76eafce78', 32, 635, '', '', '', 'Park Lane', '6.9082417', '79.8977867', '', '0.0', '0.0', '0.0', '59.85', '13', '13', 3, '', '2018-01-04 13:31:05', '2018-01-04 13:31:12', '2018-01-04 13:44:34', '', ''),
(817, '53a39ca9-3a80-4133-b281-d3ab1476cfe0', 32, 635, '', '', '', 'Park Lane', '6.90825', '79.8977933', '', '0.0', '0.0', '', '', '', '', 4, '', '2018-01-04 13:45:02', NULL, NULL, NULL, NULL),
(818, 'b9cbe4df-9cc5-4803-8bea-43a733adc61b', 32, 635, '', '', '', 'Park Lane', '6.9082417', '79.897785', '', '0.0', '0.0', '0.0', '20.10', '0', '0', 3, '', '2018-01-04 13:45:12', '2018-01-04 13:45:15', '2018-01-04 13:45:17', '', ''),
(819, '27bfc69a-978e-4e4d-947d-b56667b28b96', 32, 635, '', '', '', 'Park Lane', '6.90821', '79.8978367', '', '0.0', '0.0', '', '', '', '', 4, '', '2018-01-05 11:11:23', NULL, NULL, NULL, NULL),
(820, '9df6dc11-1545-415a-afd0-bb3bc9dac3c4', 32, 635, '', '', '', 'Park Lane', '6.9082083', '79.8978217', '', '0.0', '0.0', '0.0', '20.10', '0', '0', 3, '', '2018-01-05 11:13:17', '2018-01-05 11:13:20', '2018-01-05 11:13:23', '', ''),
(821, 'ee5844a8-05c2-473c-818e-5f99e0d4bbd9', 32, 635, '', '', '', 'Park Lane', '6.9082083', '79.8978217', '', '0.0', '0.0', '0.0', '20.65', '0', '0', 3, '', '2018-01-05 11:14:03', '2018-01-05 11:14:26', '2018-01-05 11:14:40', '', ''),
(822, '82d1e693-faed-4cb8-9303-2fbdecef04b3', 32, 635, '', '', '', 'Park Lane', '6.9082264', '79.8978173', '', '0.0', '0.0', '0.0', '20.00', '0', '0', 3, '', '2018-01-05 11:41:43', '2018-01-05 11:43:47', '2018-01-05 11:43:48', '', ''),
(823, 'f8f51c94-c709-4ba7-adf2-eb61526d27d2', 32, 635, '', '', '', 'Park Lane', '6.9082053', '79.8977477', '', '0.0', '0.0', '0.0', '28.20', '2', '2', 3, '', '2018-01-05 11:48:15', '2018-01-05 11:55:50', '2018-01-05 11:58:35', '', ''),
(824, '2bec3b75-666f-4520-8399-ad10ed250334', 32, 635, '', '', '', '564 Jinadasa Niyathapala Mawatha, Sri Jayawardenepura Kotte', '6.9082436', '79.8978051', '', '0.0', '0.0', '0.0', '20.45', '0', '0', 3, '', '2018-01-05 15:57:07', '2018-01-05 15:57:18', '2018-01-05 15:57:27', '', ''),
(825, 'd462b1db-ee63-4c04-840d-470b521aa41c', 32, 635, '', '', '', 'Park Lane', '6.908252', '79.8978386', '', '0.0', '0.0', '0.0', '20.10', '0', '0', 3, '', '2018-01-05 15:59:39', '2018-01-05 15:59:42', '2018-01-05 15:59:45', '', ''),
(826, '229aa229-ede5-4edd-9c8e-219c1dda57df', 32, 635, '', '', '', 'Park Lane', '6.9082479', '79.8978127', '', '0.0', '0.0', '0.0', '20.15', '0', '0', 3, '', '2018-01-05 16:00:43', '2018-01-05 16:00:46', '2018-01-05 16:00:50', '', ''),
(827, '8d02c987-0eb4-4e3f-a5dd-daf3b42b221c', 32, 635, '', '', '', 'Park Lane', '6.9082548', '79.8978247', '', '0.0', '0.0', '', '', '', '', 4, '', '2018-01-05 18:39:02', NULL, NULL, NULL, NULL),
(828, '10d5c5b9-4dc9-4ba4-b549-d240fbb6452f', 32, 635, '', '', '', '566 Jinadasa Niyathapala Mawatha', '6.90817', '79.8957', '', '0.0', '0.0', '0.0', '25.40', '1', '0', 3, '', '2018-01-08 12:52:25', '2018-01-08 12:52:44', '2018-01-08 12:54:41', '', ''),
(829, '49357884-ffe9-4a42-9d1f-f8ced551b9ac', 32, 635, '', '', '', 'Park Lane', '6.9082853', '79.897863', 'Karapitiya', '6.0705817', '80.2251603', '0.0', '20.45', '0', '0', 3, '', '2018-01-08 18:34:03', '2018-01-08 18:34:09', '2018-01-08 18:34:19', '', ''),
(830, '239170c8-3697-48a0-af63-ae11d740015c', 32, 635, '', '', '', 'Park Lane', '6.908225119120356', '79.89778068855395', '', '0', '0', '0.0', '21.05', '0', '0', 3, '', '2018-01-08 18:34:33', '2018-01-08 18:34:42', '2018-01-08 18:35:06', '', ''),
(831, 'b2743e22-6b87-41ff-a2ac-9e30defb16d0', 32, 635, '', '', '', 'Park Lane', '6.908225119120356', '79.89778068855395', '', '0', '0', '0.0', '20.80', '0', '0', 3, '', '2018-01-08 18:35:21', '2018-01-08 18:35:29', '2018-01-08 18:35:46', '', ''),
(832, '94d4a44a-5ee3-474d-bd87-f64f0281e2be', 32, 635, '', '', '', 'Park Lane', '6.908225119120356', '79.89778068855395', '', '0', '0', '', '', '', '', 4, 'Rider getting late', '2018-01-08 18:35:58', '2018-01-08 18:36:13', NULL, NULL, NULL),
(833, '71616189-43e0-4294-be0f-2291f58cf8ce', 32, 635, '', '', '', 'Park Lane', '6.908225119120356', '79.89778068855395', '', '0', '0', '0.0', '20.10', '0', '0', 3, '', '2018-01-08 18:37:07', '2018-01-08 18:37:10', '2018-01-08 18:37:13', '', ''),
(834, '5cd08cc2-8127-4936-92ad-0c0cc60fd440', 32, 635, '', '', '', 'Park Lane', '6.908225119120356', '79.89778068855395', '', '0', '0', '', '', '', '', 4, 'Rider getting late', '2018-01-08 18:37:34', NULL, NULL, NULL, NULL),
(835, 'd36dc72f-db59-4110-ba7c-4573e4680545', 32, 635, '', '', '', 'Park Lane', '6.908225119120356', '79.89778068855395', '', '0', '0', '', '', '', '', 4, 'Rider getting late', '2018-01-08 18:39:00', NULL, NULL, NULL, NULL),
(836, '1c5c46b2-f32f-4ca9-b1da-0ef39bbe3fd0', 32, 635, '', '', '', 'Park Lane', '6.9082311960001554', '79.89782569937398', '', '0', '0', '0.0', '21.75', '0', '0', 4, 'Rider getting late', '2018-01-08 18:39:21', '2018-01-08 18:39:31', '2018-01-08 18:40:08', '', ''),
(837, '3ed59b59-2770-43b3-9f0a-748f71b144b8', 32, 635, '', '', '', 'Park Lane', '6.9082311960001554', '79.89782569937398', '', '0', '0', '0.0', '23.25', '1', '1', 3, '', '2018-01-08 18:40:24', '2018-01-08 18:40:40', '2018-01-08 18:41:47', '', ''),
(838, 'dc753a92-540b-4ff2-8cb2-59bb9c06809d', 32, 635, '', '', '', 'Park Lane', '6.908245570964095', '79.89784824669351', '', '0', '0', '0.0', '20.10', '0', '0', 3, '', '2018-01-08 18:42:15', '2018-01-08 18:42:33', '2018-01-08 18:42:36', '', ''),
(839, '1d14f643-b65a-4566-97bb-943ffec59ba3', 32, 635, '', '', '', 'Park Lane', '6.908245570964095', '79.89784824669351', '', '0', '0', '', '', '', '', 4, 'Rider getting late', '2018-01-08 18:42:42', NULL, NULL, NULL, NULL),
(840, '094c8472-b8e6-412b-9343-806c77c01004', 32, 635, '', '', '', 'Park Lane', '6.908245570964095', '79.89784824669351', '', '0', '0', '', '', '', '', 4, 'Rider getting late', '2018-01-08 18:43:11', NULL, NULL, NULL, NULL),
(841, 'c6aebda3-b902-41a4-af1c-ced54f23b4e3', 32, 635, '', '', '', 'Park Lane', '6.908245570964095', '79.89784824669351', '', '0', '0', '', '', '', '', 4, 'Rider getting late', '2018-01-08 18:43:29', NULL, NULL, NULL, NULL),
(842, '402a5370-8675-4fa5-ba0a-46ce3479a669', 43, 635, '', '', '', 'Park Lane', '6.9082257', '79.8978167', 'Not Mentioned', '0.0', '0.0', '', '', '', '', 4, '', '2018-01-08 18:44:09', NULL, NULL, NULL, NULL),
(843, 'f3bd9a75-3ae4-4cfa-9883-b4ca4457f8da', 43, 635, '', '', '', 'Park Lane', '6.9081667', '79.8977917', 'Not Mentioned', '0.0', '0.0', '', '', '', '', 4, '', '2018-01-08 18:44:41', '2018-01-08 18:44:51', NULL, NULL, NULL),
(844, 'f9d13de3-1d20-41a7-bb5b-093ee9a35387', 43, 635, '', '', '', 'Park Lane', '6.908215', '79.8977917', 'Not Mentioned', '0.0', '0.0', '0', '20', '0', '6', 3, '', '2018-01-08 18:46:05', '2018-01-08 18:46:20', '2018-01-08 18:46:30', '', '20'),
(845, 'd8d5ba96-e86f-49c4-acca-7d3d44155d06', 43, 635, '', '', '', 'Park Lane', '6.908215', '79.8977917', 'Not Mentioned', '0.0', '0.0', '0', '20', '0', '9', 4, '', '2018-01-08 18:46:36', '2018-01-08 18:47:07', '2018-01-08 18:47:19', '', '20'),
(846, '3174b025-d40e-4b48-90bc-a648200c14a1', 43, 635, '', '', '', 'Park Lane', '6.9082933', '79.8978433', 'Not Mentioned', '0.0', '0.0', '0', '20', '0', '4', 3, '', '2018-01-08 18:47:35', '2018-01-08 18:47:38', '2018-01-08 18:47:48', '', '20'),
(847, 'ce0e3cf2-2a5f-4051-bbfa-51fd58f3309c', 43, 635, '', '', '', 'Park Lane', '6.908226', '79.8978165', 'Not Mentioned', '0.0', '0.0', '0', '20', '0', '20', 3, '', '2018-01-08 18:48:01', '2018-01-08 18:48:04', '2018-01-08 18:48:27', '', '20'),
(848, '7b671a25-e742-450a-907e-4e87af249493', 43, 635, '', '', '', 'Park Lane', '6.908234464942392', '79.8978490010648', 'Not Mentioned', '0', '0', '', '', '', '', 4, 'Rider getting late', '2018-01-08 18:49:03', NULL, NULL, NULL, NULL),
(849, '53fac2d7-501e-478a-b4b0-9622a9aa9d67', 43, 635, '', '', '', 'Park Lane', '6.908234464942392', '79.8978490010648', 'Not Mentioned', '0', '0', '0', '20', '0', '4', 3, '', '2018-01-08 18:49:43', '2018-01-08 18:49:54', '2018-01-08 18:50:18', '', '20'),
(850, '2cb381c5-e528-4785-a2e3-00b094fef429', 43, 635, '', '', '', 'Park Lane', '6.908234464942392', '79.8978490010648', 'Not Mentioned', '0', '0', '0', '20', '0', '4', 4, 'Rider getting late', '2018-01-08 18:50:41', '2018-01-08 18:50:54', '2018-01-08 18:51:03', '', '20'),
(851, 'd44097d1-5fff-48fd-9378-d22a98c48577', 43, 635, '', '', '', 'Park Lane', '6.908241631469604', '79.89783290781071', 'Not Mentioned', '0', '0', '2.057180395665793', '20', '0', '7', 3, '', '2018-01-08 18:51:52', '2018-01-08 18:52:15', '2018-01-08 18:53:01', '', '20'),
(852, 'cee64cb7-a304-47d1-9932-355bd492d2a3', 32, 635, '', '', '', 'Park Lane', '6.9081883', '79.897835', '', '0.0', '0.0', '0.0', '20.05', '0', '0', 3, '', '2018-01-08 18:59:32', '2018-01-08 19:02:12', '2018-01-08 19:02:13', '', ''),
(853, 'd69df0d7-548e-4da8-87d7-21e690af7f61', 32, 635, '', '', '', 'Park Lane', '6.90828', '79.8978617', '', '0.0', '0.0', '', '', '', '', 4, '', '2018-01-08 19:02:19', NULL, NULL, NULL, NULL),
(854, 'b0e0f115-a105-4662-baac-af9c2c46a65a', 32, 635, '', '', '', 'Park Lane', '6.90828', '79.8978617', '', '0.0', '0.0', '', '', '', '', 4, '', '2018-01-08 19:02:33', NULL, NULL, NULL, NULL),
(855, 'ae14d50b-57be-483d-bce6-f90700670cd1', 32, 635, '', '', '', 'Park Lane', '6.90821556375074', '79.89780994139602', '', '0', '0', '0.0', '20.20', '0', '0', 3, '', '2018-01-09 18:19:36', '2018-01-09 18:20:26', '2018-01-09 18:20:33', '', ''),
(856, 'e459bc45-d3e5-455a-a3bc-4972a3e19e0a', 32, 635, '', '', '', 'Park Lane', '6.90821556375074', '79.89780994139602', '', '0', '0', '0.0', '20.10', '0', '0', 3, '', '2018-01-09 18:20:43', '2018-01-09 18:33:35', '2018-01-09 18:33:38', '', ''),
(857, '2a031b76-414d-46d1-a351-32454d1fb4e2', 32, 638, '', '', '', 'Park Lane', '6.9082083', '79.89779', '', '0.0', '0.0', '', '', '', '', 4, '', '2018-01-09 18:33:49', NULL, NULL, NULL, NULL),
(858, '26c3915a-6e5a-4f0f-9793-8b551b831b38', 32, 638, '', '', '', 'Park Lane', '6.9082417', '79.89769', '', '0.0', '0.0', '', '', '', '', 4, '', '2018-01-09 18:33:58', NULL, NULL, NULL, NULL),
(859, '94b4dbc9-d64a-4708-a786-ae3b2fcbe4f2', 32, 638, '', '', '', 'Park Lane', '6.9082417', '79.89786', '', '0.0', '0.0', '', '', '', '', 4, '', '2018-01-09 18:34:05', NULL, NULL, NULL, NULL),
(860, 'e579c85b-7f0c-49ee-a2a5-20f091f33384', 32, 638, '', '', '', 'Park Lane', '6.9082267', '79.8979483', '', '0.0', '0.0', '', '', '', '', 4, '', '2018-01-09 18:36:13', NULL, NULL, NULL, NULL),
(861, '6e76e2d8-71af-4538-b0cf-6c651e263ef6', 32, 638, '', '', '', 'Park Lane', '6.9082283', '79.8979467', '', '0.0', '0.0', '', '', '', '', 4, '', '2018-01-09 18:36:24', NULL, NULL, NULL, NULL),
(862, 'ac2abecd-cc4d-4f19-b4c8-2a616918e489', 32, 638, '', '', '', 'Park Lane', '6.9081233', '79.8978483', '', '0.0', '0.0', '', '', '', '', 4, '', '2018-01-09 18:37:55', NULL, NULL, NULL, NULL),
(863, '7fcaba73-067f-4693-92d3-467091440b59', 32, 635, '', '', '', 'Park Lane', '6.908219293697651', '79.89784757614126', '', '0', '0', '', '', '', '', 4, 'Rider getting late', '2018-01-10 10:01:03', NULL, NULL, NULL, NULL),
(864, '6849a7ce-cafb-4bbe-a5d1-c288ad06f44d', 43, 635, '', '', '', 'Park Lane', '6.908219293697651', '79.89784757614126', 'Not Mentioned', '0', '0', '', '', '', '', 4, 'Rider getting late', '2018-01-10 10:02:04', NULL, NULL, NULL, NULL),
(865, 'bda96320-5eea-45de-8acc-7b0a81e47edb', 43, 635, '', '', '', 'Park Lane', '6.908205086371775', '79.89788931801905', 'Not Mentioned', '0', '0', '', '', '', '', 4, 'Rider getting late', '2018-01-10 10:04:48', NULL, NULL, NULL, NULL),
(866, '10c1cb55-b4fa-4aa8-ba10-9dffd7b764c6', 43, 635, '', '', '', 'Park Lane', '6.908165230422195', '79.89784983925512', 'Not Mentioned', '0', '0', '', '', '', '', 4, 'Rider getting late', '2018-01-10 10:05:37', NULL, NULL, NULL, NULL),
(867, '832e8638-903f-4692-813b-17369bfc29cb', 43, 635, '', '', '', 'Park Lane', '6.908178012824531', '79.89780717536797', 'Not Mentioned', '0', '0', '', '', '', '', 4, 'Rider getting late', '2018-01-10 10:06:11', NULL, NULL, NULL, NULL),
(868, '59979cd5-e9f1-44b3-b230-fea7b09999ae', 43, 635, '', '', '', 'Park Lane', '6.908256257890638', '79.8978405353426', 'Not Mentioned', '0', '0', '', '', '', '', 4, 'Rider getting late', '2018-01-10 10:06:46', NULL, NULL, NULL, NULL),
(869, '0f39af4b-2c06-443e-956d-0268c5e7dc53', 32, 635, '', '', '', 'Park Lane', '6.908239668781143', '79.89783118249295', 'Bambalapitiya Police Station', '6.892086799999999', '79.8558189', '0.0', '20.00', '0', '0', 3, '', '2018-01-10 10:23:00', '2018-01-10 10:23:16', '2018-01-10 10:23:17', '', ''),
(870, 'be6c0729-58fc-4559-a8af-d580b37bfa8a', 32, 635, '', '', '', 'Park Lane', '6.9082398492124595', '79.89783097734282', '', '0', '0', '0.0', '41.50', '7', '7', 3, '', '2018-01-10 10:24:42', '2018-01-10 10:24:58', '2018-01-10 10:32:14', '', ''),
(871, 'eddc6ac4-e601-4a0d-b3c8-f760ca1c6e7e', 43, 638, '', '', '', 'Park Lane', '6.9082261', '79.8978191', 'Not Mentioned', '0.0', '0.0', '', '', '', '', 4, '', '2018-01-10 10:41:21', NULL, NULL, NULL, NULL),
(872, '7b87b13f-35e6-4cc8-9beb-038f6a6e504b', 43, 638, '', '', '', 'Park Lane', '6.9082261', '79.8978191', 'Not Mentioned', '0.0', '0.0', '6.766429708244603', '20', '0', '35', 3, '', '2018-01-10 10:43:33', '2018-01-10 10:43:56', '2018-01-10 10:44:34', '', '20'),
(873, '3cd306c2-ce9e-4219-8dad-75f62b74f18b', 43, 638, '', '', '', 'Park Lane', '6.9082262', '79.897819', 'Not Mentioned', '0.0', '0.0', '11.81623986774278', '20', '0', '2', 3, '', '2018-01-10 10:45:38', '2018-01-10 10:45:39', '2018-01-10 10:45:44', '', '20'),
(874, '6e7d6e98-34f6-4e10-8006-31136f773efd', 43, 638, '', '', '', 'Park Lane', '6.9082261', '79.8978192', 'Battaramulla, Sri Lanka', '6.8979941', '79.9222869', '11.81623986774278', '20', '0', '1', 3, '', '2018-01-10 10:47:52', '2018-01-10 10:48:07', '2018-01-10 10:48:10', '', '20'),
(875, '4cdcb6f9-ad04-4935-ba62-f9424bce9005', 43, 638, '', '', '', 'Park Lane', '6.9082262', '79.897819', 'Not Mentioned', '0.0', '0.0', '11.81623986774278', '20', '0', '4', 3, '', '2018-01-10 10:48:57', '2018-01-10 10:49:07', '2018-01-10 10:49:14', '', '20'),
(876, 'c647cc55-66ff-45f5-ac85-193c0e322243', 32, 635, '', '', '', 'Park Lane', '6.9082314893667665', '79.89784958779802', '', '0', '0', '0.0', '20.00', '0', '0', 3, '', '2018-01-10 10:52:28', '2018-01-10 10:52:32', '2018-01-10 10:52:35', '', ''),
(877, '377446de-7c4d-4fb5-b6b5-40496379f501', 32, 635, '', '', '', 'Park Lane', '6.9082314893667665', '79.89784958779802', 'Battaramulla', '6.8979941', '79.9222869', '0.0', '20.00', '0', '0', 3, '', '2018-01-10 10:53:54', '2018-01-10 10:56:11', '2018-01-10 10:56:13', '', ''),
(878, '377446de-7c4d-4fb5-b6b5-40496379f501', 32, 635, '', '', '', 'Park Lane', '6.9082314893667665', '79.89784958779802', '', '0', '0', '0.0', '20.00', '0', '0', 3, '', '2018-01-10 10:55:36', '2018-01-10 10:56:11', '2018-01-10 10:56:13', '', ''),
(879, '377446de-7c4d-4fb5-b6b5-40496379f501', 32, 635, '', '', '', 'Park Lane', '6.9082314893667665', '79.89784958779802', 'Battaramulla', '6.8979941', '79.9222869', '0.0', '20.00', '0', '0', 3, '', '2018-01-10 10:55:56', '2018-01-10 10:56:11', '2018-01-10 10:56:13', '', ''),
(880, '9b3c5a5b-3b2f-44f6-b38a-540b4786f36f', 32, 635, '', '', '', 'Park Lane', '6.9082314893667665', '79.89784958779802', '', '0', '0', '0.0', '20.15', '0', '0', 3, '', '2018-01-10 10:56:31', '2018-01-10 10:59:06', '2018-01-10 10:59:11', '', ''),
(881, '9b3c5a5b-3b2f-44f6-b38a-540b4786f36f', 32, 635, '', '', '', 'Park Lane', '6.9082314893667665', '79.89784958779802', 'Horana', '6.7229806', '80.0646682', '0.0', '20.15', '0', '0', 3, '', '2018-01-10 10:58:36', '2018-01-10 10:59:06', '2018-01-10 10:59:11', '', ''),
(882, '076eba14-31b6-4edc-87ee-bd938080128f', 32, 635, '', '', '', 'Park Lane', '6.9082314893667665', '79.89784958779802', '', '0', '0', '0.0', '20.05', '0', '0', 3, '', '2018-01-10 10:59:52', '2018-01-10 11:00:14', '2018-01-10 11:00:17', '', '');
INSERT INTO `ride_history` (`tripID`, `roomID`, `rID`, `uID`, `riderName`, `riderImage`, `ratingParticularTrip`, `pickupLocationName`, `pickupLocationLatitude`, `pickupLocationLongitude`, `dropLocationName`, `dropLocationLatitude`, `dropLocationLongitude`, `totalDistance`, `totalAmount`, `totalWaitingTime`, `totalRideTime`, `tSatus`, `cancelledReason`, `rideDate`, `rideStartTime`, `rideEndTime`, `ridePromoCodeId`, `rideAmount`) VALUES
(883, '076eba14-31b6-4edc-87ee-bd938080128f', 32, 635, '', '', '', 'Park Lane', '6.9082314893667665', '79.89784958779802', 'Battaramulla', '6.8979941', '79.9222869', '0.0', '20.05', '0', '0', 3, '', '2018-01-10 11:00:12', '2018-01-10 11:00:14', '2018-01-10 11:00:17', '', ''),
(884, '3769b8ad-e892-4fcc-8559-da62a034e9c1', 32, 638, '', '', '', 'Park Lane', '6.9082261', '79.8978183', '', '0.0', '0.0', '0.0', '28.50', '2', '0', 3, '', '2018-01-10 11:48:26', '2018-01-10 11:57:40', '2018-01-10 12:00:46', '', ''),
(885, '3f25b273-d5f3-416b-8196-75e2c8f96d11', 32, 638, '', '', '', 'Park Lane', '6.90823', '79.8978617', '', '0.0', '0.0', '0.0', '22.25', '0', '0', 3, '', '2018-01-10 12:00:58', '2018-01-10 12:01:05', '2018-01-10 12:01:52', '', ''),
(886, '4bb47846-9176-4947-b867-2179dad75ead', 32, 638, '', '', '', 'Park Lane', '6.90823', '79.8978617', '', '0.0', '0.0', '0.0', '30.95', '3', '2', 3, '', '2018-01-10 12:02:18', '2018-01-10 12:02:21', '2018-01-10 12:06:22', '', ''),
(887, '5727113c-07a6-4ed0-b8fe-eee64e396b8b', 32, 638, '', '', '', 'Park Lane', '6.90822', '79.8977733', '', '0.0', '0.0', '0.0', '20.35', '0', '0', 3, '', '2018-01-10 12:06:39', '2018-01-10 12:06:42', '2018-01-10 12:06:51', '', ''),
(888, '0c196b80-31ac-480d-a7f0-72a4e5f7e378', 32, 638, '', '', '', 'Park Lane', '6.9082333', '79.8978667', 'Park Ln', '6.887187600000001', '79.8676119', '0.0', '20.55', '0', '0', 3, '', '2018-01-10 12:07:04', '2018-01-10 12:07:20', '2018-01-10 12:07:33', '', ''),
(889, '95bf189d-b0cc-425c-a80b-49be2fe2ff8f', 32, 638, '', '', '', 'Park Lane', '6.908225', '79.8979767', '', '0.0', '0.0', '0.0', '20.70', '0', '0', 3, '', '2018-01-10 12:07:39', '2018-01-10 12:07:58', '2018-01-10 12:08:14', '', ''),
(890, '335f6b10-e221-4cef-a11f-2ad4e32f74b0', 32, 638, '', '', '', 'Park Lane', '6.9082467', '79.8979917', 'Park Ln', '6.887187600000001', '79.8676119', '0.0', '20.65', '0', '0', 3, '', '2018-01-10 12:08:26', '2018-01-10 12:08:33', '2018-01-10 12:08:46', '', ''),
(891, 'd87b4151-07f0-44a1-bc73-7faec52425bf', 32, 635, '', '', '', 'Park Lane', '6.908235785214838', '79.89783526110851', '', '0', '0', '0.0', '20.80', '0', '0', 3, '', '2018-01-10 12:10:55', '2018-01-10 12:11:47', '2018-01-10 12:12:04', '', ''),
(892, 'd87b4151-07f0-44a1-bc73-7faec52425bf', 32, 635, '', '', '', 'Park Lane', '6.908222436911341', '79.89788110375395', '', '0', '0', '0.0', '20.80', '0', '0', 3, '', '2018-01-10 12:11:37', '2018-01-10 12:11:47', '2018-01-10 12:12:04', '', ''),
(893, '7b08d770-9d4e-4337-8cc6-ffeb75c18173', 32, 635, '', '', '', 'Park Lane', '6.908222436911341', '79.89788110375395', 'Battaramulla', '6.8979941', '79.9222869', '0.0', '20.00', '0', '0', 3, '', '2018-01-10 12:12:12', '2018-01-10 12:12:53', '2018-01-10 12:12:54', '', ''),
(894, '7b08d770-9d4e-4337-8cc6-ffeb75c18173', 32, 635, '', '', '', 'Park Lane', '6.908222436911341', '79.89788110375395', 'Battaramulla', '6.8979941', '79.9222869', '0.0', '20.00', '0', '0', 3, '', '2018-01-10 12:12:32', '2018-01-10 12:12:53', '2018-01-10 12:12:54', '', ''),
(895, '3032b12a-029c-4fb3-a98b-09515aa8a5d4', 43, 638, '', '', '', 'Park Lane', '6.9082262', '79.8978181', 'Not Mentioned', '0.0', '0.0', '', '', '', '', 4, '', '2018-01-10 12:13:42', NULL, NULL, NULL, NULL),
(896, 'cb60cee3-4e01-43f5-9b45-fdeed8d08894', 43, 638, '', '', '', 'Park Lane', '6.908255', '79.8978467', 'Not Mentioned', '0.0', '0.0', '', '', '', '', 4, '', '2018-01-10 12:14:04', NULL, NULL, NULL, NULL),
(897, '031f887e-0678-4e7c-87ac-f08dda96ddfe', 43, 638, '', '', '', 'Park Lane', '6.9082263', '79.8978173', 'Park Ln', '6.887187600000001', '79.8676119', '', '', '', '', 4, '', '2018-01-10 12:14:48', NULL, NULL, NULL, NULL),
(898, 'b6370bd1-6153-4e6c-bfa5-9b8f4b71308e', 43, 638, '', '', '', 'Park Lane', '6.9082733', '79.8978533', 'Not Mentioned', '0.0', '0.0', '', '', '', '', 4, '', '2018-01-10 12:15:34', NULL, NULL, NULL, NULL),
(899, '54827755-650c-4eb4-8ca8-39b139c46384', 32, 635, '', '', '', 'Park Lane', '6.908200057229872', '79.89783173434427', '', '0', '0', '0.0', '22.25', '0', '0', 4, 'Rider getting late', '2018-01-10 12:19:46', '2018-01-10 12:43:58', '2018-01-10 12:45:12', '', ''),
(900, '54827755-650c-4eb4-8ca8-39b139c46384', 32, 635, '', '', '', 'Park Lane', '6.908200057229872', '79.89783173434427', '', '0', '0', '0.0', '22.25', '0', '0', 4, 'Rider getting late', '2018-01-10 12:22:33', '2018-01-10 12:43:58', '2018-01-10 12:45:12', '', ''),
(901, '54827755-650c-4eb4-8ca8-39b139c46384', 32, 635, '', '', '', 'Park Lane', '6.908200057229872', '79.89783173434427', '', '0', '0', '0.0', '22.25', '0', '0', 4, 'Rider getting late', '2018-01-10 12:26:44', '2018-01-10 12:43:58', '2018-01-10 12:45:12', '', ''),
(902, '54827755-650c-4eb4-8ca8-39b139c46384', 32, 635, '', '', '', 'Park Lane', '6.908200057229872', '79.89783173434427', '', '0', '0', '0.0', '22.25', '0', '0', 4, 'Rider getting late', '2018-01-10 12:27:03', '2018-01-10 12:43:58', '2018-01-10 12:45:12', '', ''),
(903, '54827755-650c-4eb4-8ca8-39b139c46384', 32, 635, '', '', '', 'Park Lane', '6.908200057229872', '79.89783173434427', '', '0', '0', '0.0', '22.25', '0', '0', 4, 'Rider getting late', '2018-01-10 12:27:19', '2018-01-10 12:43:58', '2018-01-10 12:45:12', '', ''),
(904, '54827755-650c-4eb4-8ca8-39b139c46384', 32, 635, '', '', '', 'Park Lane', '6.908200057229872', '79.89783173434427', '', '0', '0', '0.0', '22.25', '0', '0', 4, 'Rider getting late', '2018-01-10 12:28:02', '2018-01-10 12:43:58', '2018-01-10 12:45:12', '', ''),
(905, '54827755-650c-4eb4-8ca8-39b139c46384', 32, 635, '', '', '', 'Park Lane', '6.908200057229872', '79.89783173434427', '', '0', '0', '0.0', '22.25', '0', '0', 4, 'Rider getting late', '2018-01-10 12:28:10', '2018-01-10 12:43:58', '2018-01-10 12:45:12', '', ''),
(906, '54827755-650c-4eb4-8ca8-39b139c46384', 32, 635, '', '', '', 'Park Lane', '6.908200057229872', '79.89783173434427', '', '0', '0', '0.0', '22.25', '0', '0', 4, 'Rider getting late', '2018-01-10 12:30:55', '2018-01-10 12:43:58', '2018-01-10 12:45:12', '', ''),
(907, '54827755-650c-4eb4-8ca8-39b139c46384', 32, 635, '', '', '', 'Park Lane', '6.908200057229872', '79.89783173434427', '', '0', '0', '0.0', '22.25', '0', '0', 4, 'Rider getting late', '2018-01-10 12:31:50', '2018-01-10 12:43:58', '2018-01-10 12:45:12', '', ''),
(908, '54827755-650c-4eb4-8ca8-39b139c46384', 32, 635, '', '', '', 'Park Lane', '6.908200057229872', '79.89783173434427', '', '0', '0', '0.0', '22.25', '0', '0', 4, 'Rider getting late', '2018-01-10 12:33:17', '2018-01-10 12:43:58', '2018-01-10 12:45:12', '', ''),
(909, '54827755-650c-4eb4-8ca8-39b139c46384', 32, 635, '', '', '', 'Park Lane', '6.908200057229872', '79.89783173434427', '', '0', '0', '0.0', '22.25', '0', '0', 4, 'Rider getting late', '2018-01-10 12:34:44', '2018-01-10 12:43:58', '2018-01-10 12:45:12', '', ''),
(910, '54827755-650c-4eb4-8ca8-39b139c46384', 32, 635, '', '', '', 'Park Lane', '6.908200057229872', '79.89783173434427', '', '0', '0', '0.0', '22.25', '0', '0', 4, 'Rider getting late', '2018-01-10 12:36:28', '2018-01-10 12:43:58', '2018-01-10 12:45:12', '', ''),
(911, '54827755-650c-4eb4-8ca8-39b139c46384', 32, 635, '', '', '', 'Park Lane', '6.908200057229872', '79.89783173434427', '', '0', '0', '0.0', '22.25', '0', '0', 4, 'Rider getting late', '2018-01-10 12:36:53', '2018-01-10 12:43:58', '2018-01-10 12:45:12', '', ''),
(912, '54827755-650c-4eb4-8ca8-39b139c46384', 32, 635, '', '', '', 'Park Lane', '6.908200057229872', '79.89783173434427', '', '0', '0', '0.0', '22.25', '0', '0', 4, 'Rider getting late', '2018-01-10 12:37:09', '2018-01-10 12:43:58', '2018-01-10 12:45:12', '', ''),
(913, '54827755-650c-4eb4-8ca8-39b139c46384', 32, 635, '', '', '', 'Park Lane', '6.908200057229872', '79.89783173434427', '', '0', '0', '0.0', '22.25', '0', '0', 4, 'Rider getting late', '2018-01-10 12:38:00', '2018-01-10 12:43:58', '2018-01-10 12:45:12', '', ''),
(914, '54827755-650c-4eb4-8ca8-39b139c46384', 32, 635, '', '', '', 'Park Lane', '6.908200057229872', '79.89783173434427', '', '0', '0', '0.0', '22.25', '0', '0', 4, 'Rider getting late', '2018-01-10 12:39:53', '2018-01-10 12:43:58', '2018-01-10 12:45:12', '', ''),
(915, '54827755-650c-4eb4-8ca8-39b139c46384', 32, 635, '', '', '', 'Park Lane', '6.908200057229872', '79.89783173434427', 'Battaramulla', '6.8979941', '79.9222869', '0.0', '22.25', '0', '0', 4, 'Rider getting late', '2018-01-10 12:40:09', '2018-01-10 12:43:58', '2018-01-10 12:45:12', '', ''),
(916, '54827755-650c-4eb4-8ca8-39b139c46384', 32, 635, '', '', '', 'Park Lane', '6.908200057229872', '79.89783173434427', 'Battaramulla', '6.8979941', '79.9222869', '0.0', '22.25', '0', '0', 4, 'Rider getting late', '2018-01-10 12:40:46', '2018-01-10 12:43:58', '2018-01-10 12:45:12', '', ''),
(917, '54827755-650c-4eb4-8ca8-39b139c46384', 32, 635, '', '', '', 'Park Lane', '6.908200057229872', '79.89783173434427', '', '0', '0', '0.0', '22.25', '0', '0', 4, 'Rider getting late', '2018-01-10 12:41:01', '2018-01-10 12:43:58', '2018-01-10 12:45:12', '', ''),
(918, '54827755-650c-4eb4-8ca8-39b139c46384', 32, 635, '', '', '', 'Park Lane', '6.908200057229872', '79.89783173434427', '', '0', '0', '0.0', '22.25', '0', '0', 4, 'Rider getting late', '2018-01-10 12:42:02', '2018-01-10 12:43:58', '2018-01-10 12:45:12', '', ''),
(919, '54827755-650c-4eb4-8ca8-39b139c46384', 32, 635, '', '', '', 'Park Lane', '6.908200057229872', '79.89783173434427', 'Battaramulla', '6.8979941', '79.9222869', '0.0', '22.25', '0', '0', 4, 'Rider getting late', '2018-01-10 12:43:58', '2018-01-10 12:43:58', '2018-01-10 12:45:12', '', ''),
(920, '54827755-650c-4eb4-8ca8-39b139c46384', 32, 635, '', '', '', 'Park Lane', '6.908200057229872', '79.89783173434427', '', '0', '0', '', '', '', '', 4, 'Rider getting late', '2018-01-10 12:45:20', NULL, NULL, NULL, NULL),
(921, '5b4610b0-963e-42b3-ba07-a74810c145b1', 32, 635, '', '', '', 'Park Lane', '6.908200057229872', '79.89783173434427', '', '0', '0', '0.0', '20.50', '0', '0', 3, '', '2018-01-10 12:45:40', '2018-01-10 12:51:26', '2018-01-10 13:20:49', '', ''),
(922, '5b4610b0-963e-42b3-ba07-a74810c145b1', 32, 635, '', '', '', 'Park Lane', '6.908200057229872', '79.89783173434427', '', '0', '0', '0.0', '20.50', '0', '0', 3, '', '2018-01-10 12:45:55', '2018-01-10 12:51:26', '2018-01-10 13:20:49', '', ''),
(923, '5b4610b0-963e-42b3-ba07-a74810c145b1', 32, 635, '', '', '', 'Park Lane', '6.908200057229872', '79.89783173434427', '', '0', '0', '0.0', '20.50', '0', '0', 3, '', '2018-01-10 12:46:11', '2018-01-10 12:51:26', '2018-01-10 13:20:49', '', ''),
(924, '5b4610b0-963e-42b3-ba07-a74810c145b1', 32, 635, '', '', '', 'Park Lane', '6.908200057229872', '79.89783173434427', 'Battaramulla', '6.8979941', '79.9222869', '0.0', '20.50', '0', '0', 3, '', '2018-01-10 12:46:34', '2018-01-10 12:51:26', '2018-01-10 13:20:49', '', ''),
(925, '5b4610b0-963e-42b3-ba07-a74810c145b1', 32, 635, '', '', '', 'Park Lane', '6.908200057229872', '79.89783173434427', '', '0', '0', '0.0', '20.50', '0', '0', 3, '', '2018-01-10 12:50:13', '2018-01-10 12:51:26', '2018-01-10 13:20:49', '', ''),
(926, '5b4610b0-963e-42b3-ba07-a74810c145b1', 32, 635, '', '', '', 'Park Lane', '6.908200057229872', '79.89783173434427', '', '0', '0', '0.0', '20.50', '0', '0', 3, '', '2018-01-10 12:51:22', '2018-01-10 12:51:26', '2018-01-10 13:20:49', '', ''),
(927, '852503a9-1fdc-4476-97be-a5a1cfab5632', 32, 635, '', '', '', 'Park Lane', '6.908238949260589', '79.89783064469685', '', '0', '0', '0.0', '22.05', '0', '0', 3, '', '2018-01-10 13:21:10', '2018-01-10 13:31:13', '2018-01-10 13:49:09', '', ''),
(928, '852503a9-1fdc-4476-97be-a5a1cfab5632', 32, 635, '', '', '', 'Park Lane', '6.908238949260589', '79.89783064469685', '', '0', '0', '0.0', '22.05', '0', '0', 3, '', '2018-01-10 13:21:35', '2018-01-10 13:31:13', '2018-01-10 13:49:09', '', ''),
(929, '852503a9-1fdc-4476-97be-a5a1cfab5632', 32, 635, '', '', '', 'Park Lane', '6.908238949260589', '79.89783064469685', '', '0', '0', '0.0', '22.05', '0', '0', 3, '', '2018-01-10 13:23:19', '2018-01-10 13:31:13', '2018-01-10 13:49:09', '', ''),
(930, '852503a9-1fdc-4476-97be-a5a1cfab5632', 32, 635, '', '', '', 'Park Lane', '6.908238949260589', '79.89783064469685', '', '0', '0', '0.0', '22.05', '0', '0', 3, '', '2018-01-10 13:23:46', '2018-01-10 13:31:13', '2018-01-10 13:49:09', '', ''),
(931, '852503a9-1fdc-4476-97be-a5a1cfab5632', 32, 635, '', '', '', 'Park Lane', '6.908238949260589', '79.89783064469685', '', '0', '0', '0.0', '22.05', '0', '0', 3, '', '2018-01-10 13:25:09', '2018-01-10 13:31:13', '2018-01-10 13:49:09', '', ''),
(932, '852503a9-1fdc-4476-97be-a5a1cfab5632', 32, 635, '', '', '', 'Park Lane', '6.908238949260589', '79.89783064469685', '', '0', '0', '0.0', '22.05', '0', '0', 3, '', '2018-01-10 13:25:21', '2018-01-10 13:31:13', '2018-01-10 13:49:09', '', ''),
(933, '852503a9-1fdc-4476-97be-a5a1cfab5632', 32, 635, '', '', '', 'Park Lane', '6.908238949260589', '79.89783064469685', '', '0', '0', '0.0', '22.05', '0', '0', 3, '', '2018-01-10 13:25:35', '2018-01-10 13:31:13', '2018-01-10 13:49:09', '', ''),
(934, '852503a9-1fdc-4476-97be-a5a1cfab5632', 32, 635, '', '', '', 'Park Lane', '6.908238949260589', '79.89783064469685', '', '0', '0', '0.0', '22.05', '0', '0', 3, '', '2018-01-10 13:27:05', '2018-01-10 13:31:13', '2018-01-10 13:49:09', '', ''),
(935, '852503a9-1fdc-4476-97be-a5a1cfab5632', 32, 635, '', '', '', 'Park Lane', '6.908238949260589', '79.89783064469685', '', '0', '0', '0.0', '22.05', '0', '0', 3, '', '2018-01-10 13:28:03', '2018-01-10 13:31:13', '2018-01-10 13:49:09', '', ''),
(936, '852503a9-1fdc-4476-97be-a5a1cfab5632', 32, 635, '', '', '', 'Park Lane', '6.908238949260589', '79.89783064469685', '', '0', '0', '0.0', '22.05', '0', '0', 3, '', '2018-01-10 13:31:10', '2018-01-10 13:31:13', '2018-01-10 13:49:09', '', ''),
(937, '1febe8ea-b75e-4731-93f0-47c2aca1bfaa', 32, 635, '', '', '', 'Park Lane', '6.908238781622526', '79.89783072851588', '', '0', '0', '0.0', '20.00', '0', '0', 3, '', '2018-01-10 13:49:31', '2018-01-10 13:59:21', '2018-01-10 14:00:52', '', ''),
(938, '1febe8ea-b75e-4731-93f0-47c2aca1bfaa', 32, 635, '', '', '', 'Park Lane', '6.908238781622526', '79.89783072851588', '', '0', '0', '0.0', '20.00', '0', '0', 3, '', '2018-01-10 13:50:09', '2018-01-10 13:59:21', '2018-01-10 14:00:52', '', ''),
(939, '1febe8ea-b75e-4731-93f0-47c2aca1bfaa', 32, 635, '', '', '', 'Park Lane', '6.908238781622526', '79.89783072851588', '', '0', '0', '0.0', '20.00', '0', '0', 3, '', '2018-01-10 13:50:32', '2018-01-10 13:59:21', '2018-01-10 14:00:52', '', ''),
(940, '1febe8ea-b75e-4731-93f0-47c2aca1bfaa', 32, 635, '', '', '', 'Park Lane', '6.908238781622526', '79.89783072851588', '', '0', '0', '0.0', '20.00', '0', '0', 3, '', '2018-01-10 13:51:54', '2018-01-10 13:59:21', '2018-01-10 14:00:52', '', ''),
(941, '1febe8ea-b75e-4731-93f0-47c2aca1bfaa', 32, 635, '', '', '', 'Park Lane', '6.908238781622526', '79.89783072851588', '', '0', '0', '0.0', '20.00', '0', '0', 3, '', '2018-01-10 13:53:29', '2018-01-10 13:59:21', '2018-01-10 14:00:52', '', ''),
(942, '1febe8ea-b75e-4731-93f0-47c2aca1bfaa', 32, 635, '', '', '', 'Park Lane', '6.908238781622526', '79.89783072851588', '', '0', '0', '0.0', '20.00', '0', '0', 3, '', '2018-01-10 13:57:27', '2018-01-10 13:59:21', '2018-01-10 14:00:52', '', ''),
(943, '1febe8ea-b75e-4731-93f0-47c2aca1bfaa', 32, 635, '', '', '', 'Park Lane', '6.908238781622526', '79.89783072851588', '', '0', '0', '0.0', '20.00', '0', '0', 3, '', '2018-01-10 13:58:23', '2018-01-10 13:59:21', '2018-01-10 14:00:52', '', ''),
(944, '049e5d6d-d462-47ee-a80a-d867e3a72f9f', 32, 635, '', '', '', 'Park Lane', '6.908238781622526', '79.89783072851588', '', '0', '0', '0.0', '21.20', '0', '0', 4, 'Rider getting late', '2018-01-10 14:00:59', '2018-01-10 14:01:10', '2018-01-10 14:01:35', '', ''),
(945, 'f14f393c-1835-47c4-9899-df4fd64ab2d1', 32, 635, '', '', '', 'Park Lane', '6.9082747', '79.89785', '', '0.0', '0.0', '0.0', '20.35', '0', '0', 3, '', '2018-01-10 14:03:25', '2018-01-10 14:03:28', '2018-01-10 14:03:37', '', ''),
(946, '049e5d6d-d462-47ee-a80a-d867e3a72f9f', 32, 635, '', '', '', 'Park Lane', '6.908238781622526', '79.89783072851588', '', '0', '0', '', '', '', '', 4, 'Rider getting late', '2018-01-10 14:04:15', NULL, NULL, NULL, NULL),
(947, '69d06c80-7152-417a-a3e7-bfb9dfa34f7d', 32, 635, '', '', '', 'Park Lane', '6.908238781622526', '79.89783072851588', '', '0', '0', '', '', '', '', 4, 'Rider getting late', '2018-01-10 14:06:38', NULL, NULL, NULL, NULL),
(948, '4a8a3fb4-bf7f-4777-9ebf-844bd7628186', 32, 635, '', '', '', 'Park Lane', '6.9082619', '79.8978183', '', '0.0', '0.0', '0.0', '20.25', '0', '0', 3, '', '2018-01-10 14:06:57', '2018-01-10 14:07:01', '2018-01-10 14:07:07', '', ''),
(949, 'd125cae6-9037-46ad-8ed7-0111a0c31e93', 32, 635, '', '', '', 'Park Lane', '6.908238781622526', '79.89783072851588', '', '0', '0', '0.0', '42.40', '7', '7', 3, '', '2018-01-10 15:39:33', '2018-01-10 15:40:11', '2018-01-10 15:47:43', '', ''),
(950, 'd125cae6-9037-46ad-8ed7-0111a0c31e93', 32, 635, '', '', '', 'Park Lane', '6.908238781622526', '79.89783072851588', '', '0', '0', '0.0', '42.40', '7', '7', 3, '', '2018-01-10 15:40:09', '2018-01-10 15:40:11', '2018-01-10 15:47:43', '', ''),
(951, '029f26f7-4961-496c-b873-cbac480349c7', 32, 635, '', '', '', 'Park Lane', '6.908271973959085', '79.89776149399569', '', '0', '0', '0.0', '20.00', '0', '0', 3, '', '2018-01-10 15:50:21', '2018-01-10 15:53:32', '2018-01-10 15:53:33', '', ''),
(952, '029f26f7-4961-496c-b873-cbac480349c7', 32, 635, '', '', '', 'Park Lane', '6.908271973959085', '79.89776149399569', '', '0', '0', '0.0', '20.00', '0', '0', 3, '', '2018-01-10 15:52:46', '2018-01-10 15:53:32', '2018-01-10 15:53:33', '', ''),
(953, '029f26f7-4961-496c-b873-cbac480349c7', 32, 635, '', '', '', 'Park Lane', '6.908271973959085', '79.89776149399569', '', '0', '0', '0.0', '20.00', '0', '0', 3, '', '2018-01-10 15:53:07', '2018-01-10 15:53:32', '2018-01-10 15:53:33', '', ''),
(954, '029f26f7-4961-496c-b873-cbac480349c7', 32, 635, '', '', '', 'Park Lane', '6.908271973959085', '79.89776149399569', '', '0', '0', '0.0', '20.00', '0', '0', 3, '', '2018-01-10 15:53:16', '2018-01-10 15:53:32', '2018-01-10 15:53:33', '', ''),
(955, '029f26f7-4961-496c-b873-cbac480349c7', 32, 635, '', '', '', 'Park Lane', '6.908271973959085', '79.89776149399569', '', '0', '0', '0.0', '20.00', '0', '0', 3, '', '2018-01-10 15:53:26', '2018-01-10 15:53:32', '2018-01-10 15:53:33', '', ''),
(956, 'eb7479ed-1d5e-44c3-b00c-30c923aeda56', 32, 635, '', '', '', 'Park Lane', '6.9082267', '79.8978189', '', '0.0', '0.0', '', '', '', '', 4, '', '2018-01-10 15:53:48', NULL, NULL, NULL, NULL),
(957, 'a62cea5d-a216-4413-8cc4-0bc24b11c882', 32, 635, '', '', '', 'Park Lane', '6.9082264', '79.8978191', '', '0.0', '0.0', '', '', '', '', 4, '', '2018-01-10 15:53:55', NULL, NULL, NULL, NULL),
(958, 'bbdc9e37-6163-4874-9f58-43051763362b', 32, 635, '', '', '', 'Park Lane', '6.9079717', '79.8980134', '', '0.0', '0.0', '0.0', '20.50', '0', '0', 3, '', '2018-01-10 15:54:00', '2018-01-10 15:54:03', '2018-01-10 15:54:17', '', ''),
(959, '70f30960-7ad6-4c46-9b27-029c2b98fe36', 32, 635, '', '', '', 'Park Lane', '6.9081174', '79.8979377', '', '0.0', '0.0', '0.0', '20.40', '0', '0', 3, '', '2018-01-10 15:54:24', '2018-01-10 15:54:29', '2018-01-10 15:54:37', '', ''),
(960, '3bb4c389-bf55-4d3e-b622-574388e79395', 32, 635, '', '', '', 'Park Lane', '6.9081403', '79.8979123', 'Karapitiya', '6.0705817', '80.2251603', '0.0', '20.85', '0', '0', 3, '', '2018-01-10 15:54:56', '2018-01-10 15:54:59', '2018-01-10 15:55:43', '', ''),
(961, '4d9fa83f-86a1-48fa-b3a6-6a8dc831499d', 32, 635, '', '', '', 'Park Lane', '6.908271973959085', '79.89776149399569', '', '0', '0', '0.0', '20.40', '0', '0', 3, '', '2018-01-10 15:55:48', '2018-01-10 15:59:41', '2018-01-10 15:59:51', '', ''),
(962, '4d9fa83f-86a1-48fa-b3a6-6a8dc831499d', 32, 635, '', '', '', 'Park Lane', '6.908271973959085', '79.89776149399569', '', '0', '0', '0.0', '20.40', '0', '0', 3, '', '2018-01-10 15:58:48', '2018-01-10 15:59:41', '2018-01-10 15:59:51', '', ''),
(963, '4d9fa83f-86a1-48fa-b3a6-6a8dc831499d', 32, 635, '', '', '', 'Park Lane', '6.908271973959085', '79.89776149399569', 'Battaramulla', '6.8979941', '79.9222869', '0.0', '20.40', '0', '0', 3, '', '2018-01-10 15:59:09', '2018-01-10 15:59:41', '2018-01-10 15:59:51', '', ''),
(964, '4d9fa83f-86a1-48fa-b3a6-6a8dc831499d', 32, 635, '', '', '', 'Park Lane', '6.908271973959085', '79.89776149399569', 'Battaramulla', '6.8979941', '79.9222869', '0.0', '20.40', '0', '0', 3, '', '2018-01-10 15:59:39', '2018-01-10 15:59:41', '2018-01-10 15:59:51', '', ''),
(965, '16fef3ec-6e28-4656-bfd3-db841617aa95', 32, 635, '', '', '', 'Park Lane', '6.908247917896983', '79.89780013456931', '', '0', '0', '0.0', '20.70', '0', '0', 3, '', '2018-01-10 16:00:33', '2018-01-10 16:01:07', '2018-01-10 16:01:21', '', ''),
(966, '16fef3ec-6e28-4656-bfd3-db841617aa95', 32, 635, '', '', '', 'Battaramulla', '6.8979941', '79.9222869', 'Horana', '6.7229806', '80.0646682', '0.0', '20.70', '0', '0', 3, '', '2018-01-10 16:01:02', '2018-01-10 16:01:07', '2018-01-10 16:01:21', '', ''),
(967, '713978f8-d532-4676-8e86-16d3221a188c', 43, 638, '', '', '', 'Park Lane', '6.9082317', '79.8977317', 'Not Mentioned', '0.0', '0.0', '16.99744216627207', '20', '0', '1', 3, '', '2018-01-10 18:06:52', '2018-01-10 18:07:37', '2018-01-10 18:07:41', '', '20');

-- --------------------------------------------------------

--
-- Table structure for table `schedule_ride`
--

CREATE TABLE `schedule_ride` (
  `srID` int(11) NOT NULL,
  `uID` int(11) NOT NULL,
  `rID` int(11) NOT NULL,
  `pickupLocationFrom` varchar(200) NOT NULL,
  `pickupLocationLat` varchar(200) NOT NULL,
  `pickupLocationLng` varchar(200) NOT NULL,
  `dropLocationTo` varchar(200) NOT NULL,
  `dropLocationLat` varchar(200) NOT NULL,
  `dropLocationLng` varchar(200) NOT NULL,
  `rideDate` varchar(100) NOT NULL,
  `pickupLocationTime` varchar(100) NOT NULL,
  `rideDistance` varchar(100) NOT NULL,
  `rideTime` varchar(100) NOT NULL,
  `rideCost` varchar(100) NOT NULL,
  `rideStatus` int(11) NOT NULL,
  `scheduleDate` datetime NOT NULL
) ENGINE=MyISAM DEFAULT CHARSET=latin1;

--
-- Dumping data for table `schedule_ride`
--

INSERT INTO `schedule_ride` (`srID`, `uID`, `rID`, `pickupLocationFrom`, `pickupLocationLat`, `pickupLocationLng`, `dropLocationTo`, `dropLocationLat`, `dropLocationLng`, `rideDate`, `pickupLocationTime`, `rideDistance`, `rideTime`, `rideCost`, `rideStatus`, `scheduleDate`) VALUES
(7, 574, 0, 'Bamba', '123456', '12345645', 'Kollupity', '2345678', '876543', '12/10/2017', '12.00', '2km', '12', '100', 0, '2017-11-23 11:24:49'),
(8, 589, 0, 'Park Lane', '6.90822189208764', '79.8976478353887', 'Park Lane', '6.900996', '79.8548823', '22/11/2017', '05:30 PM', '6.4', '20 mins', '101.0', 0, '2017-11-23 12:38:15'),
(5, 574, 0, 'Bamba', '123456', '12345645', 'Kollupity', '2345678', '876543', '12/10/2017', '12.00', '2km', '12', '100', 0, '2017-11-23 10:00:35'),
(6, 574, 0, 'Bamba', '123456', '12345645', 'Kollupity', '2345678', '876543', '12/10/2017', '12.00', '2km', '12', '100', 0, '2017-11-23 11:23:46'),
(9, 574, 0, 'Bamba', '123456', '12345645', 'Kollupity', '2345678', '876543', '12/10/2017', '12.00', '2km', '12', '100', 0, '2017-11-23 12:39:25'),
(10, 574, 0, 'Bamba', '123456', '12345645', 'Kollupity', '2345678', '876543', '12/10/2017', '12.00', '2km', '12', '100', 0, '2017-11-24 16:30:52'),
(11, 638, 0, 'Park Lane', '6.90819988959181', '79.8977995478361', 'Park Lane', '6.886473', '79.8562826', '30/11/2017', '02:02 PM', '6.9', '21 mins', '21.8', 0, '2017-11-27 14:54:48'),
(12, 638, 0, 'Park Lane', '6.90824900754439', '79.8978360091149', 'Park Lane', '6.886473', '79.8562826', '30/11/2017', '02:56 PM', '6.9', '21 mins', '108.5', 0, '2017-11-27 14:57:13'),
(13, 638, 0, 'Park Lane', '6.90824900754439', '79.8978360091149', 'Park Lane', '6.886473', '79.8562826', '30/11/2017', '02:00 PM', '6.9', '21 mins', '108.5', 0, '2017-11-27 15:01:41'),
(14, 638, 0, 'Park Lane', '6.90820370335775', '79.8977927584945', 'Park Lane', '6.886473', '79.8562826', '30/11/2017', '01:16 PM', '6.9', '21 mins', '108.5', 0, '2017-11-27 15:17:04'),
(15, 574, 0, 'Bamba', '123456', '12345645', 'Kollupity', '2345678', '876543', '12/10/2017', '12.00', '2km', '12', '100', 0, '2017-11-27 15:34:17'),
(16, 635, 0, 'Park Lane', '6.90827582963454', '79.8978884798287', 'Park Lane', '6.90952747358348', '79.8968746885657', '30/11/2017', '05:12 PM', '0.9', '4 mins', '20.0', 0, '2017-11-27 17:12:15'),
(17, 638, 0, 'Park Lane', '6.90829079133171', '79.89779921256', 'Park Lane', '6.900996', '79.8548823', '30/11/2017', '02:35 PM', '6.4', '20 mins', '20.8', 0, '2017-11-27 17:48:17'),
(18, 638, 0, 'Park Lane', '6.90829079133171', '79.89779921256', 'Park Lane', '6.900996', '79.8548823', '30/11/2017', '02:35 PM', '6.4', '20 mins', '20.8', 0, '2017-11-27 17:48:22'),
(19, 638, 0, 'Sri Jayawardenepura Mawatha', '6.90823224373805', '79.8978235200792', 'Sri Jayawardenepura Mawatha', '6.90702183888762', '79.9015102162957', '27/11/2017', '05:50 PM', '1.0', '5 mins', '10.0', 0, '2017-11-27 17:51:26'),
(20, 638, 0, 'Sri Jayawardenepura Mawatha', '6.90823224373805', '79.8978235200792', 'Sri Jayawardenepura Mawatha', '6.90702183888762', '79.9015102162957', '30/11/2017', '05:51 PM', '1.0', '5 mins', '10.0', 0, '2017-11-27 17:51:34'),
(21, 638, 0, 'Sri Jayawardenepura Mawatha', '6.90823224373805', '79.8978235200792', 'Sri Jayawardenepura Mawatha', '6.90702183888762', '79.9015102162957', '30/11/2017', '05:51 PM', '1.0', '5 mins', '10.0', 0, '2017-11-27 17:51:37'),
(22, 638, 0, 'Park Lane', '6.90822377801585', '79.8978215922414', 'Park Lane', '6.894127', '79.8546198', '30/11/2017', '11:30 AM', '6.4', '21 mins', '101.0', 0, '2017-11-28 11:27:15'),
(23, 638, 0, 'Park Lane', '6.90822377801585', '79.8978215922414', 'Park Lane', '6.894127', '79.8546198', '30/11/2017', '11:30 AM', '6.4', '21 mins', '101.0', 0, '2017-11-28 11:27:18'),
(24, 638, 0, 'Park Lane', '6.90822377801585', '79.8978215922414', 'Park Lane', '6.894127', '79.8546198', '30/11/2017', '11:30 AM', '6.4', '21 mins', '101.0', 0, '2017-11-28 11:27:20'),
(25, 638, 0, 'Park Lane', '6.90822377801585', '79.8978215922414', 'Park Lane', '6.894127', '79.8546198', '30/11/2017', '11:30 AM', '6.4', '21 mins', '101.0', 0, '2017-11-28 11:27:21'),
(26, 638, 0, 'Park Lane', '6.90825751517611', '79.89779401578', 'Park Lane', '6.900996', '79.8548823', '27/11/2017', '01:44 PM', '6.4', '20 mins', '101.0', 0, '2017-11-28 11:44:20'),
(27, 574, 0, 'Bamba', '123456', '12345645', 'Kollupity', '2345678', '876543', '12/10/2017', '12.00', '2km', '12', '100', 0, '2017-11-28 11:44:21'),
(28, 638, 0, 'Park Lane', '6.90825751517611', '79.89779401578', 'Park Lane', '6.900996', '79.8548823', '27/11/2017', '01:44 PM', '6.4', '20 mins', '101.0', 0, '2017-11-28 11:44:22'),
(29, 638, 0, 'Park Lane', '6.90825751517611', '79.89779401578', 'Park Lane', '6.900996', '79.8548823', '27/11/2017', '01:44 PM', '6.4', '20 mins', '101.0', 0, '2017-11-28 11:44:24'),
(30, 574, 0, 'Bamba', '123456', '12345645', 'Kollupity', '2345678', '876543', '12/10/2017', '12.00', '2km', '12', '100', 0, '2017-11-28 11:57:23'),
(31, 638, 0, 'Park Lane', '6.9082498038252', '79.897823017165', 'Park Lane', '0.0', '0.0', '27/11/2017', '12:30 PM', '0.0', '', '0.0', 0, '2017-11-28 12:31:00'),
(32, 638, 0, 'Sri Jayawardenepura Mawatha', '6.90834924560058', '79.8981391797735', 'Sri Jayawardenepura Mawatha', '6.900996', '79.8548823', '28/11/2017', '01:54 PM', '6.3', '19 mins', '99.5', 0, '2017-11-28 13:55:13'),
(33, 638, 0, 'Park Lane', '6.90824747375522', '79.8978387631835', 'Park Lane', '6.90807528548549', '79.8990680649877', '28/11/2017', '02:28 PM', '0.7', '4 mins', '20.0', 0, '2017-11-28 14:28:11'),
(34, 589, 0, 'Park Lane', '6.9082799367671', '79.8977500946074', 'Park Lane', '0.0', '0.0', '28/11/2017', '03:04 PM', '0.0', '', '0.0', 0, '2017-11-28 15:04:58'),
(35, 589, 0, 'Park Lane', '6.90827482380616', '79.897770378813', 'Park Lane', '0.0', '0.0', '28/11/2017', '03:04 PM', '0.0', '', '0.0', 0, '2017-11-28 15:05:07'),
(36, 589, 0, 'Park Lane', '6.90823903307962', '79.8978114501386', 'Park Lane', '6.900996', '79.8548823', '30/11/2017', '03:45 PM', '6.4', '20 mins', '101.0', 0, '2017-11-28 15:45:12'),
(37, 642, 0, 'Park Lane', '6.90825085156309', '79.897783370763', 'Park Lane', '6.91008265226918', '79.8953907564282', '05/12/2017', '10:52 AM', '0.8', '4 mins', '20.0', 0, '2017-12-04 10:36:24'),
(38, 642, 0, '', '6.90823697951334', '79.8978379369526', '', '6.900996', '79.8548823', '13/12/2017', '10:00 AM', '6.4', '20 mins', '101.0', 0, '2017-12-12 11:57:29'),
(39, 645, 0, '', '6.90824371363065', '79.8978354021263', '', '6.90883017089339', '79.8956210911274', '12/12/2017', '02:13 PM', '0.4', '2 mins', '20.0', 0, '2017-12-14 14:11:37'),
(40, 645, 0, '', '6.90826778417446', '79.8977940697416', '', '6.90834788313291', '79.8987163603306', '12/12/2017', '03:56 PM', '0.7', '3 mins', '20.0', 0, '2017-12-15 15:56:20'),
(41, 645, 0, '', '6.90823452584347', '79.8978556250627', '', '6.90862314335736', '79.8983116820455', '13/12/2017', '03:26 PM', '0.6', '3 mins', '20.0', 0, '2017-12-13 15:26:45'),
(42, 645, 0, '', '6.90868356751775', '79.8976016797394', '', '6.9137515415433', '79.8893500864506', '13/12/2017', '03:41 PM', '1.3', '5 mins', '24.5', 0, '2017-12-13 15:42:01'),
(43, 574, 0, '', '123456', '12345645', '', '2345678', '876543', '12/10/2017', '12.00', '2km', '12', '100', 0, '2017-12-13 17:20:53'),
(44, 635, 0, '', '123456', '12345645', '', '2345678', '876543', '12/10/2017', '12.00', '2km', '12', '100', 0, '2017-12-14 11:54:28'),
(45, 635, 0, '', '123456', '12345645', '', '2345678', '876543', '12/10/2017', '12.00', '2km', '12', '100', 0, '2017-12-14 11:54:40'),
(46, 635, 0, '', '123456', '12345645', '', '2345678', '876543', '12/10/2017', '50.40', '2km', '12', '1170.11', 0, '2017-12-14 11:55:27'),
(47, 645, 0, '', '6.90824524040743', '79.8978385784858', '', '6.90824536779675', '79.8978386074305', '14/12/2017', '02:03 PM', '0.0', '', '0.0', 0, '2017-12-14 14:03:41'),
(48, 645, 0, '', '6.90824527122622', '79.897838812691', '', '6.90697657225137', '79.9009368941188', '14/12/2017', '02:11 PM', '2.5', '8 mins', '42.5', 0, '2017-12-14 14:11:45'),
(49, 638, 0, '', '6.90826137085157', '79.8978183232992', '', '6.90879921662127', '79.8952177539468', '17/12/2017', '02:35 PM', '0.5', '2 mins', '20.0', 0, '2017-12-14 14:35:28'),
(50, 638, 0, '', '6.90826137085157', '79.8978183232992', '', '6.90879921662127', '79.8952177539468', '17/12/2017', '02:35 PM', '0.5', '2 mins', '20.0', 0, '2017-12-14 14:35:36'),
(51, 638, 0, '', '6.90826137085157', '79.8978183232992', '', '6.91068243090804', '79.8932014033198', '20/12/2017', '03:00 PM', '0.8', '4 mins', '20.0', 0, '2017-12-14 14:36:24'),
(52, 638, 0, '', '6.90826137085157', '79.8978183232992', '', '6.91297003689837', '79.8871657624841', '15/12/2017', '02:38 PM', '1.8', '6 mins', '32.0', 0, '2017-12-14 14:38:24'),
(53, 638, 0, '', '6.90826137085157', '79.8978183232992', '', '0.0', '0.0', '14/12/2017', '02:39 PM', '0.0', '', '0.0', 0, '2017-12-14 14:39:24'),
(54, 638, 0, '', '6.90829271916943', '79.8978372664004', '', '6.90921926259286', '79.8987653106451', '14/12/2017', '11:35 PM', '0.5', '3 mins', '20.0', 0, '2017-12-14 15:36:12'),
(55, 574, 0, '', '123456', '12345645', '', '2345678', '876543', '12/10/2017', '12.00', '2km', '12', '100', 0, '2017-12-14 15:37:32'),
(56, 574, 0, '', '123456', '12345645', '', '2345678', '876543', '12/10/2017', '12.00', '2km', '12', '100', 0, '2017-12-14 15:37:43'),
(57, 574, 0, 'Bamba', '123456', '12345645', 'Kollupity', '2345678', '876543', '12/10/2017', '12.00', '2km', '12', '100', 0, '2017-12-14 15:38:54'),
(58, 574, 0, '', '123456', '12345645', '', '2345678', '876543', '12/10/2017', '12.00', '2km', '12', '100', 0, '2017-12-14 15:39:09'),
(59, 574, 0, 'Bamba', '123456', '12345645', 'Kollupity', '2345678', '876543', '12/10/2017', '12.00', '2km', '12', '100', 0, '2017-12-14 15:39:22'),
(60, 574, 0, '', '123456', '12345645', '', '2345678', '876543', '12/10/2017', '12.00', '2km', '12', '100', 0, '2017-12-14 19:22:58'),
(61, 574, 0, 'BambaTest', '123456', '12345645', 'KollupityTest', '2345678', '876543', '12/10/2017', '12.00', '2km', '12', '100', 0, '2017-12-14 19:29:04'),
(62, 638, 0, 'Park Lane', '6.90816221293705', '79.8977838736772', '', '0.0', '0.0', '14/12/2017', '12:16 PM', '0.0', '', '0.0', 0, '2017-12-15 11:25:17'),
(63, 638, 0, 'Park Lane', '6.9081932678883', '79.8978132103383', '', '0.0', '0.0', '14/12/2017', '11:31 AM', '0.0', '', '0.0', 0, '2017-12-15 11:41:35'),
(64, 638, 0, 'Park Lane', '6.9081932678883', '79.8978132103383', '', '0.0', '0.0', '14/12/2017', '11:31 AM', '0.0', '', '0.0', 0, '2017-12-15 11:41:38'),
(65, 574, 0, '', '123456', '12345645', '', '2345678', '876543', '12/10/2017', '12.00', '2km', '12', '100', 0, '2017-12-15 15:51:59'),
(66, 638, 0, 'Park Lane', '6.90824469086426', '79.8978313990681', '', '0.0', '0.0', '15/12/2017', '04:59 PM', '0.0', '', '0.0', 0, '2017-12-15 15:59:40'),
(67, 635, 0, '', '6.9082217', '79.8977833', '', '0.0', '0.0', '15/12/2017', '05:00 pm', '0.0 km', '0 min', 'LKR 0.0', 0, '2017-12-15 16:00:35'),
(68, 635, 0, '', '6.9082217', '79.8977833', '', '0.0', '0.0', '15/12/2017', '05:00 pm', '0.0 km', '0 min', 'LKR 0.0', 0, '2017-12-15 16:01:30'),
(69, 635, 0, '', '6.9082217', '79.8977833', '', '6.9025081348199695', '79.88075092434882', '15/12/2017', '05:00 pm', '3.8 km', '12 mins', 'LKR 62.00', 0, '2017-12-15 16:02:39'),
(70, 638, 0, 'Park Lane', '6.9082413815159', '79.897832718756', '', '0.0', '0.0', '15/12/2017', '04:59 PM', '0.0', '', '0.0', 0, '2017-12-15 16:05:28'),
(71, 635, 0, '', '123456', '12345645', '', '2345678', '876543', '12/10/2017', '12.00', '2km', '12', '100', 0, '2017-12-15 16:13:19'),
(72, 635, 0, 'Bamba', '123456', '12345645', 'Kollupity', '2345678', '876543', '12/10/2017', '12.00', '2km', '12', '100', 0, '2017-12-15 16:14:33'),
(73, 635, 0, '', '123456', '12345645', '', '2345678', '876543', '12/10/2017', '12.00', '2km', '12', '100', 0, '2017-12-15 16:15:22'),
(74, 635, 0, '', '123456', '12345645', '', '2345678', '876543', '30/12/2017', '12.00', '2km', '12', '100', 0, '2017-12-15 16:15:32'),
(75, 635, 0, '', '6.9082183', '79.8977117', '', '6.921581161515404', '79.90531627088785', '23/12/2017', '05:16 pm', '2.6 km', '9 mins', 'LKR 44.00', 0, '2017-12-15 16:16:45'),
(76, 635, 0, '', '6.9082269', '79.8978196', '', '0.0', '0.0', '15/12/2017', '05:17 pm', '0.0 km', '0 min', 'LKR 0.0', 0, '2017-12-15 16:17:06'),
(77, 635, 0, '', '6.9082266', '79.8978202', '', '0.0', '0.0', '15/12/2017', '05:17 pm', '0.0 km', '0 min', 'LKR 0.0', 0, '2017-12-15 16:17:13'),
(78, 635, 0, '', '6.9082269', '79.8978197', '', '6.905734733651237', '79.8894526809454', '22/12/2017', '05:18 pm', '1.3 km', '5 mins', 'LKR 24.50', 0, '2017-12-15 16:19:29'),
(79, 635, 0, '', '6.9082272', '79.8978191', '', '6.919473327691664', '79.89649079740047', '15/12/2017', '05:21 pm', '1.7 km', '6 mins', 'LKR 30.50', 0, '2017-12-15 16:22:26'),
(80, 635, 0, '', '123456', '12345645', '', '2345678', '876543', '30/12/2017', '12.00', '2km', '12', '100', 0, '2017-12-15 16:22:57'),
(81, 574, 0, 'BambaTest', '123456', '12345645', 'KollupityTest', '2345678', '876543', '12/10/2017', '12.00', '2km', '12', '100', 0, '2017-12-15 16:23:58'),
(82, 635, 0, 'Cotta Road', '6.9093703725420905', '79.89595703780651', '52 School Ave, Dehiwala-Mount Lavinia', '6.849875261996775', '79.86341144889592', '15/12/2017', '05:25 pm', '10.4 km', '35 mins', 'LKR 161.00', 0, '2017-12-15 16:25:45'),
(83, 635, 0, 'Park Lane', '6.9082271', '79.8978188', '', '0.0', '0.0', '15/12/2017', '06:36 PM', '0.0 km', '0 min', 'LKR 0.0', 0, '2017-12-15 17:36:37'),
(84, 635, 0, 'Park Lane', '6.9082267', '79.89782', '', '0.0', '0.0', '15/12/2017', '09:48 pm', '0.0 km', '0 min', 'LKR 0.0', 0, '2017-12-15 17:48:36'),
(85, 635, 0, 'Park Lane', '6.908227', '79.8978197', 'Keppetipola Mawatha', '6.9290272346093635', '79.89051584154367', '15/12/2017', '08:39 pm', '3.3 km', '9 mins', 'LKR 54.50', 0, '2017-12-15 17:58:32'),
(86, 635, 0, 'Olcott Mawatha', '6.934688594472274', '79.84898384660482', 'Ekala - Kotadeniyawa Road', '7.210928790036515', '80.0103747099638', '22/12/2017', '07:37 PM', '49.6 km', '1 hour 8 mins', 'LKR 749.00', 0, '2017-12-15 18:38:01'),
(87, 638, 0, 'Park Lane', '6.90823790152269', '79.8978111148625', '24/213 2nd Lane', '6.91416392784305', '79.8895069956779', '15/12/2017', '07:37 PM', '1.6', '6 mins', '29.0', 0, '2017-12-15 18:42:12'),
(88, 638, 0, 'Park Lane', '6.90823790152269', '79.8978111148625', '24/213 2nd Lane', '6.91416392784305', '79.8895069956779', '15/12/2017', '07:37 PM', '1.6', '6 mins', '29.0', 0, '2017-12-15 18:42:14'),
(89, 635, 0, 'Park Lane', '6.9082267', '79.8978183', '1586 Borella - Rajagiriya Rd, Sri Jayawardenepura Kotte', '6.9104095017660665', '79.89392392337322', '10/01/2018', '10:40 am', '0.7 km', '4 mins', 'LKR 20.00', 0, '2017-12-15 18:46:42'),
(90, 635, 0, '29-31 Maitland Cres, Colombo 00700', '6.9084471', '79.8654234', 'College Avenue', '6.838115999999999', '79.86320320000002', '26/12/2017', '12:30 PM', '8.9 km', '30 mins', 'LKR 138.50', 0, '2017-12-18 09:47:22'),
(91, 635, 0, 'Park Lane', '6.9082617', '79.8978583', 'Sarasavi Road', '6.901499610144406', '79.89298716187477', '19/12/2017', '06:55 pm', '1.2 km', '5 mins', 'LKR 23.00', 0, '2017-12-19 17:55:02'),
(92, 635, 0, 'Evergreen Park Road', '6.894755799999999', '79.8802582', '165 Park Rd, Colombo 00500', '6.887019', '79.8720902', '20/12/2017', '06:30 pm', '1.6 km', '7 mins', 'LKR 29.00', 0, '2017-12-20 10:27:51'),
(93, 635, 0, 'Gothatuwa', '6.9239183', '79.9038983', 'York Street', '6.9365199', '79.84508', '28/12/2017', '05:25 PM', '9.9 km', '34 mins', 'LKR 153.50', 0, '2017-12-20 16:26:25'),
(94, 635, 0, 'Gothatuwa', '6.9239183', '79.90831', 'Bo Gaha Junction Road', '6.924728083646318', '79.91172038018703', '28/12/2017', '08:41 PM', '1.5 km', '6 mins', 'LKR 27.50', 0, '2017-12-20 19:41:45'),
(95, 635, 0, 'Elhena Road', '6.922185918037215', '79.90871429443361', 'Jayamanna Mawatha Road', '6.971309722926222', '79.92618720978498', '28/12/2017', '01:10 PM', '8.5 km', '26 mins', 'LKR 132.50', 0, '2017-12-21 12:10:48'),
(96, 635, 0, 'Gothatuwa', '6.9239183', '79.9082983', 'Malpura', '6.925606755141128', '79.92151781916617', '21/12/2017', '01:23 PM', '3.0 km', '10 mins', 'LKR 50.00', 0, '2017-12-21 12:24:10'),
(97, 635, 0, 'Gothatuwa', '6.9239183', '79.9082983', 'Nivasie Pura', '7.1256392329047005', '79.90809101611376', '04/01/2018', '01:37 PM', '31.3 km', '54 mins', 'LKR 474.50', 0, '2017-12-21 12:38:43'),
(98, 635, 0, 'Gothatuwa', '6.9239183', '79.9082983', 'Ginigathhena', '6.987221164142296', '80.474763661623', '28/12/2017', '01:53 PM', '106 km', '2 hours 57 mins', 'LKR 1595.00', 0, '2017-12-21 12:54:10'),
(99, 635, 0, 'Gothatuwa', '6.9239183', '79.9082983', '509 Bauddhaloka Mawatha', '6.9121796', '79.8828828', '21/12/2017', '02:05 PM', '5.7 km', '19 mins', 'LKR 90.50', 0, '2017-12-21 13:05:52'),
(100, 635, 0, 'Gothatuwa', '6.9239183', '79.9082983', 'Kajugahawatta', '6.9239902', '79.912582', '29/12/2017', '02:39 PM', '1.4 km', '6 mins', 'LKR 26.00', 0, '2017-12-21 13:39:48'),
(101, 635, 0, 'Gothatuwa', '6.92393', '79.9081983', '33 B462', '7.411729200000001', '80.6444843', '28/12/2017', '02:51 PM', '163 km', '3 hours 59 mins', 'LKR 2450.00', 0, '2017-12-21 13:51:48'),
(102, 635, 0, 'Park Lane', '6.90823', '79.8978883', '', '0.0', '0.0', '21/12/2017', '05:59 pm', '0.0 km', '0 min', 'LKR 0.0', 0, '2017-12-21 16:59:18'),
(103, 635, 0, 'Park Lane', '6.90823', '79.8978883', '159 Madinnagoda Road, Kolonnawa', '6.919674692295878', '79.90542188286781', '21/12/2017', '06:01 pm', '2.8 km', '10 mins', 'LKR 47.00', 0, '2017-12-21 17:01:34'),
(104, 635, 0, 'Park Lane', '6.9082517', '79.897865', '199 Jumma Masjid Rd, Colombo 01000', '6.935569909982927', '79.87188890576363', '28/12/2017', '09:45 pm', '6.5 km', '21 mins', 'LKR 102.50', 0, '2017-12-21 17:04:16'),
(105, 638, 0, 'Park Lane', '6.90825198312002', '79.8977390304952', 'Borella - Rajagiriya Road', '6.91080824453263', '79.8891573026776', '01/01/2018', '12:31 PM', '1.2', '4 mins', '23.0', 0, '2018-01-02 12:31:43'),
(106, 638, 0, 'Park Lane', '6.90829556901651', '79.89783642821', '', '0.0', '0.0', '01/01/2018', '01:32 PM', '0.0', '', '0.0', 0, '2018-01-02 12:33:02'),
(107, 638, 0, 'Park Lane', '6.90823577250654', '79.8978324003591', 'Battaramulla', '6.8979941', '79.9222869', '02/01/2018', '05:19 PM', '3.8', '13 mins', '62.0', 0, '2018-01-02 16:20:22'),
(108, 638, 0, 'Park Lane', '6.9082357332962', '79.8978326401877', 'Weera Mawatha', '6.90533332385412', '79.9174080044031', '02/01/2018', '04:47 PM', '3.3', '11 mins', '54.5', 0, '2018-01-02 16:47:41'),
(109, 638, 0, 'Park Lane', '6.90823554559392', '79.8978336454789', 'Daniel Place', '6.91832038886627', '79.9016181752086', '02/01/2018', '04:50 PM', '2.1', '7 mins', '36.5', 0, '2018-01-02 16:50:25'),
(110, 638, 0, 'Park Lane', '6.90824368503588', '79.8978091870247', '10/10-a Serpentine Road', '6.9194317234239', '79.8851071670651', '02/01/2018', '06:32 PM', '2.8', '9 mins', '47.0', 0, '2018-01-02 17:32:37'),
(111, 635, 0, '50 Dudley Senanayake Mawatha, Colombo 00800', '6.9114382', '79.8810354', '', '0.0', '0.0', '31/01/2018', '08:07 PM', '0.0 km', '0 min', 'LKR 0.0', 0, '2018-01-04 19:07:33'),
(112, 635, 0, 'Park Lane', '6.9082083', '79.8978217', '11 Bagatalle Rd, Colombo 00300', '6.900996', '79.8548823', '29/01/2018', '12:17 pm', '6.4 km', '20 mins', 'LKR 101.00', 0, '2018-01-05 11:18:14'),
(113, 635, 0, 'Bambalapitiya Drive', '6.8868529', '79.8580371', '369 Ambepussa - Kurunegala - Trincomalee Hwy, Kurunegala', '7.472981299999999', '80.3547286', '02/02/2018', '12:03 PM', '107 km', '2 hours 37 mins', 'LKR 1610.00', 0, '2018-01-06 11:03:53'),
(114, 635, 0, 'Park Lane', '6.9082269', '79.8978154', 'Gramodaya Road', '6.912143264819449', '79.88891992717981', '08/01/2018', '11:29 am', '1.3 km', '5 mins', 'LKR 24.50', 0, '2018-01-08 10:29:02'),
(115, 635, 0, 'Park Lane', '6.9090033', '79.9062817', 'Rajagiriya, Park Lane, Sri Jayawardenepura Kotte, Sri Lanka', '6.9073673', '79.8968697', '08/01/2018', '12:31 am', '1.5 km', '6 mins', 'LKR 27.50', 0, '2018-01-08 10:31:36'),
(116, 635, 0, 'Park Lane', '6.9082267', '79.8978162', 'Park Lane', '6.90812687601689', '79.89785972982645', '08/01/2018', '11:32 am', '10 m', '1 min', 'LKR 20.00', 0, '2018-01-08 10:32:04'),
(117, 635, 0, 'Gramodaya Road', '6.912311348632169', '79.88877542316914', 'Park Lane', '6.908198437067272', '79.89788185805084', '08/01/2018', '11:43 am', '1.5 km', '7 mins', 'LKR 27.50', 0, '2018-01-08 10:43:16'),
(118, 635, 0, 'Castle Street', '6.9088481443408', '79.89576492458582', 'Samudradevi Reception Hall', '6.909041858119482', '79.89852827042341', '09/01/2018', '06:44 am', '0.6 km', '3 mins', 'LKR 20.00', 0, '2018-01-08 10:44:26'),
(119, 635, 0, 'Sri Jayawardenepura Mawatha', '6.908227061484387', '79.89861644804478', 'Sri Jayawardenepura Mawatha', '6.908617485047228', '79.89802602678537', '08/01/2018', '11:45 am', '78 m', '1 min', 'LKR 20.00', 0, '2018-01-08 10:44:55'),
(120, 635, 0, '24 Gothami Rd, Colombo 00800', '6.912097998673521', '79.88676443696022', 'Sri Jayawardenepura Mawatha', '6.90861815073077', '79.89827044308186', '10/01/2018', '12:45 am', '1.6 km', '5 mins', 'LKR 29.00', 0, '2018-01-08 10:45:40'),
(121, 647, 0, 'Park Lane', '6.9082261', '79.8978192', '', '0.0', '0.0', '08/01/2018', '02:52 pm', '0.0', '0', '0.0', 0, '2018-01-08 13:51:53'),
(122, 647, 0, 'Park Lane', '6.9082258', '79.8978196', 'Battaramulla, Western Province, Sri Lanka', '6.8979941', '79.9222869', '08/01/2018', '03:56 pm', '3.8 km', '13 mins', 'LKR 62.00', 0, '2018-01-08 13:55:42'),
(123, 638, 0, 'Park Lane', '6.90823928453672', '79.8978225142508', '73 Kuruppu Road', '6.91675506354802', '79.8853502422571', '11/01/2018', '01:56 PM', '2.5', '9 mins', '42.5', 0, '2018-01-08 13:56:43'),
(124, 647, 0, 'Park Lane', '6.9082262', '79.8978191', 'Esala Kreedapitiya Road', '6.915768536484996', '79.89162024110556', '08/01/2018', '02:57 pm', '1.7 km', '6 mins', 'LKR 30.50', 0, '2018-01-08 13:57:05'),
(125, 638, 0, 'Park Lane', '6.90823928453672', '79.8978225142508', '73 Kuruppu Road', '6.91675506354802', '79.8853502422571', '11/01/2018', '01:57 PM', '2.5', '9 mins', '42.5', 0, '2018-01-08 13:57:51'),
(126, 638, 0, 'Park Lane', '6.90823928453672', '79.8978225142508', '73 Kuruppu Road', '6.91675506354802', '79.8853502422571', '11/01/2018', '04:57 AM', '2.5', '9 mins', '42.5', 0, '2018-01-08 13:58:03'),
(127, 638, 0, 'Park Lane', '6.90823928453672', '79.8978225142508', 'd/2/34 Wanathamulla Road', '6.9187177936177', '79.8834069818258', '10/01/2018', '02:58 PM', '2.7', '9 mins', '45.5', 0, '2018-01-08 13:58:28'),
(128, 635, 0, 'Park Lane', '6.9082262', '79.897818', '', '0.0', '0.0', '25/01/2018', '03:50 pm', '0.0', '0', '0.0', 0, '2018-01-08 14:50:20'),
(129, 635, 0, 'Sri Jayawardenepura Mawatha', '6.909156022731931', '79.8974446579814', '', '0.0', '0.0', '15/01/2018', '03:55 pm', '0.0', '0', '0.0', 0, '2018-01-08 14:57:13'),
(130, 635, 0, 'Park Lane', '6.908226', '79.8978182', '', '0.0', '0.0', '11/01/2018', '04:05 pm', '0.0', '0', '0.0', 0, '2018-01-08 15:05:28'),
(131, 635, 0, 'Park Lane', '6.9082258', '79.8978183', 'The Independence Square ?????? ?????????, Colombo, Sri Lanka', '6.904363', '79.86749209999999', '04/02/2018', '04:14 pm', '4.9 km', '15 mins', 'LKR 78.50', 0, '2018-01-08 15:14:43'),
(132, 635, 0, 'Sri Jayawardenepura Mawatha', '6.9083828', '79.8988041', '48 Hendala Rd, Wattala', '6.99443557906124', '79.8749191313982', '23/01/2018', '05:19 PM', '15.5 km', '44 mins', 'LKR .00', 0, '2018-01-08 16:19:34'),
(133, 635, 0, 'Park Lane', '6.9082333', '79.8978217', '59 Buthgamuwa Rd, Kotikawatta', '6.913591779199693', '79.90917965769768', '25/01/2018', '06:30 pm', '2.0 km', '7 mins', 'LKR 60.00', 0, '2018-01-08 17:53:52'),
(134, 635, 0, 'Park Lane', '6.90822402947294', '79.8978339136391', 'The Independence Square ?????? ?????????', '6.904363', '79.8674921', '08/01/2018', '07:24 PM', '4.9', '15 mins', '118.0', 0, '2018-01-08 18:24:52'),
(135, 635, 0, 'Park Lane', '6.9082258', '79.8978197', 'Dandagamuwa Road', '7.451219998770916', '80.01380357891321', '09/01/2018', '01:05 pm', '82.5 km', '1 hour 51 mins', 'LKR 1242.50', 0, '2018-01-09 10:05:12'),
(136, 635, 0, 'Park Lane', '6.9082233', '79.89783', '', '0.0', '0.0', '09/01/2018', '11:09 pm', '0.0', '0', '0.0', 0, '2018-01-09 10:08:56'),
(137, 635, 0, 'Park Lane', '6.9082273', '79.8977476', 'Hambantota-Gonnoruwa-Meegahajandura Road', '6.148544181224003', '81.12718619406223', '09/01/2018', '11:21 AM', '229 km', '3 hours 59 mins', 'LKR 3440.00', 0, '2018-01-09 10:16:56'),
(138, 635, 0, 'Park Lane', '6.9082183', '79.8978233', 'Buthgamuwa Road', '6.9098343530095185', '79.90171708166599', '09/01/2018', '11:44 am', '0.9 km', '4 mins', 'LKR 20.00', 0, '2018-01-09 10:44:25'),
(139, 638, 0, 'Park Lane', '6.908227', '79.8978156', 'Obeysekarapura Road', '6.913159089247854', '79.89027377218008', '12/01/2018', '08:17 am', '1.3 km', '5 mins', 'LKR 24.50', 0, '2018-01-10 10:17:05'),
(140, 638, 0, 'Park Lane', '6.9082261', '79.8978191', 'Castle Street', '6.908571220038293', '79.89157665520906', '10/01/2018', '11:44 am', '0.9 km', '3 mins', 'LKR 20.00', 0, '2018-01-10 10:44:29'),
(141, 638, 0, 'Park Lane', '6.9082262', '79.897819', 'Battaramulla, Western Province, Sri Lanka', '6.8979941', '79.9222869', '10/01/2018', '12:01 pm', '3.8 km', '13 mins', 'LKR 62.00', 0, '2018-01-10 11:01:46'),
(142, 638, 0, 'Park Lane', '6.9082262', '79.897819', 'Battaramulla, Western Province, Sri Lanka', '6.8979941', '79.9222869', '10/01/2018', '11:00 pm', '3.8 km', '13 mins', 'LKR 62.00', 0, '2018-01-10 11:02:38'),
(143, 638, 0, 'Park Lane', '6.9082262', '79.897819', '', '0.0', '0.0', '10/01/2018', '11:10 pm', '0.0', '0', '0.0', 0, '2018-01-10 11:02:56'),
(144, 635, 0, 'Park Lane', '6.90831141081351', '79.8978663516044', 'Bambalapitiya Police Station', '6.8920868', '79.8558189', '11/01/2018', '03:43 PM', '6.1', '19 mins', '142.0', 0, '2018-01-11 14:43:59'),
(145, 638, 0, 'Park Lane', '6.9082289', '79.8978225', '', '0.0', '0.0', '11/01/2018', '03:52 pm', '0.0', '0', '0.0', 0, '2018-01-11 14:52:21'),
(146, 638, 0, 'Park Lane', '6.9082267', '79.8978189', '', '0.0', '0.0', '11/01/2018', '06:31 pm', '0.0', '0', '0.0', 0, '2018-01-11 17:30:39'),
(147, 638, 0, 'Keragala-Putupagala Road', '7.001487487888932', '80.0603100657463', '', '0.0', '0.0', '11/01/2018', '06:34 pm', '0.0', '0', '0.0', 0, '2018-01-11 17:34:24'),
(148, 638, 0, 'Park Lane', '6.9082267', '79.8978189', '', '0.0', '0.0', '11/01/2018', '06:35 pm', '0.0', '0', '0.0', 0, '2018-01-11 17:34:55');

-- --------------------------------------------------------

--
-- Table structure for table `sub_document`
--

CREATE TABLE `sub_document` (
  `subID` int(11) NOT NULL,
  `docID` int(11) NOT NULL,
  `subDocument` varchar(200) DEFAULT NULL,
  `subDescription` varchar(200) DEFAULT NULL,
  `subAdded` date NOT NULL
) ENGINE=InnoDB DEFAULT CHARSET=utf8;

--
-- Dumping data for table `sub_document`
--

INSERT INTO `sub_document` (`subID`, `docID`, `subDocument`, `subDescription`, `subAdded`) VALUES
(1, 1, 'NIC Front', 'Please Upload NIC Front', '2017-10-24'),
(2, 1, 'NIC Back', 'Please Upload NIC Back', '2017-10-24'),
(3, 2, 'Driving License Front', 'Driving License Front', '2017-10-24'),
(4, 2, 'Driving License Back', 'Driving License Front', '2017-10-24'),
(5, 3, 'Bank Pass Book Front', 'Bank Pass Book Front', '2017-10-17'),
(6, 4, 'Revenue License Front', 'Revenue License Front', '2017-10-24'),
(7, 5, 'Vehicle Insurance Front', 'Vehicle Insurance Front', '2017-10-24');

-- --------------------------------------------------------

--
-- Table structure for table `token`
--

CREATE TABLE `token` (
  `tID` int(11) NOT NULL,
  `uID` int(11) NOT NULL,
  `tDeviceToken` varchar(200) DEFAULT NULL,
  `tAuthToken` varchar(100) DEFAULT NULL,
  `tDeviceID` varchar(255) NOT NULL,
  `rID` int(11) NOT NULL
) ENGINE=InnoDB DEFAULT CHARSET=utf8;

--
-- Dumping data for table `token`
--

INSERT INTO `token` (`tID`, `uID`, `tDeviceToken`, `tAuthToken`, `tDeviceID`, `rID`) VALUES
(11, 545, '1234567dsd', 'auth_2573556545', '12233cwew', 0),
(21, 555, '1234567a', 'auth_2915921555', '12233ss', 0),
(22, 556, '23161FC1-39C7-4661-B851-F004A4F27EDB', '0', '', 0),
(23, 556, '1234567a', 'auth_5578989556', '12233ss', 0),
(24, 557, '1234567a', 'auth_5089027557', '12233ss', 0),
(25, 558, '1234567a', 'auth_7779118558', '12233ss', 0),
(26, 559, '1234567a', 'auth_6404334559', '12233ss', 0),
(27, 560, '1234567a', 'auth_9039485560', '12233ss', 0),
(28, 561, '1234567a', 'auth_3626659561', '12233ss', 0),
(29, 562, '1234567a', 'auth_4507167562', '12233ss', 0),
(30, 562, '23161FC1-39C7-4661-B851-F004A4F27EDB', '0', '', 0),
(31, 563, '1234567a', 'auth_5903615563', '12233ss', 0),
(32, 555, '23161FC1-39C7-4661-B851-F004A4F27EDB', 'auth_7020087555', '', 0),
(33, 555, '4B314806-2AEC-450D-89A5-9ACDCBC1C5AE', 'auth_5028445555', '', 0),
(34, 555, '3F3A4A71-B65B-47DB-A123-62CC9AF4BD2C', 'auth_5954348555', '', 0),
(35, 566, '1234567a', 'auth_6205339566', '12233ss', 0),
(36, 555, '0B3AF28E-3FF4-4A8B-A1B8-58034877FD60', 'auth_451356236', '', 0),
(37, 567, '0B3AF28E-3FF4-4A8B-A1B8-58034877FD60', '0', '', 0),
(38, 567, '1234567a', 'auth_7313912567', '12233ss', 0),
(39, 568, '1234567a', 'auth_4357877568', '12233ss', 0),
(40, 569, '1234567a', 'auth_9697781569', '12233ss', 0),
(41, 570, '1234567a', 'auth_6820972570', '12233ss', 0),
(42, 571, '1234567a', 'auth_5822115571', '12233ss', 0),
(43, 572, '1234567a', 'auth_9260283572', '12233ss', 0),
(44, 573, '1234567a', 'auth_9403876573', '12233ss', 0),
(45, 574, '1234567a', 'auth_6902295574', '12233ss', 0),
(46, 575, '1234567a', 'auth_9324815575', '12233ss', 0),
(47, 576, '1234567a', 'auth_4769938576', '12233ss', 0),
(48, 577, '1234567a', 'auth_6299428577', '12233ss', 0),
(49, 578, '1234567a', 'auth_8076854578', '12233ss', 0),
(50, 579, '1234567a', 'auth_2498572579', '12233ss', 0),
(51, 580, '1234567a', 'auth_9619635580', '12233ss', 0),
(52, 581, '1234567a', 'auth_3745287581', '12233ss', 0),
(53, 582, 'BD05DC93-8D5D-48B1-A941-2E3F5BE6B86F', 'auth_7416215582', '', 0),
(54, 583, '1234567a', 'auth_5487253583', '12233ss', 0),
(55, 584, '1234567a', 'auth_3412984584', '12233ss', 0),
(56, 585, '1234567a', 'auth_4365953585', '12233ss', 0),
(57, 586, '1234567a', 'auth_9037951586', '12233ss', 0),
(58, 587, '1234567a', 'auth_6451988587', '12233ss', 0),
(59, 588, '1234567a', 'auth_2133313588', '12233ss', 0),
(60, 589, '0B3AF28E-3FF4-4A8B-A1B8-58034877FD60', 'auth_6855233589', '', 0),
(61, 589, '1234567a', 'auth_7094262589', '12233ss', 0),
(62, 601, '1234567a', 'auth_2491255601', '12233ss', 0),
(63, 589, 'A6DD59AB-DC0A-468D-93BC-3ACF372167A5', '0', '', 0),
(64, 602, 'A6DD59AB-DC0A-468D-93BC-3ACF372167A5', 'auth_2612272602', '', 0),
(65, 589, 'F8196505-A471-4A42-B709-E1C102A7AE4B', 'auth_1364269589', '', 0),
(66, 603, 'F8196505-A471-4A42-B709-E1C102A7AE4B', '0', '', 0),
(67, 602, 'F8196505-A471-4A42-B709-E1C102A7AE4B', '0', '', 0),
(68, 0, '1234567adfb', 'auth_99770441', '12233ssbdf', 1),
(69, 0, 'F8196505-A471-4A42-B709-E1C102A7AE4B', 'auth_28340362', '', 2),
(70, 0, '1234567adfb', 'auth_72203593', '12233ssbdf', 3),
(71, 0, '1234567a', '0', '12233ss', 4),
(72, 0, '1234567a', '0', '12233ss', 5),
(73, 0, '1234567a', '0', '12233ss', 6),
(74, 0, 'F8196505-A471-4A42-B709-E1C102A7AE4B', 'auth_14086327', '', 7),
(75, 0, 'F8196505-A471-4A42-B709-E1C102A7AE4B', 'auth_66610698', '', 8),
(76, 0, 'F8196505-A471-4A42-B709-E1C102A7AE4B', 'auth_73620479', '', 9),
(77, 0, '1234567a', '0', '12233ss', 10),
(78, 0, 'F8196505-A471-4A42-B709-E1C102A7AE4B', 'auth_911088111', '', 11),
(79, 0, '1234567a', '0', '12233ss', 12),
(80, 0, '1234567a', '0', '12233ss', 13),
(81, 0, '1234567a', '0', '12233ss', 14),
(82, 0, '1234567a', '0', '12233ss', 15),
(83, 589, '0940A6DB-4E27-4ABE-9E59-C8FD0445B912', 'auth_5813027589', '', 0),
(84, 0, '1234567a', '0', '12233ss', 16),
(85, 0, '0940A6DB-4E27-4ABE-9E59-C8FD0445B912', 'auth_920494116', '', 16),
(86, 0, 'F8196505-A471-4A42-B709-E1C102A7AE4B', 'auth_243552616', '', 16),
(87, 0, '1234567a', '0', '12233ss', 17),
(88, 0, '1234567a', '0', '12233ss', 18),
(89, 0, '1234567a', '0', '12233ss', 19),
(90, 0, 'F8196505-A471-4A42-B709-E1C102A7AE4B', 'auth_422239520', '', 20),
(91, 0, '1234567a', '0', '12233ss', 21),
(92, 0, 'F8196505-A471-4A42-B709-E1C102A7AE4B', 'auth_418638222', '', 22),
(93, 0, '1234567a', '0', '12233ss', 23),
(94, 0, 'F8196505-A471-4A42-B709-E1C102A7AE4B', 'auth_308135224', '', 24),
(95, 0, '1234567a', '0', '12233ss', 24),
(96, 0, '976269F7-17E6-44FF-AFFB-4D085606BE60', 'auth_154885524', '', 24),
(97, 0, '21E39AD6-6C26-48F8-96CD-EDDBF5D600B6', 'auth_207236424', '', 24),
(98, 589, '47C2C1AB-7074-4213-A799-B4B82416F25E', '0', '', 0),
(99, 0, 'F8196505-A471-4A42-B709-E1C102A7AE4B', 'auth_484872625', '', 25),
(100, 604, '1234567a', 'auth_9666136604', '12233ss', 0),
(101, 605, '1234567a', 'auth_3201738605', '12233ss', 0),
(102, 606, '65411656dsad54as4da5d4sd6', 'auth_2393554606', '13243545', 0),
(103, 607, '65411656dsad54as4da5d4sd6', 'auth_2639085607', '13243545', 0),
(104, 608, '65411656dsad54as4da5d4sd6', 'auth_1703012608', '13243545', 0),
(105, 609, '65411656dsad54as4da5d4sd6', 'auth_5120929609', '13243545', 0),
(106, 0, '5B8065B5-F50E-4C9E-957F-CD39E027F839', 'auth_326395823', '', 23),
(107, 0, '02BF2F26-842E-4380-927F-85ABDE6781DC', 'auth_368301323', '', 23),
(108, 610, '65411656dsad54as4da5d4sd6', 'auth_3915656610', '13243545', 0),
(109, 611, '65411656dsad54as4da5d4sd6', 'auth_6355169611', '13243545', 0),
(110, 612, '65411656dsad54as4da5d4sd6', 'auth_9901772612', '13243545', 0),
(111, 613, '65411656dsad54as4da5d4sd6', 'auth_3359184613', '13243545', 0),
(112, 614, '65411656dsad54as4da5d4sd6', 'auth_7306741614', '13243545', 0),
(113, 615, '65411656dsad54as4da5d4sd6', 'auth_3512947615', '13243545', 0),
(114, 589, '3584E60C-F9BF-41E7-914B-AD75247B80C7', 'auth_7497936589', '', 0),
(115, 0, '47C2C1AB-7074-4213-A799-B4B82416F25E', 'auth_935514623', '', 23),
(116, 616, '59a75e7c470553c3', '0', '13243545', 0),
(117, 617, '1234567a', 'auth_4703437617', '12233ss', 0),
(118, 618, '1234567a', 'auth_4530743618', '12233ss', 0),
(119, 619, '1234567a', 'auth_7976033619', '12233ss', 0),
(120, 620, '59a75e7c470553c3', '0', 'chUqRWT2Vzs:APA91bHDN20oqSzdZqdIKyWMtNtY7gXmEfTChbT7rbYatR98M3w61BTDQireTdvb6_9w72SBhVaCecPhOLixUpVkRkHDKptfgwrZtlzJHzg9K5UOOW12J2MUvRAtuy0Y6YBSXuGn2-mc', 0),
(121, 621, '59a75e7c470553c3', '0', '13243545', 0),
(122, 622, '1234567a', 'auth_2366892622', '12233ss', 0),
(123, 623, '59a75e7c470553c3', '0', '13243545', 0),
(124, 624, '3ee35ba0be11a91b', '0', '13243545', 0),
(125, 625, '3ee35ba0be11a91b', '0', 'ePmViLvuJdw:APA91bH4dtzg6msLzwiE8NkyiXO76iUe6SMKeI65KHhfgU1x8MvJJhAJPCk5RP7cpZOPmjwiaB6sAEr9el7nKsECKvdDJpR11LUBubBO_J-LDKD5z2k_cdm4z_youct4cYJ6u5X-6zfO', 0),
(126, 626, '3ee35ba0be11a91b', '0', 'en5RlRxPZkk:APA91bGQZY52NCLCK8X9rup3Lrx2YwiQKy6XfRJrUtU8y0gL73EHKctfx71edU-U0efvuWC0eCqAMvVIMrVyUrl2xisjZlb5Gb1MQHc_ELwU3pBfMSdRkNxhHW3A0oA1gbcP6gXFM_9V', 0),
(127, 627, '59a75e7c470553c3', '0', 'e_MrpDnI64o:APA91bEXejQL4aO_rymiTTsqSHaYe8pL7M5wDbZIj9iJTGgl--A78GyA13gkdvL_6Zjk20QNxViIxF6bdY-f8_VJEG3gCbbhKuOY241vd6HPsAEaa2OriscK7mkdHfV98z-B6hD_P_GO', 0),
(128, 620, '3ee35ba0be11a91b', '0', 'cP2OTNjqaOY:APA91bFiuBQTRPnBA54FUGQ0SxmFmRwjU5SubwC_57J-9gwaWe1BImjyHw3HuYOI5co2g-AiIDGLh_886_XnUfPbxVWCYp-8s-OJce-1UtkBY4W7ZreUo76_7ITpMKpQsChNpXU20tZx', 0),
(129, 628, '1234567a', 'auth_1943856628', '12233ss', 0),
(130, 0, '543EA012-1F8C-450A-AFCA-65BFE5179ED4', 'auth_815676424', '', 24),
(131, 629, '543EA012-1F8C-450A-AFCA-65BFE5179ED4', 'auth_8863334629', '', 0),
(132, 630, '59a75e7c470553c3', '0', 'enQ8j6Ku7Fc:APA91bG_v_51kNxr_ymuc6avTEfZck_wBrEBHv_Lgl5q4qxZ-bUErrdHiks3ALXG8TtDJ_gb2-ndzpJXPXOZcHlnIdWT1jv5SHIfUCUeD2NeT7I6yNx6dfkIpq0ocnVhFnMzlA4hH8VC', 0),
(133, 631, '3ee35ba0be11a91b', '0', 'dgAQ6HU_1JA:APA91bElPtKkZ3WT7qsHustWyJT4IhsDBzTQW3jaNMrHldeykgYkKDUEGwRmdceLGl1p8A0BYNODzWqsytPiG5uwSyBLGhdIiIDYv4pQYs0RlbstQ0HashLQQWMIcyhyYzu0fHCdWUgx', 0),
(134, 632, '59a75e7c470553c3', '0', 'enQ8j6Ku7Fc:APA91bG_v_51kNxr_ymuc6avTEfZck_wBrEBHv_Lgl5q4qxZ-bUErrdHiks3ALXG8TtDJ_gb2-ndzpJXPXOZcHlnIdWT1jv5SHIfUCUeD2NeT7I6yNx6dfkIpq0ocnVhFnMzlA4hH8VC', 0),
(135, 633, '3ee35ba0be11a91b', '0', 'dgAQ6HU_1JA:APA91bElPtKkZ3WT7qsHustWyJT4IhsDBzTQW3jaNMrHldeykgYkKDUEGwRmdceLGl1p8A0BYNODzWqsytPiG5uwSyBLGhdIiIDYv4pQYs0RlbstQ0HashLQQWMIcyhyYzu0fHCdWUgx', 0),
(136, 633, '59a75e7c470553c3', '0', 'chUqRWT2Vzs:APA91bHDN20oqSzdZqdIKyWMtNtY7gXmEfTChbT7rbYatR98M3w61BTDQireTdvb6_9w72SBhVaCecPhOLixUpVkRkHDKptfgwrZtlzJHzg9K5UOOW12J2MUvRAtuy0Y6YBSXuGn2-mc', 0),
(137, 634, '59a75e7c470553c3', '0', 'cjTJukfG8Tw:APA91bGJPoMCecs2mbzAylI0sZLsT96SkXzXksl6Df4SfdTogvGbOrTtJBtsIX9gqMJanUlAFII83pK-navLKfd__k4JmS9ngkx8Fwj91FqzZ6meB_7IWj1pDSbnGAeFi-8S2cb7b78E', 0),
(138, 635, '3ee35ba0be11a91b', 'auth_9627675635', 'cOZ-8NTqamk:APA91bFA74qo2T1I-vg0z_AX0hR_tDJ7GZSUykZxwtfCXNxwUdhNBxEHDjRO6qm2s53x9g5XT_o-Oh0Qdi6wHx1TJG6Zz570ZsHLhP3GKCSq_WicKkL2X0pk4YFug10Md6MdL7q3t8_G', 0),
(139, 635, '59a75e7c470553c3', '0', 'f_OFvKvW4cA:APA91bF7iUJ2rmqSrLOGkjqbbK39C5B31Lo9FOryorMSi6C7pGOxyRogSFtJh3RThFF766YMpzsBDy-O_MdfCyM1NNIpgciq1IbrE5z8JSURTA8b3oyugkVqwKMZvePMP4GGV41wMHOJ', 0),
(140, 0, '1234567a', 'auth_360688326', '12233ss', 26),
(141, 636, '3ee35ba0be11a91b', '0', 'cP2OTNjqaOY:APA91bFiuBQTRPnBA54FUGQ0SxmFmRwjU5SubwC_57J-9gwaWe1BImjyHw3HuYOI5co2g-AiIDGLh_886_XnUfPbxVWCYp-8s-OJce-1UtkBY4W7ZreUo76_7ITpMKpQsChNpXU20tZx', 0),
(142, 635, '1a975dab2948a758', 'auth_7203082635', 'eJOUwDihxqM:APA91bHIlsikugjV4lxJxGhHR-g2RZrvmS1LcIae1ktV5mdLXSXYK__3A_fQJ_dHdzHTILa-_s9Ut0fsXNYZLcPYGjGcw3y_MLFIWk-9eBxpmBT6Zj5CW3LmypitpRkXPPAgTDSKY2e1', 0),
(143, 635, '2588c48391c34221', 'auth_4537378635', 'dvLnFcECofw:APA91bG34yOD5uJ4zCZH9SFDebcpsVsE3iFc6jsF6BipAG-tFrNNqtBVVWwep9cdcUQfHylQX1CzDQf3ERuEpYi-2KjSEj_Wo6npIGmFWKmgU8ErpsTAklm0L2K-Rk0K4jbVPem4dV7Q', 0),
(144, 637, '59a75e7c470553c3', '0', 'cgsVx4wEotw:APA91bHXIPhQYVV-I0P-PJ-El8WyYxC5wf55a2OKbZSsB4Iz5JEb8M5kdjVSm7in8bTIxxrgmZBV3vBUzo9sy-j3lYBlmdgW4HyD1IxvZ1QoI-6lSdNbiAoEtsSCGtj9JzklqxIymgwo', 0),
(145, 635, '9f1ecbe315d40a13', 'auth_2396498635', 'e9RfeYEuRM4:APA91bFqY45X39v_I6n7wErDLXaisrqzqlVV8KtDh_mrKBQpzZmHw7V6igFBFye2YyFNUfNUwhaxvHWn7QrYjgUAiD0jwqqhzSaVNrgFsjj6Ymr4_J_5vPaLFcFY2PDza1WPkgMg84vL', 0),
(146, 635, '10abb03780091e8e', 'auth_5028261635', 'eUC9dZEW9cM:APA91bFPO_iu7c5S1TtVrDvPrlFgMK2AecDd9wnzrsOxIBfyeLlFptrITuSzYG7KP4e3PT62Ix9yyCry3ImVn1sjOWbKFbu4lZA5Oe22BrnncsYl0NjjzYcY31RDo_mOK6NxJBJVRTbz', 0),
(147, 635, '4008a66274a4987d', 'auth_7403836635', 'ePxhVJOF_DA:APA91bGsTTSLgUuvdazfi8cSjfWJ9ofwVUsDf0OYKHgp3uEGWGE6yQr_vDS71Xv550BFK3uTCyz3eMi_-8UQBlAlSoDzfxayIzr4OKEYxDpmS-kA9tqbAhRfnOFg0eYuOgdyTv48pI95', 0),
(148, 0, '1234567a', 'auth_279146327', '12233ss', 27),
(149, 589, '9E184B2F-3508-4092-AA1C-C8E076CFD9D6', 'auth_7501091589', '', 0),
(150, 0, '1234567a', 'auth_606827728', '12233ss', 28),
(151, 0, '1234567a', 'auth_897441729', '12233ss', 29),
(152, 0, '1234567a', 'auth_450752630', '12233ss', 30),
(153, 0, '1234567a', 'auth_591591931', '12233ss', 31),
(154, 0, '59a75e7c470553c3', 'auth_585661432', 'e7a29zLratU:APA91bF4jjzqkiRQIbGKuNB5gNBgnExcY0UkwoVn1bADqfi9d7yZehBbatgdEYpqCXlqrunDnEfpx8hUJBlZDY4lsuZkyh3b774Ekgx64yYSPSPgoxPzdiPqG-seI9qaPLj1zDrcwZSr', 32),
(155, 0, '1234567a', 'auth_653992732', '12233ss', 32),
(156, 0, '3ee35ba0be11a91b', 'auth_520522432', 'csiThP0QxB4:APA91bE42m2i3WMISeH2Isp39yqHX_SoGV8ewCA-C-t1Ml6u1ez8uu3INLM3Ekcb2kHzE7D78_Ugp9lK437z4L1UIqi__W48GP0COZIi1uAQ3SQqSEKoFgOXHk96MMNLW_w9igXnAt1E', 32),
(157, 589, 'A1124798-82B3-42D9-AB92-AB0BACB0A006', '0', 'fbCCfPBUkEs:APA91bHs886a2ZkN9uOSGdBIGYYa9QvYLGrRWiZeC3q1_wlYFJMvoVNbXefYPK2njVPgynIxUKMBMMTV5SSN0qdZVBoPoiHLzZwBAbowzPgD7peWnYXuZrhEvd2HIfa7_ZvsdLWQ4BQx', 0),
(158, 0, '59a75e7c470553c3', '0', 'eJJN_kog7BQ:APA91bFwykjKBjFHe7FkcAGIyHDbuhhIhnmMIxCxjPAZ-Bp9mclopIOdlP-vRZYwQooF57Y3S0OMU7Qhy40iIgB2s_oi9Ujf9YOTGSxD93ESggsLI83tRYUHLCrq7NABBWoWXKuAh5bT', 33),
(159, 0, '59a75e7c470553c3', '0', 'fDgKdeBfOGk:APA91bEamwHFZJjT7YHFYUcnfMRLGykhMf1pLE1RfP-pVTJj0mX1W0mkV-FfdxVaND_dHJZlZpYa0beZVFwdZTGuZc74RtPeMO6h879g8PTM2gIMVlIhKzippJyXbASPJBmEXlhhhFBh', 34),
(160, 0, '3ee35ba0be11a91b', '0', 'f6Xoes4us0E:APA91bFBU-NxlFDWl--Zb2XIC5-6MQNWOBwJlY1MN1Di7s1JfpSxykZEy8G-ZVpX6EjDUxbUXe8Rnh7eEMowgrbcq3LcaRB7IRC_QDMpJieNj8I3gKBXBgTEgdKmh7-unNAFwB1qe9jj', 35),
(161, 0, 'A1124798-82B3-42D9-AB92-AB0BACB0A006', 'auth_451356236', 'cJPcWs2sCpI:APA91bHZtDZ_OaBswkHSRi-R58mmPdcz6U3d6RdcXpniVzFQD1729ZiUdXwxM87Ezxdxm7rplPTCZGvucDzE4XVteZ0lRa_AoQ-iNM7anO6gWgDJEttoU0LGpPo3AbfVowWQPuiGDhr6', 36),
(162, 0, 'A1124798-82B3-42D9-AB92-AB0BACB0A006', 'auth_176487424', 'cJPcWs2sCpI:APA91bHZtDZ_OaBswkHSRi-R58mmPdcz6U3d6RdcXpniVzFQD1729ZiUdXwxM87Ezxdxm7rplPTCZGvucDzE4XVteZ0lRa_AoQ-iNM7anO6gWgDJEttoU0LGpPo3AbfVowWQPuiGDhr6', 24),
(163, 0, '1234567a', 'auth_833293237', '12233ss', 37),
(164, 638, 'A1124798-82B3-42D9-AB92-AB0BACB0A006', '0', 'fbCCfPBUkEs:APA91bHs886a2ZkN9uOSGdBIGYYa9QvYLGrRWiZeC3q1_wlYFJMvoVNbXefYPK2njVPgynIxUKMBMMTV5SSN0qdZVBoPoiHLzZwBAbowzPgD7peWnYXuZrhEvd2HIfa7_ZvsdLWQ4BQx', 0),
(165, 0, '1234567a', 'auth_762454735', '12233ss', 35),
(166, 639, 'A1124798-82B3-42D9-AB92-AB0BACB0A006', '0', 'fbCCfPBUkEs:APA91bHs886a2ZkN9uOSGdBIGYYa9QvYLGrRWiZeC3q1_wlYFJMvoVNbXefYPK2njVPgynIxUKMBMMTV5SSN0qdZVBoPoiHLzZwBAbowzPgD7peWnYXuZrhEvd2HIfa7_ZvsdLWQ4BQx', 0),
(167, 0, '8b3894bd57fcab79', 'auth_263133632', 'fQnNNHx5-CQ:APA91bEMXvOYBHvPQxC155l-AZ4LFIaxDB9_goFbLogkTYhAWzSx8Jo4v4dxHovVH_l9axLXxCxMQlPEgdbRSprz0YH0oL7S03MLt-5L2wfKoS_g1uDZnc7dgGo0Cae2r9FOj_7iSjuG', 32),
(168, 0, 'A1124798-82B3-42D9-AB92-AB0BACB0A006', 'auth_874957138', 'cJPcWs2sCpI:APA91bHZtDZ_OaBswkHSRi-R58mmPdcz6U3d6RdcXpniVzFQD1729ZiUdXwxM87Ezxdxm7rplPTCZGvucDzE4XVteZ0lRa_AoQ-iNM7anO6gWgDJEttoU0LGpPo3AbfVowWQPuiGDhr6', 38),
(169, 635, 'A1124798-82B3-42D9-AB92-AB0BACB0A006', 'auth_7625281635', 'fbCCfPBUkEs:APA91bHs886a2ZkN9uOSGdBIGYYa9QvYLGrRWiZeC3q1_wlYFJMvoVNbXefYPK2njVPgynIxUKMBMMTV5SSN0qdZVBoPoiHLzZwBAbowzPgD7peWnYXuZrhEvd2HIfa7_ZvsdLWQ4BQx', 0),
(170, 0, 'A1124798-82B3-42D9-AB92-AB0BACB0A006', 'auth_453805539', 'cJPcWs2sCpI:APA91bHZtDZ_OaBswkHSRi-R58mmPdcz6U3d6RdcXpniVzFQD1729ZiUdXwxM87Ezxdxm7rplPTCZGvucDzE4XVteZ0lRa_AoQ-iNM7anO6gWgDJEttoU0LGpPo3AbfVowWQPuiGDhr6', 39),
(171, 0, 'D77D241A-C63A-4DBF-9263-DD96047BBD84', 'auth_544252524', 'fFl-THCNwI0:APA91bFdPPjPf-yyWd9Ko0VNm4Io6y9OI6gboEtKbzq16gKL2OUGV7xHN3infDQdAuTRdnCSWo_LLB2HhIFdsI5eOd7lhSmHxywwN33fpeYTWdLl8KcVk2OqvxaIPchU0Va4mq4MyLOU', 24),
(172, 638, 'F4500EDA-EA50-4735-A951-A974BA8A0D70', '0', 'fscYtXQXdxE:APA91bHsNd8o3KWN_8KWUdTrNbTyT32IE8G0DO6RukHeJtHQ8I1grWz4wy-4D3RVYcp4X-hMlcpk-EZ8rud9lzf_UT28TVGvuD_tGZ2ufZkd_ovvG4ZpGu1GTjrrKfnXOvmHbsTz-tNx', 0),
(173, 640, '59a75e7c470553c3', '0', 'eiUmVCe7az0:APA91bGZw3IYr3dLoyW2Szr78LJVroIjss_sGwJR6B1VUladdiMR7q_ZqnWT4lAt6LU6Eek3h8fTz2RFuOrbvkqMX65MgqwjwUfBCofSTKQV_nC8hxQnHD26jHatgy9rShNODohECZUf', 0),
(174, 641, 'A1124798-82B3-42D9-AB92-AB0BACB0A006', '0', 'fbCCfPBUkEs:APA91bHs886a2ZkN9uOSGdBIGYYa9QvYLGrRWiZeC3q1_wlYFJMvoVNbXefYPK2njVPgynIxUKMBMMTV5SSN0qdZVBoPoiHLzZwBAbowzPgD7peWnYXuZrhEvd2HIfa7_ZvsdLWQ4BQx', 0),
(175, 640, '3ee35ba0be11a91b', '0', 'evmla7jEmzM:APA91bGoO2Vhh-NpA2eomC4pVighk7BhaOuDTrmZFJPatHgVSxs1--RMbQT6t7j0xGS--RZ9e-2syMKauR7iE_Bj3_k7lKenKLFti_qDPp4gUXRlsOJU8S-0ZxgAvm9BH060Xwqi6Nnd', 0),
(176, 0, 'A1124798-82B3-42D9-AB92-AB0BACB0A006', 'auth_539067832', 'cJPcWs2sCpI:APA91bHZtDZ_OaBswkHSRi-R58mmPdcz6U3d6RdcXpniVzFQD1729ZiUdXwxM87Ezxdxm7rplPTCZGvucDzE4XVteZ0lRa_AoQ-iNM7anO6gWgDJEttoU0LGpPo3AbfVowWQPuiGDhr6', 32),
(177, 0, '74192050-229B-4E25-BB51-A6E6319C44D7', 'auth_166844724', 'fjATg4rlvlo:APA91bGs5TUNCB8z-dBLjM0Tv2qndPMl3jxWbwbF-TTDZtFEr5owX0T8nDbbA4Oc8z83EShzUEkKQ6iNtv_RRuJVCWbnbiqMpW5CCN8C9f5qs-SHeOIM3d2IR9O-LJMzrk-TTFTKmtdO', 24),
(178, 589, '74192050-229B-4E25-BB51-A6E6319C44D7', 'auth_8871882589', 'cWcQcseauT4:APA91bEx2DIji-7yoLSuq3HkoG4cnP-pAAsa_EuVqN09H4NlRbxeDsH-zGKV9qzH81dHEgat02kLi1l6gs5eKgPKrAUIiRyKufJ5WC9pBs9QbeSxvRxqNAB2xe3UfD4708Fp1yNBc7Pk', 0),
(179, 642, 'A1124798-82B3-42D9-AB92-AB0BACB0A006', '0', 'fbCCfPBUkEs:APA91bHs886a2ZkN9uOSGdBIGYYa9QvYLGrRWiZeC3q1_wlYFJMvoVNbXefYPK2njVPgynIxUKMBMMTV5SSN0qdZVBoPoiHLzZwBAbowzPgD7peWnYXuZrhEvd2HIfa7_ZvsdLWQ4BQx', 0),
(180, 643, 'C6257182-57B9-46B0-B500-34769628C644', 'auth_5005499643', 'fGyq1zbT1o4:APA91bH3EPEC53WVFWoG-BGtJpHo6lz4UeYXgctMR1bCYul3Q0rB9F8paaq_qBp9lvaP6ip0XT6qGweVk51ZcxreaiG254f5rMO1aQA9K4Eu6r3tmb2ztVnP1Wly6gp5FsZYzQDKyzli', 0),
(181, 0, 'C6257182-57B9-46B0-B500-34769628C644', 'auth_670717640', 'dTGUarcOC5c:APA91bE98YdHlLS7aFI-gg8ZKS8e1pPpzuUDvQSZKsYI5eqxdWJR7FggG_BO7Kxg-Kxrdi57Gh7W6L34LjQKxfXT8fBo1thelI-__VZSGaBPlfe7TP8wmoRLu5L1PI3xls5xKgJtmN7i', 40),
(182, 635, '2e0f875f98e8fc13', 'auth_3902442635', 'c55quKsIRGc:APA91bHS6txK9RAoxg-UQDbFSqGWIbHvq-u2kJF_7-0T5n87g5-Hgz-mQqEbRcVeoJduU77CAKXauQWM44iH-MJ_8VInatpYVJ1FPa2fuZf7mDGbA02EBOL46qlvuRW8dxC7Vs75_zG8', 0),
(183, 0, '7b06ff049b290e9b', 'auth_370834332', 'dvpFyXrFvjg:APA91bESms3tQwox5h3wHAXjgSLSNU_eeW7XXxXouok3Ibf4CMWur6KhMSA7qjal0F0R2jbd1RaU6igN0KhbLY9pyICZgMmxZwcBrEEnu3VUu9UlFtCqIgYT23KWGdo9rSI3aRn5uiy5', 32),
(184, 635, '1234567a', 'auth_2247148635', '12233ss', 0),
(185, 0, 'abcb492c9d7d5151', 'auth_661704332', 'c-e23r5zw5c:APA91bFY6RsbdUH5SJdvVcA8A0JssZjmmJJ5dUADhazcl4mtlax49Rs_1aT6Qs5egjFJLnUIdJDLtW2_sTBP3kh9x5P-TcDv96Ih2JHeuCnwVwy8okm1uQFh91MZmu4WRaBxT6BxpxY5', 32),
(186, 0, '5f7679de28478249', 'auth_632878232', 'e_fHUuDDEX8:APA91bGoond2Zm6bPENqHzRItCASWmiC5MGzsxGQgtQO0xS5K6wFWlTvW2EsjJT0EmaUH_ru4ncbaZYKCuptx4KU4PxwYoiLiTuDr7-WgmrcrqYql1SdisY4qwiSVuH0l1a8cZ9x9fm1', 32),
(187, 0, '3ee35ba0be11a91b', '0', 'eZmkXMyH8iI:APA91bFdIjLdEzt8o-t0Oi_UjY2th8udstswUUyoXjuyFS2oCSHEriESKahWhvY50xVDVgCa0w8IIyrDyF7Lft1V1_PQdjAFqIeNdv2XDBPINdkSlWnrk2A8IPMJqHAg4rqpG-MhuBzT', 41),
(188, 0, '59a75e7c470553c3', '0', 'fdAaXG_IN70:APA91bF-7dusLt8y4D7VjjFq0gwOGY0SOwPXSbLyVI1Yg7V6UonhjbpDmy0BcmpDZBDP-tW6Bv5TSgh5Vyvo7j2wNch9jrRQB8FMXgH3_Mak3oPTTJuUzvF7x47IqxaUBSXq9Yy1O4A4', 42),
(189, 644, '59a75e7c470553c3', '0', 'eiPcZZ_rtWs:APA91bHqT9G-h3Xhf4WK6DIT84JcdAvW-SAemY_W38qvQ3dcShUiBNlP1PBK_-p1wxwDvJ3YcfjRFOf_x_2O22zCF9HTXOUOSXM68rNDnbv2mFCrSgn-biArmt5fq8WN7tjM8AxPpYqy', 0),
(190, 645, 'A1124798-82B3-42D9-AB92-AB0BACB0A006', '0', 'fbCCfPBUkEs:APA91bHs886a2ZkN9uOSGdBIGYYa9QvYLGrRWiZeC3q1_wlYFJMvoVNbXefYPK2njVPgynIxUKMBMMTV5SSN0qdZVBoPoiHLzZwBAbowzPgD7peWnYXuZrhEvd2HIfa7_ZvsdLWQ4BQx', 0),
(191, 0, 'f3c00368f3e24932', 'auth_743619632', 'dAHiQKC7oUM:APA91bHBm66yVruc15eESTsAnE5Xe34c5WjW7IxDumn9YVFI-5yJRbYmm5IqDGF2iBJEqUIzCn7tWxFfLzzC8ETxlI_M4K_LFVxiDauw1Mz7DeRujCPcSlxlszh2Kep3YgejVXyFcHWc', 32),
(192, 645, 'F4500EDA-EA50-4735-A951-A974BA8A0D70', 'auth_4417754645', 'fscYtXQXdxE:APA91bFr5OitBKzKNV6D8qikPC3slt9YonQ2TBfjAxfKJWiD5bYUVfAYlSV5L6EdlSdm4ggISa9gJVBMTzZv3uQtvHazzIkWvefVZ5DJBriUmtN3Tm3YkBcUtvEhzj4XtYuyxEzi8e5J', 0),
(193, 0, 'A1124798-82B3-42D9-AB92-AB0BACB0A006', 'auth_600289143', 'cJPcWs2sCpI:APA91bHZtDZ_OaBswkHSRi-R58mmPdcz6U3d6RdcXpniVzFQD1729ZiUdXwxM87Ezxdxm7rplPTCZGvucDzE4XVteZ0lRa_AoQ-iNM7anO6gWgDJEttoU0LGpPo3AbfVowWQPuiGDhr6', 43),
(194, 0, 'F4500EDA-EA50-4735-A951-A974BA8A0D70', 'auth_286504343', 'cLTn2GlCr08:APA91bGyv9ell51DsMdtEbIy5gdLcuOnxUaDtef6Qi4oS44yJ4qBbm-0jCZH5mlbCIXBlGjlC7FAxmFlAqj34d6vWTGmMkrQiQ81nAyAR2MK1AKhrEDygCunDiPT367AH5dQJqiqLuxG', 43),
(195, 0, '3ee35ba0be11a91b', '0', 'cZ0itA0fAL8:APA91bGWPElI9N3yvO_qDuCFDbCT7Fe4Ii1smT2e6wdt44w9vHse5Tfdbx_HbhTXgQ95oWcrWVZin-feUvxLTnDasGuLKSQZieokw3DXpXKDxA8-9llipVxDJga3Dk_BjqEuQ2pwc204', 44),
(196, 646, '59a75e7c470553c3', '0', 'f_OFvKvW4cA:APA91bF7iUJ2rmqSrLOGkjqbbK39C5B31Lo9FOryorMSi6C7pGOxyRogSFtJh3RThFF766YMpzsBDy-O_MdfCyM1NNIpgciq1IbrE5z8JSURTA8b3oyugkVqwKMZvePMP4GGV41wMHOJ', 0),
(197, 0, '5445a0f1185753cc', 'auth_208032732', 'cjj2ASTckN4:APA91bEYNWH1ZAloNoa24JGRLTDP0t1U1rI2J6Bp-Pbu3n5TbVko1YLn-1UUpzAgM1Fmi4PlGFzwMDVOqLJI3NM2bycE04mshl2N7O9z-ViRQA_j8DXOCbbTnEDFiAde6Vs4q-Xl91Cn', 32),
(198, 635, 'dbdb86ee2b598c71', 'auth_2388982635', 'cT3SY-bT858:APA91bHr0Cv52RFqVsu18qQevjbc1HsepXN_jdcLDOGn2tvxJO2Kg7ER2eHWCk-kykga72zYUrnZVAS3leWifiqfZ0euquFDXPPoPUadxMN8WVID6SWpDLW7rR0DwgHcY7kA8wKd5T1i', 0),
(199, 0, 'f95dfb7adaab59c6', 'auth_447298532', 'eG4bhUVOwvc:APA91bFrgum80hgAP20iORMnKBObg4bMyzjsBjXMKzXFRTApfDJ0Vdf1jSflEnS051avMKtprdk4Y8YZEAKshOEcUZzztBO9Cf8181uBy6MbvAYKuSuSSpdweTjJA_aynTyojkHsyxgX', 32),
(200, 635, '4deef8a60b5dd0a5', 'auth_5928113635', 'fPo3Sx55Ms8:APA91bESue2xY2I195WGKckHxPKZkEUGjiwNf5zuPFjwnFjr35WRTe5HDpr_hSYrUNmSLxA4duRU3WbaSAMR9mpJzmz2nHT61BVVj7628qJkmq4YhXnCcyEd2Hs0Z0DOCmsDju-e7hQU', 0),
(201, 0, '692fee4c28578fd0', 'auth_956479432', 'e21uAIuhl7Q:APA91bGUXpma9O_DiOb9ZuJrwWEc92ePvqHGJ3PZvjK2Sl8BG7r_RhMpXjPLaPWu01k0g7tNOYq21ZhaGyBdWSMkQ5PVBNz6mlvVDZct8j5X2Md45X03hJ-rWamEdozjzA79L59oG-jc', 32),
(202, 0, '82813462704bd5d4', 'auth_837361532', 'f0qowVHt60k:APA91bG3qCqumh-hrVj3MEG5IcOmgspVpzvu_UWFRGy4m2lUpcC66W8K0slpntPSXvUll8Sz076S0MxwikmorJhYfTatliTs3hIf5TKPjvOm_ux1rYtixko21tyjRExpR2jj-Zp4Wb24', 32),
(203, 0, '407a1b1943ac58b1', 'auth_690421332', 'eMa2532zGaM:APA91bGbLT4XVdxmwVw3RdE1yw4b4zd7cY4VmJCIcSD2SGqQ2Th0GHKmSzpZfSUdsEFcCQZsQxNSuUoKRp6r2nXnmQlsB_i9ZrAJttzOnny2XCUFe8uS9hb3na5u4cgsGO3SmLawRHpG', 32),
(204, 0, '2fdfa575dd450d65', 'auth_694277532', 'dLDiOx7ga0U:APA91bGdTiseMHr6191LPlSl2FYcloJyhVlznjUEPWwK7oQZyWPMxXaI6OegVhX6oaCq7H7oyOzc_bEwzOCxwydRWxvkqbqAD9QqYtybODEm7GlPszot2E4S6E1ImNGLjz54OBbVr4L2', 32),
(205, 0, '913ccda9d7fc2d3e', 'auth_649373732', 'dURdflvVG-Q:APA91bGNRRYK6YO4slAvSbFa-efSoN3FBbYg1D6MqGvU9J3xqsWRSvPBR_9cL-mFnm6tWDqeszjG6uzdgatwBAqH-WUjKD5vWW6uJ82De6yyzA-kuk5UEQXa9EYpyzjaXLdyHmvwPCEn', 32),
(206, 0, '69df0728eb216970', 'auth_795646532', 'dv1TEDO5bz4:APA91bG5ZVxHkY6mMmD5WSW6nDhOGdeyIZIpldRQdCGESiazJ6ydB7pdUX0XHQyFgoJtDZXDPw9UlMw46F-EcTxWUSmgNdti6jS4tnoicfv47mhPsdeEpXdHnWJG7PW6YIUW60u9roM9', 32),
(207, 635, 'c6c33cdecd5406a1', 'auth_6305583635', 'eriRk-nCLa0:APA91bHrownkXmq0GW4QcspKzvk57QT3Xu_DOV6Rjov_Dnhfvk_Kuzv4KQWVM4vdkxoWTNlzQBi5cYnVIHs0MosRd86lI1J2GyqHfqrH6lhFkJbQ_3TVKHRONwuSotPtdwVXiSA-uV-o', 0),
(208, 0, 'd1e644a4e30e169f', 'auth_893192432', 'f8Fgcdq8KRY:APA91bEz5kNpabaTq0U8Zz_tsyph6E3laBl_weZBjcKa3jDSu_je6i9LZJpPaw5DizH43geC6e-6ceb2bZfrMS3qopqF49oLE7iXD6cUpmsj5V1sr_bPV9WIj2AAREwoNSwX3WAYJyvX', 32),
(209, 635, 'd1e644a4e30e169f', 'auth_5191044635', 'eMlvPwlysLI:APA91bFGisvLhREatK-NAHdRkZPdZO4rdK-mVajGbDMI0x3tZCdEWp2kibY7ycj9p3seeAWYu25xSBEtz4U_FrB2r6K0iXXY2Nx0NpZz5-KSOOJeyXV3HyYOjfiryQJJ_7k9Yx6GhW6d', 0),
(210, 0, '17574c26fb181d05', 'auth_523737232', 'fS4yZyPMd7M:APA91bHYxVE_s1EkaL5ONj_8v6iJWCwoNP_bd90Fk3gv9eDexshF-Uv232qBAuoVdFpQK3NgVgjX4uSmqCMCRPkB5sFySogSVPjvIE7zhBvS_RAJykTe8PoY-75EPzsNvL4nZFaVQw2v', 32),
(211, 0, 'd532485e8c42a468', 'auth_418382232', 'd96vIRdVbHg:APA91bFik06wmzna3Kc-cDCZDTRBuGgOnxR6lyZWzahVln5kLVskighlLlGXeA8TOyJ--HYUTObk7Aij2UV_XDgMHotT_wovZdYTWtjCwgYIbOtOVsHKapuHbqHiMKxudIDBxCQPE23v', 32),
(212, 0, '8270534440aec4e8', 'auth_753909432', 'ffpxAZ52oxM:APA91bHu6p15dW8Z6OjY7fuXaYovj-HLRYme37J6uEVxeUqSxkIJaKvuPfrBLp7NV1b_v3yfwKcseVTLkm0jMld2N_0LoZOpApZm4WtSvdoiKhXEHiJmbK9DF8GGJUx7fKbds9P5bJIX', 32),
(213, 635, 'd532485e8c42a468', 'auth_8476173635', 'c0GwxZSk9Lo:APA91bEHHvvclyG3C1ulyy8NVvSKaHZ2F22XvxsHkkXmceJdtbpPhvTf_NueGYNFbEs5DnwlLR-qt6RmqBYfcIE2njIlp38kfhv6_VIe3PKrZiYxH1wjsEILQH-EmM99kOFjyUrYgEQ3', 0),
(214, 635, '8270534440aec4e8', 'auth_2359713635', 'dIwPkizX49Q:APA91bF8n56XX11GNXpBGcZjkK5_T7HPXbg5miM2Gizo6T8IsyDjroetgqP0zYs1Xu9opfUQttLeEq36VCJLKrdPSpGVSPxwVsPZYC0FAz8WhhmfrLvbp4wSLDgrE2_1PQriQ0wndxx9', 0),
(215, 635, '17574c26fb181d05', 'auth_3813629635', 'dBeVkb_6DLg:APA91bF-Xqew89wrQnHG3fASqZyZY8jZK8uWqEao37bfocApKd-N3LtfJyTrK1UihyLAxQJvs_M5-uIIgOLJg8BJ7y1SOMtgzgLx6F6YpL6wRvdR0ETa5z3VMRS7a7KJ8S8Yi6zk3uoG', 0),
(216, 0, 'DC603465-CFCA-4934-842B-599C84AD7137', 'auth_543347436', 'dAoiFZJ_54Q:APA91bFG_n7UnXZRdzuap9_LHJPFii7Jfw1Tnl_VrMc58d_-MRU-4LbR3V3QVHW07efmNvqvwj3UlfBamSFAyuG5BWzemiaQ57MW_PwgXhjaCTVnVKGgBi6HXmU8qm3YFcb5twOQVSRT', 36),
(217, 642, 'DC603465-CFCA-4934-842B-599C84AD7137', 'auth_4096823642', 'fZmoIg9WSZU:APA91bFow21v2Y1jSqCXe7INI6Ja16AIP3R_IqUrEqAfiI65zGhTTjuu2uuRsJDMJWjy-ES0yxdTC-_xjyJ-M2ihnEGer4I21uaYKcQBVaglva7BQtM6r-3ALXzOC1QeDBhVSUAeA0A-', 0),
(218, 0, '59a75e7c470553c3', '0', 'fTmN2cmxxy8:APA91bG7H9ibytbpm4oqeNuC7iLoS1PnHOfqhL_LHsxOo-2X_U83ghGPPgIL4yjuDR7DaIBQIOS8xtQOrIqjYxHGSMN7naGZnUPeslwhurbfu298SlDHd_t8Y4WUL2YL2blMe4Zfy9_t', 39),
(219, 638, '59a75e7c470553c3', 'auth_1221479638', 'f_OFvKvW4cA:APA91bF7iUJ2rmqSrLOGkjqbbK39C5B31Lo9FOryorMSi6C7pGOxyRogSFtJh3RThFF766YMpzsBDy-O_MdfCyM1NNIpgciq1IbrE5z8JSURTA8b3oyugkVqwKMZvePMP4GGV41wMHOJ', 0),
(220, 647, '59a75e7c470553c3', '0', 'f_OFvKvW4cA:APA91bF7iUJ2rmqSrLOGkjqbbK39C5B31Lo9FOryorMSi6C7pGOxyRogSFtJh3RThFF766YMpzsBDy-O_MdfCyM1NNIpgciq1IbrE5z8JSURTA8b3oyugkVqwKMZvePMP4GGV41wMHOJ', 0),
(221, 0, '59a75e7c470553c3', '0', 'fbhrUElbdr0:APA91bEGvsKEL0CNyuw5Gj6l0tFU4oWaqba9WLqA4N9-HkYEjwm4SV52A63I7rFRe7ALmvjHMDxQZLJDVc7UZ1o-xXpAtlWKXbVck45FvkPAQ8_KnZyeWwXDtb4heS81HxHiFoG1K_Hv', 45),
(222, 0, '59a75e7c470553c3', '0', 'fbhrUElbdr0:APA91bEGvsKEL0CNyuw5Gj6l0tFU4oWaqba9WLqA4N9-HkYEjwm4SV52A63I7rFRe7ALmvjHMDxQZLJDVc7UZ1o-xXpAtlWKXbVck45FvkPAQ8_KnZyeWwXDtb4heS81HxHiFoG1K_Hv', 46),
(223, 0, '59a75e7c470553c3', '0', 'cVSHVWmY0tI:APA91bGADBAgKMbpay_uWCu84ozK8QEHdhYYFwjLbrabi0hK8359yX8zqD5MjEEG1FaGv20AfrJhmWWrz6sbbeMaf_eCUm9QSx3lsh3Tq0Du9MKb6b4YrsKDmqr93uAqM_mJ_5JmrogN', 47),
(224, 0, '1234567a', 'auth_450565647', '12233ss', 47),
(225, 0, '59a75e7c470553c3', '0', 'dJqE7QfPyng:APA91bHo8XvXpjN90UwgMXSsjan2FZzXY_uW7s97OExFOB6bzskE6XnQHTNK27uSKwwLxN74ykoYo4O0z5fPHsZlcByf48GKcf-Fcw_uJM6ITSHAiCvO0L4oQi0u_wi38yXcj_wjgsgy', 48),
(226, 0, '59a75e7c470553c3', '0', 'dJqE7QfPyng:APA91bHo8XvXpjN90UwgMXSsjan2FZzXY_uW7s97OExFOB6bzskE6XnQHTNK27uSKwwLxN74ykoYo4O0z5fPHsZlcByf48GKcf-Fcw_uJM6ITSHAiCvO0L4oQi0u_wi38yXcj_wjgsgy', 49),
(227, 0, '59a75e7c470553c3', '0', 'dJqE7QfPyng:APA91bHo8XvXpjN90UwgMXSsjan2FZzXY_uW7s97OExFOB6bzskE6XnQHTNK27uSKwwLxN74ykoYo4O0z5fPHsZlcByf48GKcf-Fcw_uJM6ITSHAiCvO0L4oQi0u_wi38yXcj_wjgsgy', 50),
(228, 0, '1234567a', 'auth_303731351', '12233ss', 51),
(229, 0, '1234567a', 'auth_631968652', '12233ss', 52),
(230, 0, '1234567a', 'auth_426535653', '12233ss', 53),
(231, 0, '1234567a', 'auth_248145654', '12233ss', 54),
(232, 0, '1234567a', 'auth_294614155', '12233ss', 55),
(233, 0, '1234567a', 'auth_496746856', '12233ss', 56),
(234, 0, '59a75e7c470553c3', '0', 'dJqE7QfPyng:APA91bHo8XvXpjN90UwgMXSsjan2FZzXY_uW7s97OExFOB6bzskE6XnQHTNK27uSKwwLxN74ykoYo4O0z5fPHsZlcByf48GKcf-Fcw_uJM6ITSHAiCvO0L4oQi0u_wi38yXcj_wjgsgy', 57),
(235, 648, '59a75e7c470553c3', '0', 'f_OFvKvW4cA:APA91bF7iUJ2rmqSrLOGkjqbbK39C5B31Lo9FOryorMSi6C7pGOxyRogSFtJh3RThFF766YMpzsBDy-O_MdfCyM1NNIpgciq1IbrE5z8JSURTA8b3oyugkVqwKMZvePMP4GGV41wMHOJ', 0),
(236, 0, '59a75e7c470553c3', 'auth_489835658', 'dgrlt0L-234:APA91bEr2GI1E4z1NJVRHtUaiiNCZf2YHTEIhzs3BIv3seAotNDXYJBjd7C4QiM35ierPRqA8xOV0-Tw3zK6v0bfTw4Rze_HROG1qXb1kkza5J3arN9fe9B2M-s5T_bDYGMTGInHvtv1', 58),
(237, 0, '59a75e7c470553c3', 'auth_163007759', 'cz2El2Nf5RM:APA91bErZFUm9WKJr2j-nR-BZO6T4IvgQrRLh3YeQeoYHC6dTPykQBEE2bvjvQIomUJ89XM71i965hfgyyShyGFYWxBG-fYiY1Y_zsSfzsvRcDIybJjyxPtnmZmfAlwac45WhkIhULkK', 59),
(238, 649, '1234567a', 'auth_1002932649', '12233ss', 0),
(239, 0, '1234567a', 'auth_924825360', '12233ss', 60);

-- --------------------------------------------------------

--
-- Table structure for table `user`
--

CREATE TABLE `user` (
  `uID` int(11) NOT NULL,
  `utID` int(11) NOT NULL,
  `uName` varchar(20) NOT NULL,
  `uEmail` varchar(100) NOT NULL,
  `uPassword` varchar(100) NOT NULL,
  `uJoinDate` datetime NOT NULL,
  `uPayment` varchar(50) DEFAULT NULL COMMENT '1-cash, 2- card, 3- creditcard',
  `uResendCount` int(11) NOT NULL,
  `uStatus` int(11) DEFAULT NULL,
  `uResetPassword` varchar(45) DEFAULT NULL,
  `uPhone` varchar(45) DEFAULT NULL,
  `uReceiptCode` varchar(100) NOT NULL,
  `uCompleteness` int(11) NOT NULL,
  `uLastView` datetime NOT NULL COMMENT 'last notification view time',
  `uPrefferedRiderType` int(11) DEFAULT NULL COMMENT '1 - Male 2 - Female 3 - Both  '
) ENGINE=InnoDB DEFAULT CHARSET=utf8;

--
-- Dumping data for table `user`
--

INSERT INTO `user` (`uID`, `utID`, `uName`, `uEmail`, `uPassword`, `uJoinDate`, `uPayment`, `uResendCount`, `uStatus`, `uResetPassword`, `uPhone`, `uReceiptCode`, `uCompleteness`, `uLastView`, `uPrefferedRiderType`) VALUES
(1, 1, 'Admin', 'admin@gmail.com', '81dc9bdb52d04dc20036dbd8313ed055', '2017-01-02 10:00:00', NULL, 0, 1, NULL, '81dc9bdb52d04dc20036dbd8313ed055', '', 0, '0000-00-00 00:00:00', NULL),
(545, 3, 'sanjeevan', 'sanjeevan@ceffectz.com', '81dc9bdb52d04dc20036dbd8313ed055', '2017-10-13 15:34:06', NULL, 0, 0, NULL, NULL, 'qgTR3BEXhZ4w', 0, '0000-00-00 00:00:00', NULL),
(555, 3, 'Alan', 'alan@gmail.com', 'e10adc3949ba59abbe56e057f20f883e', '2017-10-19 12:27:57', NULL, 0, 0, NULL, NULL, 'AsbqWu1hcxV3', 0, '0000-00-00 00:00:00', NULL),
(556, 3, 'Marlin Fernando', 'marlinf@Gmail.com', '25d55ad283aa400af464c76d713c07ad', '2017-10-19 15:12:46', NULL, 0, 0, NULL, NULL, 'RlkE0ATWpGUM', 100, '0000-00-00 00:00:00', NULL),
(557, 3, 'Alan', 'alan2@gmail.com', 'e10adc3949ba59abbe56e057f20f883e', '2017-10-19 15:49:18', NULL, 0, 1, NULL, NULL, '', 0, '0000-00-00 00:00:00', NULL),
(558, 3, 'Alan', 'alan22@gmail.com', 'e10adc3949ba59abbe56e057f20f883e', '2017-10-19 15:49:41', NULL, 0, 0, NULL, NULL, '', 0, '0000-00-00 00:00:00', NULL),
(559, 3, 'Alan', 'alan232@gmail.com', 'e10adc3949ba59abbe56e057f20f883e', '2017-10-19 15:50:09', NULL, 0, 0, NULL, NULL, 'DVx4zUiXcSQq', 0, '0000-00-00 00:00:00', NULL),
(560, 3, 'Alan', 'wicky@gmail.com', 'e10adc3949ba59abbe56e057f20f883e', '2017-10-19 16:11:11', NULL, 0, 0, NULL, NULL, '9xjymTQsZ7vi', 0, '0000-00-00 00:00:00', NULL),
(561, 3, 'Alan', 'harry@gmail.com', 'e10adc3949ba59abbe56e057f20f883e', '2017-10-19 16:13:07', NULL, 0, 0, NULL, NULL, '', 0, '0000-00-00 00:00:00', NULL),
(562, 3, 'Alan', 'harry1@gmail.com', 'e10adc3949ba59abbe56e057f20f883e', '2017-10-19 16:14:42', NULL, 0, 0, NULL, NULL, '', 0, '0000-00-00 00:00:00', NULL),
(563, 3, 'Alan', 'alano@gmail.com', 'e10adc3949ba59abbe56e057f20f883e', '2017-10-19 16:25:30', NULL, 0, 0, NULL, NULL, '', 0, '0000-00-00 00:00:00', NULL),
(564, 3, '', 'kal@abcsty', 'd41d8cd98f00b204e9800998ecf8427e', '2017-10-19 16:47:54', NULL, 0, 0, NULL, NULL, '', 0, '0000-00-00 00:00:00', NULL),
(565, 3, 'Sanjeevan', '', 'd41d8cd98f00b204e9800998ecf8427e', '2017-10-19 16:48:22', NULL, 0, 0, NULL, NULL, 'GMEmRFUotNrQ', 0, '0000-00-00 00:00:00', NULL),
(566, 3, 'Sanjeevan', 'alan77@gmail.com', 'e10adc3949ba59abbe56e057f20f883e', '2017-10-19 16:48:55', NULL, 0, 0, NULL, NULL, '', 0, '0000-00-00 00:00:00', NULL),
(567, 3, 'Merlin Fernando', 'merlin@gmail.com', '25d55ad283aa400af464c76d713c07ad', '2017-10-19 19:00:03', NULL, 0, 0, NULL, NULL, '', 0, '0000-00-00 00:00:00', NULL),
(568, 3, 'Alan', 'alan1@gmail.com', 'e10adc3949ba59abbe56e057f20f883e', '2017-10-19 19:02:39', NULL, 0, 0, NULL, NULL, '', 0, '0000-00-00 00:00:00', NULL),
(569, 3, 'Alan', 'alank@gmail.com', 'e10adc3949ba59abbe56e057f20f883e', '2017-10-19 19:03:52', NULL, 0, 0, NULL, NULL, '', 0, '0000-00-00 00:00:00', NULL),
(570, 3, 'Alan', 'alanr@gmail.com', 'e10adc3949ba59abbe56e057f20f883e', '2017-10-19 19:05:07', NULL, 0, 0, NULL, NULL, '', 0, '0000-00-00 00:00:00', NULL),
(571, 3, 'Alan', 'ravi@gmail.com', 'e10adc3949ba59abbe56e057f20f883e', '2017-10-19 19:13:04', NULL, 0, 0, NULL, NULL, '', 0, '0000-00-00 00:00:00', NULL),
(572, 3, 'Alan', 'alan3@gmail.com', 'e10adc3949ba59abbe56e057f20f883e', '2017-10-19 19:15:23', NULL, 0, 0, NULL, NULL, '', 0, '0000-00-00 00:00:00', NULL),
(573, 3, 'Alan', 'merlin1@gmail.com', 'e10adc3949ba59abbe56e057f20f883e', '2017-10-19 19:17:36', NULL, 0, 0, NULL, NULL, '', 0, '0000-00-00 00:00:00', NULL),
(574, 3, 'Alan', 'alan4@gmail.com', 'e10adc3949ba59abbe56e057f20f883e', '2017-10-19 19:20:32', NULL, 0, 0, NULL, NULL, '', 0, '0000-00-00 00:00:00', NULL),
(575, 3, 'Alan', 'alan5@gmail.com', 'e10adc3949ba59abbe56e057f20f883e', '2017-10-19 19:20:42', NULL, 0, 0, NULL, NULL, '', 0, '0000-00-00 00:00:00', NULL),
(576, 3, 'Alan', 'merlin2@gmail.com', 'e10adc3949ba59abbe56e057f20f883e', '2017-10-19 19:21:06', NULL, 0, 0, NULL, NULL, '', 0, '0000-00-00 00:00:00', NULL),
(577, 3, 'Alan', 'merlins@gmail.com', 'e10adc3949ba59abbe56e057f20f883e', '2017-10-19 19:22:53', '1', 0, 0, NULL, NULL, '', 0, '0000-00-00 00:00:00', NULL),
(578, 3, 'Alan', 'alan6@gmail.com', 'e10adc3949ba59abbe56e057f20f883e', '2017-10-19 19:30:28', NULL, 0, 0, NULL, NULL, '', 0, '0000-00-00 00:00:00', NULL),
(579, 3, 'Alan', 'merlinis@gmail.com', 'e10adc3949ba59abbe56e057f20f883e', '2017-10-20 10:22:07', NULL, 0, 0, NULL, '0778989900', '', 0, '0000-00-00 00:00:00', NULL),
(580, 3, 'Sanjeevan', 'alanl@gmail.com', 'e10adc3949ba59abbe56e057f20f883e', '2017-10-20 10:23:27', '2', 0, 0, NULL, '0778989900', '', 0, '0000-00-00 00:00:00', 3),
(581, 3, 'Alan', 'alanlp@gmail.com', 'e10adc3949ba59abbe56e057f20f883e', '2017-10-20 10:48:12', NULL, 0, 0, NULL, '0778989900', '', 0, '0000-00-00 00:00:00', NULL),
(582, 3, 'Malinda Rupasinghe', 'rupasinghe.malinda@gmail.com', '25d55ad283aa400af464c76d713c07ad', '2017-10-20 10:55:56', NULL, 0, 0, NULL, '94772777577', '', 0, '0000-00-00 00:00:00', NULL),
(583, 3, 'Alan', 'alagn@gmail.com', 'e10adc3949ba59abbe56e057f20f883e', '2017-10-20 11:29:55', '1', 0, 0, NULL, '0778989900', '', 0, '0000-00-00 00:00:00', NULL),
(584, 3, 'Alan', 'alagkn@gmail.com', 'e10adc3949ba59abbe56e057f20f883e', '2017-10-20 11:31:26', '1', 0, 0, NULL, '0778989900', '', 0, '0000-00-00 00:00:00', NULL),
(585, 3, 'Alan', 'alagkkn@gmail.com', 'e10adc3949ba59abbe56e057f20f883e', '2017-10-20 11:33:47', '1', 0, 0, NULL, '0778989900', '', 0, '0000-00-00 00:00:00', NULL),
(586, 3, 'Alan', 'alagkknm@gmail.com', 'e10adc3949ba59abbe56e057f20f883e', '2017-10-20 11:34:32', '1', 0, 0, NULL, '0778989900', '', 0, '0000-00-00 00:00:00', NULL),
(587, 3, 'Alan', 'alagkknmd@gmail.com', 'e10adc3949ba59abbe56e057f20f883e', '2017-10-20 11:34:44', '1', 0, 0, NULL, '0778989900', '', 0, '0000-00-00 00:00:00', NULL),
(588, 3, 'Alan', 'alagkknsmd@gmail.com', 'e10adc3949ba59abbe56e057f20f883e', '2017-10-20 11:35:13', '1', 0, 0, NULL, '0778989900', '', 0, '0000-00-00 00:00:00', NULL),
(589, 3, 'Rayan Steve', 'sanju@Gmail.com', '827ccb0eea8a706c4c34a16891f84e7b', '2017-10-20 11:42:50', '1', 0, 0, NULL, '94771988203', '', 0, '0000-00-00 00:00:00', 1),
(601, 3, 'Alan', 'alanss@gmail.com', 'e10adc3949ba59abbe56e057f20f883e', '2017-10-20 14:52:34', '1', 0, 0, NULL, '0778989900', '', 0, '0000-00-00 00:00:00', NULL),
(602, 3, 'Nuhara', 'laorijj@gmail.com', 'df6f58808ebfd3e609c234cf2283a989', '2017-10-20 17:08:08', '1', 0, 0, NULL, '94718640619', '', 0, '0000-00-00 00:00:00', 2),
(603, 3, 'Chathu', 'chathu@Gmail.com', '25d55ad283aa400af464c76d713c07ad', '2017-10-20 18:10:18', '1', 0, 0, NULL, '94775852369', '', 0, '0000-00-00 00:00:00', 1),
(604, 3, 'Alan', 'alan12@gmail.com', 'e10adc3949ba59abbe56e057f20f883e', '2017-11-02 11:05:32', '1', 0, 0, NULL, '0778989900', '', 0, '0000-00-00 00:00:00', 0),
(605, 3, 'Alan', 'alantes@gmail.com', 'e10adc3949ba59abbe56e057f20f883e', '2017-11-02 12:24:18', '1', 0, 0, NULL, '0778989900', '', 0, '0000-00-00 00:00:00', 0),
(606, 3, 'jd', 'pess@gmail.com', '25f9e794323b453885f5181f1b624d0b', '2017-11-02 12:50:16', '1', 0, 0, NULL, '0147850', '', 0, '0000-00-00 00:00:00', 0),
(607, 3, 'jd', 'pess@gmsail.com', '25f9e794323b453885f5181f1b624d0b', '2017-11-02 13:03:09', '1', 0, 0, NULL, '0147850', '', 0, '0000-00-00 00:00:00', 0),
(608, 3, 'jd', 'pess@gwmsail.com', '25f9e794323b453885f5181f1b624d0b', '2017-11-02 13:07:27', '1', 0, 0, NULL, '0147850', '', 0, '0000-00-00 00:00:00', 0),
(609, 3, 'jd', 'pesss@gwmsail.com', '25f9e794323b453885f5181f1b624d0b', '2017-11-02 13:34:10', '1', 0, 0, NULL, '0147850', '', 0, '0000-00-00 00:00:00', 0),
(610, 3, 'vyw', 'vyw@cv.n', '94b8cea57c49a3007225a0c70c475450', '2017-11-02 16:29:40', '1', 0, 0, NULL, '6666680', '', 0, '0000-00-00 00:00:00', 0),
(611, 3, 'hhh', 'cv@gg.n', 'b4fb8c802583d75c36858811115b6272', '2017-11-02 16:44:09', '1', 0, 0, NULL, '99', '', 0, '0000-00-00 00:00:00', 0),
(612, 3, 'cyv', 'gcuv@hh.nj', 'b4fb8c802583d75c36858811115b6272', '2017-11-02 16:49:38', '1', 0, 0, NULL, '038', '', 0, '0000-00-00 00:00:00', 0),
(613, 3, 'v', 'as@fg.n', 'b4fb8c802583d75c36858811115b6272', '2017-11-02 16:52:30', '1', 0, 0, NULL, '9', '', 0, '0000-00-00 00:00:00', 0),
(614, 3, 'gg', 'hi@hgg.vn', 'b4fb8c802583d75c36858811115b6272', '2017-11-02 18:10:52', '1', 0, 0, NULL, '94555555555', '', 0, '0000-00-00 00:00:00', 0),
(615, 3, 'login', 'zbs.ssk@jdn.xo', 'b4fb8c802583d75c36858811115b6272', '2017-11-02 18:12:56', '1', 0, 0, NULL, '94555555550', '', 0, '0000-00-00 00:00:00', 0),
(616, 3, 'vihanga y', 'vihanga@ceffetz.com', '25d55ad283aa400af464c76d713c07ad', '2017-11-06 12:40:02', '1', 0, 0, NULL, '94710710915', '', 0, '0000-00-00 00:00:00', 0),
(617, 3, 'Alan', 'sam@gmail.com', 'e10adc3949ba59abbe56e057f20f883e', '2017-11-06 12:43:39', '1', 0, 0, NULL, '0778989900', '', 0, '0000-00-00 00:00:00', 0),
(618, 3, 'Alan', 'sams@gmail.com', 'e10adc3949ba59abbe56e057f20f883e', '2017-11-06 14:08:48', '1', 0, 0, NULL, '0778989900', '', 0, '0000-00-00 00:00:00', 0),
(619, 3, 'Alan', 'samds@gmail.com', 'e10adc3949ba59abbe56e057f20f883e', '2017-11-06 14:23:48', '1', 0, 0, NULL, '0778989900', '', 0, '0000-00-00 00:00:00', 0),
(620, 3, 'vihnga yasith wickra', 'vyasith@gmail.com', '25d55ad283aa400af464c76d713c07ad', '2017-11-06 14:38:10', '1', 0, 0, NULL, '94777777777', '', 0, '0000-00-00 00:00:00', 0),
(621, 3, 'v', 'vyasith@gmail.co', '25d55ad283aa400af464c76d713c07ad', '2017-11-06 14:59:41', '1', 0, 0, NULL, '94555522559', '', 0, '0000-00-00 00:00:00', 0),
(622, 3, 'Alan', 'samfds@gmail.com', 'e10adc3949ba59abbe56e057f20f883e', '2017-11-06 17:45:12', '1', 0, 0, NULL, '0778989900', '', 0, '0000-00-00 00:00:00', 0),
(623, 3, 'Xeci', 'vyadith@gmail.com', '1bbd886460827015e5d605ed44252251', '2017-11-06 17:52:20', '1', 0, 0, NULL, '94555555555', '', 0, '0000-00-00 00:00:00', 0),
(624, 3, 'vihanga Yasith', 'dev2@gmail.com', '648ceaa6447a6a2004ec51b797c78247', '2017-11-06 18:09:45', '1', 0, 0, NULL, '94676531576', '', 0, '0000-00-00 00:00:00', 0),
(625, 3, 'Vi', 'vihanga@gmail.com', '810247419084c82d03809fc886fedaad', '2017-11-07 10:40:10', '1', 0, 0, NULL, '94077787457', '', 0, '0000-00-00 00:00:00', 0),
(626, 3, 'dbbs', 'dev2@gr.com', '25d55ad283aa400af464c76d713c07ad', '2017-11-07 12:24:33', '1', 0, 0, NULL, '94710710917', '', 0, '0000-00-00 00:00:00', 0),
(627, 3, 'Gh', 'chc@gh.j', '94b8cea57c49a3007225a0c70c475450', '2017-11-07 16:09:57', '1', 0, 0, NULL, '94710710917', '', 0, '0000-00-00 00:00:00', 0),
(628, 3, 'Sanjeevan', '123@gmail.com', 'e10adc3949ba59abbe56e057f20f883e', '2017-11-08 13:08:46', '1', 0, 0, NULL, '0778989900', '', 0, '0000-00-00 00:00:00', 0),
(629, 3, 'Prem Kumar', 'prem@gmail.com', '1bbd886460827015e5d605ed44252251', '2017-11-08 16:47:47', '1', 0, 0, NULL, '94771234567', '', 0, '0000-00-00 00:00:00', 1),
(630, 3, 'Vihanga Yasith', 'vyw@gmail.com', '25d55ad283aa400af464c76d713c07ad', '2017-11-08 17:48:35', '1', 0, 0, NULL, '94710710917', '', 0, '0000-00-00 00:00:00', 0),
(631, 3, 'v Yasith Wicks', 'v@gmail.com', '25d55ad283aa400af464c76d713c07ad', '2017-11-08 17:52:08', '1', 0, 0, NULL, '94710710917', '', 0, '0000-00-00 00:00:00', 0),
(632, 3, 'Vihanga Yasith', 'vy@gmai.lcom', '25d55ad283aa400af464c76d713c07ad', '2017-11-09 14:14:34', '1', 0, 0, NULL, '94710710917', '', 0, '0000-00-00 00:00:00', 0),
(633, 3, 'vyw', 'w@gmail.com', '25d55ad283aa400af464c76d713c07ad', '2017-11-09 15:24:29', '1', 0, 0, NULL, '94710710917', '', 0, '0000-00-00 00:00:00', 0),
(634, 3, 'Vyw', 'vyy@gmail.con', '25d55ad283aa400af464c76d713c07ad', '2017-11-09 15:38:28', '1', 0, 0, NULL, '94710710917', '', 0, '0000-00-00 00:00:00', 0),
(635, 3, 'Vihanga Yasith', 'dev1@gmail.com', '25d55ad283aa400af464c76d713c07ad', '2017-11-09 16:13:31', '1', 0, 0, NULL, '94710710917', 'S62wIM0XdZ1D', 0, '0000-00-00 00:00:00', 2),
(636, 3, 'hi all', 'dev2@gmai.com', '25d55ad283aa400af464c76d713c07ad', '2017-11-09 18:21:05', '1', 0, 0, NULL, '94710710917', '', 0, '0000-00-00 00:00:00', 0),
(637, 3, 'Blah Blah', 'dev3@gmail.com', '25d55ad283aa400af464c76d713c07ad', '2017-11-09 18:29:07', '1', 0, 0, NULL, '94710710917', '', 0, '0000-00-00 00:00:00', 0),
(638, 3, 'Lara James', 'supunp000@gmail.com', '85064efb60a9601805dcea56ec5402f7', '2017-11-27 14:31:41', '1', 0, 0, NULL, '+94718640619', 'IG3DHcZ67onL', 0, '0000-00-00 00:00:00', 2),
(639, 3, 'Fxgch:):;,!$wrd', 'supun@gmail.com', '85064efb60a9601805dcea56ec5402f7', '2017-11-27 15:23:17', '1', 0, 0, NULL, '+94718640619', '', 0, '0000-00-00 00:00:00', 2),
(640, 3, 'Dev', 'dev8@gmail.com', '25d55ad283aa400af464c76d713c07ad', '2017-11-28 17:46:54', '1', 0, 0, NULL, '94710710917', '', 0, '0000-00-00 00:00:00', 0),
(641, 3, 'Jrjf', 'murphy@ceffectz.com', '495554a90018944faf1be0ae4e5256be', '2017-11-28 17:47:58', '1', 0, 0, NULL, '+94710710917', '', 0, '0000-00-00 00:00:00', 1),
(642, 3, 'Sujewan', 'sujewan@gmail.com', '1bbd886460827015e5d605ed44252251', '2017-11-29 14:25:03', '1', 0, 0, NULL, '+94779651926', '', 0, '0000-00-00 00:00:00', 1),
(643, 3, 'Malinda', 'malinda@gmail.com', '25d55ad283aa400af464c76d713c07ad', '2017-11-29 14:55:15', '1', 0, 0, NULL, '+94772777577', '', 0, '0000-00-00 00:00:00', 1),
(644, 3, 'Marshall Mathers', 'mnm@gmail.com', '25d55ad283aa400af464c76d713c07ad', '2017-12-12 11:10:19', '1', 0, 0, NULL, '+94710710917', '', 0, '0000-00-00 00:00:00', 0),
(645, 3, 'Jonathan James', 'loarijames@yahoo.com', '85064efb60a9601805dcea56ec5402f7', '2017-12-12 12:29:36', '1', 0, 0, NULL, '+94718640619', '', 0, '0000-00-00 00:00:00', 2),
(646, 3, 'Christ Rucker', 'cr@gmail.com', '25d55ad283aa400af464c76d713c07ad', '2017-12-20 12:21:32', '1', 0, 0, NULL, '+94710710917', '', 0, '0000-00-00 00:00:00', 0),
(647, 3, 'Jhon', 'janajanasubaa@gmail.com', '85064efb60a9601805dcea56ec5402f7', '2018-01-08 12:11:02', '1', 0, 0, NULL, '+94718640619', '', 0, '0000-00-00 00:00:00', 0),
(648, 3, 'Vyh', 'vy@g.com', '25d55ad283aa400af464c76d713c07ad', '2018-01-09 11:37:37', '1', 0, 0, NULL, '+94710710917', '', 0, '0000-00-00 00:00:00', 0),
(649, 3, 'Alan', 'alan@gmail.comf', 'e10adc3949ba59abbe56e057f20f883e', '2018-01-10 16:07:24', '1', 0, 0, NULL, '0778989900', '', 0, '0000-00-00 00:00:00', 0);

-- --------------------------------------------------------

--
-- Table structure for table `user_notification`
--

CREATE TABLE `user_notification` (
  `unID` int(11) NOT NULL,
  `uID` int(11) NOT NULL,
  `ntID` int(11) NOT NULL,
  `ntStatus` int(11) DEFAULT NULL
) ENGINE=InnoDB DEFAULT CHARSET=utf8;

--
-- Dumping data for table `user_notification`
--

INSERT INTO `user_notification` (`unID`, `uID`, `ntID`, `ntStatus`) VALUES
(1, 12, 3, 1),
(656, 545, 1, 1),
(657, 545, 2, 1),
(658, 545, 3, 1),
(659, 545, 4, 1),
(660, 545, 5, 0),
(661, 545, 6, 0),
(662, 545, 7, 1),
(663, 546, 1, 1),
(664, 546, 2, 1),
(665, 546, 3, 1),
(666, 546, 4, 1),
(667, 546, 5, 0),
(668, 546, 6, 0),
(669, 546, 7, 1),
(670, 547, 1, 1),
(671, 547, 2, 1),
(672, 547, 3, 1),
(673, 547, 4, 1),
(674, 547, 5, 0),
(675, 547, 6, 0),
(676, 547, 7, 1),
(677, 548, 1, 1),
(678, 548, 2, 1),
(679, 548, 3, 1),
(680, 548, 4, 1),
(681, 548, 5, 0),
(682, 548, 6, 0),
(683, 548, 7, 1),
(684, 549, 1, 1),
(685, 549, 2, 1),
(686, 549, 3, 1),
(687, 549, 4, 1),
(688, 549, 5, 0),
(689, 549, 6, 0),
(690, 549, 7, 1),
(691, 550, 1, 1),
(692, 550, 2, 1),
(693, 550, 3, 1),
(694, 550, 4, 1),
(695, 550, 5, 0),
(696, 550, 6, 0),
(697, 550, 7, 1),
(698, 551, 1, 1),
(699, 551, 2, 1),
(700, 551, 3, 1),
(701, 551, 4, 1),
(702, 551, 5, 0),
(703, 551, 6, 0),
(704, 551, 7, 1),
(705, 552, 1, 1),
(706, 552, 2, 1),
(707, 552, 3, 1),
(708, 552, 4, 1),
(709, 552, 5, 0),
(710, 552, 6, 0),
(711, 552, 7, 1),
(712, 553, 1, 1),
(713, 553, 2, 1),
(714, 553, 3, 1),
(715, 553, 4, 1),
(716, 553, 5, 0),
(717, 553, 6, 0),
(718, 553, 7, 1),
(719, 554, 1, 1),
(720, 554, 2, 1),
(721, 554, 3, 1),
(722, 554, 4, 1),
(723, 554, 5, 0),
(724, 554, 6, 0),
(725, 554, 7, 1),
(726, 555, 1, 1),
(727, 555, 2, 1),
(728, 555, 3, 1),
(729, 555, 4, 1),
(730, 555, 5, 0),
(731, 555, 6, 0),
(732, 555, 7, 1),
(733, 556, 1, 1),
(734, 556, 2, 1),
(735, 556, 3, 1),
(736, 556, 4, 1),
(737, 556, 5, 0),
(738, 556, 6, 0),
(739, 556, 7, 1),
(740, 557, 1, 1),
(741, 557, 2, 1),
(742, 557, 3, 1),
(743, 557, 4, 1),
(744, 557, 5, 0),
(745, 557, 6, 0),
(746, 557, 7, 1),
(747, 558, 1, 1),
(748, 558, 2, 1),
(749, 558, 3, 1),
(750, 558, 4, 1),
(751, 558, 5, 0),
(752, 558, 6, 0),
(753, 558, 7, 1),
(754, 559, 1, 1),
(755, 559, 2, 1),
(756, 559, 3, 1),
(757, 559, 4, 1),
(758, 559, 5, 0),
(759, 559, 6, 0),
(760, 559, 7, 1),
(761, 560, 1, 1),
(762, 560, 2, 1),
(763, 560, 3, 1),
(764, 560, 4, 1),
(765, 560, 5, 0),
(766, 560, 6, 0),
(767, 560, 7, 1),
(768, 561, 1, 1),
(769, 561, 2, 1),
(770, 561, 3, 1),
(771, 561, 4, 1),
(772, 561, 5, 0),
(773, 561, 6, 0),
(774, 561, 7, 1),
(775, 562, 1, 1),
(776, 562, 2, 1),
(777, 562, 3, 1),
(778, 562, 4, 1),
(779, 562, 5, 0),
(780, 562, 6, 0),
(781, 562, 7, 1),
(782, 563, 1, 1),
(783, 563, 2, 1),
(784, 563, 3, 1),
(785, 563, 4, 1),
(786, 563, 5, 0),
(787, 563, 6, 0),
(788, 563, 7, 1),
(789, 566, 1, 1),
(790, 566, 2, 1),
(791, 566, 3, 1),
(792, 566, 4, 1),
(793, 566, 5, 0),
(794, 566, 6, 0),
(795, 566, 7, 1),
(796, 567, 1, 1),
(797, 567, 2, 1),
(798, 567, 3, 1),
(799, 567, 4, 1),
(800, 567, 5, 0),
(801, 567, 6, 0),
(802, 567, 7, 1),
(803, 568, 1, 1),
(804, 568, 2, 1),
(805, 568, 3, 1),
(806, 568, 4, 1),
(807, 568, 5, 0),
(808, 568, 6, 0),
(809, 568, 7, 1),
(810, 569, 1, 1),
(811, 569, 2, 1),
(812, 569, 3, 1),
(813, 569, 4, 1),
(814, 569, 5, 0),
(815, 569, 6, 0),
(816, 569, 7, 1),
(817, 570, 1, 1),
(818, 570, 2, 1),
(819, 570, 3, 1),
(820, 570, 4, 1),
(821, 570, 5, 0),
(822, 570, 6, 0),
(823, 570, 7, 1),
(824, 571, 1, 1),
(825, 571, 2, 1),
(826, 571, 3, 1),
(827, 571, 4, 1),
(828, 571, 5, 0),
(829, 571, 6, 0),
(830, 571, 7, 1),
(831, 572, 1, 1),
(832, 572, 2, 1),
(833, 572, 3, 1),
(834, 572, 4, 1),
(835, 572, 5, 0),
(836, 572, 6, 0),
(837, 572, 7, 1),
(838, 573, 1, 1),
(839, 573, 2, 1),
(840, 573, 3, 1),
(841, 573, 4, 1),
(842, 573, 5, 0),
(843, 573, 6, 0),
(844, 573, 7, 1),
(845, 574, 1, 1),
(846, 574, 2, 1),
(847, 574, 3, 1),
(848, 574, 4, 1),
(849, 574, 5, 0),
(850, 574, 6, 0),
(851, 574, 7, 1),
(852, 575, 1, 1),
(853, 575, 2, 1),
(854, 575, 3, 1),
(855, 575, 4, 1),
(856, 575, 5, 0),
(857, 575, 6, 0),
(858, 575, 7, 1),
(859, 576, 1, 1),
(860, 576, 2, 1),
(861, 576, 3, 1),
(862, 576, 4, 1),
(863, 576, 5, 0),
(864, 576, 6, 0),
(865, 576, 7, 1),
(866, 577, 1, 1),
(867, 577, 2, 1),
(868, 577, 3, 1),
(869, 577, 4, 1),
(870, 577, 5, 0),
(871, 577, 6, 0),
(872, 577, 7, 1),
(873, 578, 1, 1),
(874, 578, 2, 1),
(875, 578, 3, 1),
(876, 578, 4, 1),
(877, 578, 5, 0),
(878, 578, 6, 0),
(879, 578, 7, 1),
(880, 579, 1, 1),
(881, 579, 2, 1),
(882, 579, 3, 1),
(883, 579, 4, 1),
(884, 579, 5, 0),
(885, 579, 6, 0),
(886, 579, 7, 1),
(887, 580, 1, 1),
(888, 580, 2, 1),
(889, 580, 3, 1),
(890, 580, 4, 1),
(891, 580, 5, 0),
(892, 580, 6, 0),
(893, 580, 7, 1),
(894, 581, 1, 1),
(895, 581, 2, 1),
(896, 581, 3, 1),
(897, 581, 4, 1),
(898, 581, 5, 0),
(899, 581, 6, 0),
(900, 581, 7, 1),
(901, 582, 1, 1),
(902, 582, 2, 1),
(903, 582, 3, 1),
(904, 582, 4, 1),
(905, 582, 5, 0),
(906, 582, 6, 0),
(907, 582, 7, 1),
(908, 583, 1, 1),
(909, 583, 2, 1),
(910, 583, 3, 1),
(911, 583, 4, 1),
(912, 583, 5, 0),
(913, 583, 6, 0),
(914, 583, 7, 1),
(915, 584, 1, 1),
(916, 584, 2, 1),
(917, 584, 3, 1),
(918, 584, 4, 1),
(919, 584, 5, 0),
(920, 584, 6, 0),
(921, 584, 7, 1),
(922, 585, 1, 1),
(923, 585, 2, 1),
(924, 585, 3, 1),
(925, 585, 4, 1),
(926, 585, 5, 0),
(927, 585, 6, 0),
(928, 585, 7, 1),
(929, 586, 1, 1),
(930, 586, 2, 1),
(931, 586, 3, 1),
(932, 586, 4, 1),
(933, 586, 5, 0),
(934, 586, 6, 0),
(935, 586, 7, 1),
(936, 587, 1, 1),
(937, 587, 2, 1),
(938, 587, 3, 1),
(939, 587, 4, 1),
(940, 587, 5, 0),
(941, 587, 6, 0),
(942, 587, 7, 1),
(943, 588, 1, 1),
(944, 588, 2, 1),
(945, 588, 3, 1),
(946, 588, 4, 1),
(947, 588, 5, 0),
(948, 588, 6, 0),
(949, 588, 7, 1),
(950, 589, 1, 1),
(951, 589, 2, 1),
(952, 589, 3, 1),
(953, 589, 4, 1),
(954, 589, 5, 0),
(955, 589, 6, 0),
(956, 589, 7, 1),
(957, 601, 1, 1),
(958, 601, 2, 1),
(959, 601, 3, 1),
(960, 601, 4, 1),
(961, 601, 5, 0),
(962, 601, 6, 0),
(963, 601, 7, 1),
(964, 602, 1, 1),
(965, 602, 2, 1),
(966, 602, 3, 1),
(967, 602, 4, 1),
(968, 602, 5, 0),
(969, 602, 6, 0),
(970, 602, 7, 1),
(971, 603, 1, 1),
(972, 603, 2, 1),
(973, 603, 3, 1),
(974, 603, 4, 1),
(975, 603, 5, 0),
(976, 603, 6, 0),
(977, 603, 7, 1),
(978, 604, 1, 1),
(979, 604, 2, 1),
(980, 604, 3, 1),
(981, 604, 4, 1),
(982, 604, 5, 0),
(983, 604, 6, 0),
(984, 604, 7, 1),
(985, 605, 1, 1),
(986, 605, 2, 1),
(987, 605, 3, 1),
(988, 605, 4, 1),
(989, 605, 5, 0),
(990, 605, 6, 0),
(991, 605, 7, 1),
(992, 606, 1, 1),
(993, 606, 2, 1),
(994, 606, 3, 1),
(995, 606, 4, 1),
(996, 606, 5, 0),
(997, 606, 6, 0),
(998, 606, 7, 1),
(999, 607, 1, 1),
(1000, 607, 2, 1),
(1001, 607, 3, 1),
(1002, 607, 4, 1),
(1003, 607, 5, 0),
(1004, 607, 6, 0),
(1005, 607, 7, 1),
(1006, 608, 1, 1),
(1007, 608, 2, 1),
(1008, 608, 3, 1),
(1009, 608, 4, 1),
(1010, 608, 5, 0),
(1011, 608, 6, 0),
(1012, 608, 7, 1),
(1013, 609, 1, 1),
(1014, 609, 2, 1),
(1015, 609, 3, 1),
(1016, 609, 4, 1),
(1017, 609, 5, 0),
(1018, 609, 6, 0),
(1019, 609, 7, 1),
(1020, 610, 1, 1),
(1021, 610, 2, 1),
(1022, 610, 3, 1),
(1023, 610, 4, 1),
(1024, 610, 5, 0),
(1025, 610, 6, 0),
(1026, 610, 7, 1),
(1027, 611, 1, 1),
(1028, 611, 2, 1),
(1029, 611, 3, 1),
(1030, 611, 4, 1),
(1031, 611, 5, 0),
(1032, 611, 6, 0),
(1033, 611, 7, 1),
(1034, 612, 1, 1),
(1035, 612, 2, 1),
(1036, 612, 3, 1),
(1037, 612, 4, 1),
(1038, 612, 5, 0),
(1039, 612, 6, 0),
(1040, 612, 7, 1),
(1041, 613, 1, 1),
(1042, 613, 2, 1),
(1043, 613, 3, 1),
(1044, 613, 4, 1),
(1045, 613, 5, 0),
(1046, 613, 6, 0),
(1047, 613, 7, 1),
(1048, 614, 1, 1),
(1049, 614, 2, 1),
(1050, 614, 3, 1),
(1051, 614, 4, 1),
(1052, 614, 5, 0),
(1053, 614, 6, 0),
(1054, 614, 7, 1),
(1055, 615, 1, 1),
(1056, 615, 2, 1),
(1057, 615, 3, 1),
(1058, 615, 4, 1),
(1059, 615, 5, 0),
(1060, 615, 6, 0),
(1061, 615, 7, 1),
(1062, 616, 1, 1),
(1063, 616, 2, 1),
(1064, 616, 3, 1),
(1065, 616, 4, 1),
(1066, 616, 5, 0),
(1067, 616, 6, 0),
(1068, 616, 7, 1),
(1069, 617, 1, 1),
(1070, 617, 2, 1),
(1071, 617, 3, 1),
(1072, 617, 4, 1),
(1073, 617, 5, 0),
(1074, 617, 6, 0),
(1075, 617, 7, 1),
(1076, 618, 1, 1),
(1077, 618, 2, 1),
(1078, 618, 3, 1),
(1079, 618, 4, 1),
(1080, 618, 5, 0),
(1081, 618, 6, 0),
(1082, 618, 7, 1),
(1083, 619, 1, 1),
(1084, 619, 2, 1),
(1085, 619, 3, 1),
(1086, 619, 4, 1),
(1087, 619, 5, 0),
(1088, 619, 6, 0),
(1089, 619, 7, 1),
(1090, 620, 1, 1),
(1091, 620, 2, 1),
(1092, 620, 3, 1),
(1093, 620, 4, 1),
(1094, 620, 5, 0),
(1095, 620, 6, 0),
(1096, 620, 7, 1),
(1097, 621, 1, 1),
(1098, 621, 2, 1),
(1099, 621, 3, 1),
(1100, 621, 4, 1),
(1101, 621, 5, 0),
(1102, 621, 6, 0),
(1103, 621, 7, 1),
(1104, 622, 1, 1),
(1105, 622, 2, 1),
(1106, 622, 3, 1),
(1107, 622, 4, 1),
(1108, 622, 5, 0),
(1109, 622, 6, 0),
(1110, 622, 7, 1),
(1111, 623, 1, 1),
(1112, 623, 2, 1),
(1113, 623, 3, 1),
(1114, 623, 4, 1),
(1115, 623, 5, 0),
(1116, 623, 6, 0),
(1117, 623, 7, 1),
(1118, 624, 1, 1),
(1119, 624, 2, 1),
(1120, 624, 3, 1),
(1121, 624, 4, 1),
(1122, 624, 5, 0),
(1123, 624, 6, 0),
(1124, 624, 7, 1),
(1125, 625, 1, 1),
(1126, 625, 2, 1),
(1127, 625, 3, 1),
(1128, 625, 4, 1),
(1129, 625, 5, 0),
(1130, 625, 6, 0),
(1131, 625, 7, 1),
(1132, 626, 1, 1),
(1133, 626, 2, 1),
(1134, 626, 3, 1),
(1135, 626, 4, 1),
(1136, 626, 5, 0),
(1137, 626, 6, 0),
(1138, 626, 7, 1),
(1139, 627, 1, 1),
(1140, 627, 2, 1),
(1141, 627, 3, 1),
(1142, 627, 4, 1),
(1143, 627, 5, 0),
(1144, 627, 6, 0),
(1145, 627, 7, 1),
(1146, 628, 1, 1),
(1147, 628, 2, 1),
(1148, 628, 3, 1),
(1149, 628, 4, 1),
(1150, 628, 5, 0),
(1151, 628, 6, 0),
(1152, 628, 7, 1),
(1153, 629, 1, 1),
(1154, 629, 2, 1),
(1155, 629, 3, 1),
(1156, 629, 4, 1),
(1157, 629, 5, 0),
(1158, 629, 6, 0),
(1159, 629, 7, 1),
(1160, 630, 1, 1),
(1161, 630, 2, 1),
(1162, 630, 3, 1),
(1163, 630, 4, 1),
(1164, 630, 5, 0),
(1165, 630, 6, 0),
(1166, 630, 7, 1),
(1167, 631, 1, 1),
(1168, 631, 2, 1),
(1169, 631, 3, 1),
(1170, 631, 4, 1),
(1171, 631, 5, 0),
(1172, 631, 6, 0),
(1173, 631, 7, 1),
(1174, 632, 1, 1),
(1175, 632, 2, 1),
(1176, 632, 3, 1),
(1177, 632, 4, 1),
(1178, 632, 5, 0),
(1179, 632, 6, 0),
(1180, 632, 7, 1),
(1181, 633, 1, 1),
(1182, 633, 2, 1),
(1183, 633, 3, 1),
(1184, 633, 4, 1),
(1185, 633, 5, 0),
(1186, 633, 6, 0),
(1187, 633, 7, 1),
(1188, 634, 1, 1),
(1189, 634, 2, 1),
(1190, 634, 3, 1),
(1191, 634, 4, 1),
(1192, 634, 5, 0),
(1193, 634, 6, 0),
(1194, 634, 7, 1),
(1195, 635, 1, 1),
(1196, 635, 2, 1),
(1197, 635, 3, 1),
(1198, 635, 4, 1),
(1199, 635, 5, 0),
(1200, 635, 6, 0),
(1201, 635, 7, 1),
(1202, 636, 1, 1),
(1203, 636, 2, 1),
(1204, 636, 3, 1),
(1205, 636, 4, 1),
(1206, 636, 5, 0),
(1207, 636, 6, 0),
(1208, 636, 7, 1),
(1209, 637, 1, 1),
(1210, 637, 2, 1),
(1211, 637, 3, 1),
(1212, 637, 4, 1),
(1213, 637, 5, 0),
(1214, 637, 6, 0),
(1215, 637, 7, 1),
(1216, 638, 1, 1),
(1217, 638, 2, 1),
(1218, 638, 3, 1),
(1219, 638, 4, 1),
(1220, 638, 5, 0),
(1221, 638, 6, 0),
(1222, 638, 7, 1),
(1223, 639, 1, 1),
(1224, 639, 2, 1),
(1225, 639, 3, 1),
(1226, 639, 4, 1),
(1227, 639, 5, 0),
(1228, 639, 6, 0),
(1229, 639, 7, 1),
(1230, 640, 1, 1),
(1231, 640, 2, 1),
(1232, 640, 3, 1),
(1233, 640, 4, 1),
(1234, 640, 5, 0),
(1235, 640, 6, 0),
(1236, 640, 7, 1),
(1237, 641, 1, 1),
(1238, 641, 2, 1),
(1239, 641, 3, 1),
(1240, 641, 4, 1),
(1241, 641, 5, 0),
(1242, 641, 6, 0),
(1243, 641, 7, 1),
(1244, 642, 1, 1),
(1245, 642, 2, 1),
(1246, 642, 3, 1),
(1247, 642, 4, 1),
(1248, 642, 5, 0),
(1249, 642, 6, 0),
(1250, 642, 7, 1),
(1251, 643, 1, 1),
(1252, 643, 2, 1),
(1253, 643, 3, 1),
(1254, 643, 4, 1),
(1255, 643, 5, 0),
(1256, 643, 6, 0),
(1257, 643, 7, 1),
(1258, 644, 1, 1),
(1259, 644, 2, 1),
(1260, 644, 3, 1),
(1261, 644, 4, 1),
(1262, 644, 5, 0),
(1263, 644, 6, 0),
(1264, 644, 7, 1),
(1265, 645, 1, 1),
(1266, 645, 2, 1),
(1267, 645, 3, 1),
(1268, 645, 4, 1),
(1269, 645, 5, 0),
(1270, 645, 6, 0),
(1271, 645, 7, 1),
(1272, 646, 1, 1),
(1273, 646, 2, 1),
(1274, 646, 3, 1),
(1275, 646, 4, 1),
(1276, 646, 5, 0),
(1277, 646, 6, 0),
(1278, 646, 7, 1),
(1279, 647, 1, 1),
(1280, 647, 2, 1),
(1281, 647, 3, 1),
(1282, 647, 4, 1),
(1283, 647, 5, 0),
(1284, 647, 6, 0),
(1285, 647, 7, 1),
(1286, 648, 1, 1),
(1287, 648, 2, 1),
(1288, 648, 3, 1),
(1289, 648, 4, 1),
(1290, 648, 5, 0),
(1291, 648, 6, 0),
(1292, 648, 7, 1),
(1293, 649, 1, 1),
(1294, 649, 2, 1),
(1295, 649, 3, 1),
(1296, 649, 4, 1),
(1297, 649, 5, 0),
(1298, 649, 6, 0),
(1299, 649, 7, 1);

-- --------------------------------------------------------

--
-- Table structure for table `user_review`
--

CREATE TABLE `user_review` (
  `urID` int(11) NOT NULL,
  `urRate` double DEFAULT NULL,
  `urComment` varchar(200) DEFAULT NULL,
  `urRiderId` varchar(45) DEFAULT NULL,
  `uID` int(11) NOT NULL,
  `userTripId` int(11) DEFAULT NULL
) ENGINE=InnoDB DEFAULT CHARSET=utf8;

--
-- Dumping data for table `user_review`
--

INSERT INTO `user_review` (`urID`, `urRate`, `urComment`, `urRiderId`, `uID`, `userTripId`) VALUES
(1, 4, 'good Driver', '589', 589, NULL),
(2, 1, '', '32', 635, NULL),
(3, 1, '', '32', 635, 0),
(4, 5, '', '32', 635, 0),
(5, 1, '', '32', 635, 0),
(6, 5, '', '32', 635, 443),
(7, 5, '', '32', 635, 0),
(8, 4, '', '32', 635, 0),
(9, 4, '', '32', 635, 0),
(10, 3, '', '32', 635, 0),
(11, 1, '', '32', 635, 0),
(12, 2, '', '32', 635, 0),
(13, 2, '', '32', 635, 0),
(14, 5, '', '32', 644, 0),
(15, 5, '', '36', 645, 8187),
(16, 5, '', '43', 645, 85246),
(17, 5, '', '43', 645, 0),
(18, 5, '', '43', 645, 0),
(19, 3, '', '43', 645, 0),
(20, 3, '', '32', 635, 0),
(21, 1, '', '32', 635, 0),
(22, 4, '', '32', 635, 0),
(23, 3, '', '32', 635, 0),
(25, 4, 'good', '32', 635, 91),
(26, 3, '', '32', 635, 0),
(35, 4, 'good', '32', 635, 620),
(36, 4, '', '43', 645, 622),
(37, 4, '', '43', 645, 624),
(38, 4, '', '43', 645, 625),
(39, 5, '', '43', 645, 626),
(40, 4, '', '43', 645, 627),
(41, 5, '', '43', 645, 628),
(42, 5, '', '43', 645, 629),
(43, 4, '', '43', 645, 630),
(44, 5, '', '43', 645, 631),
(45, 5, '', '43', 645, 632),
(46, 5, '', '43', 645, 633),
(47, 4, '', '43', 638, 637),
(48, 4, '', '32', 635, NULL),
(49, 3, '', '32', 635, NULL),
(50, 4, '', '32', 635, 640),
(51, 5, '', '32', 635, 641),
(52, 5, '', '32', 635, 642),
(53, 1, '', '32', 635, 644),
(54, 1, '', '32', 635, 650),
(55, 1, '', '32', 635, 654),
(56, 4, '', '32', 635, 655),
(57, 1, '', '32', 635, 657),
(58, 2, '', '32', 635, 665),
(59, 1, '', '32', 635, 667),
(60, 1, '', '32', 635, 678),
(61, 1, '', '32', 635, 679),
(62, 1, '', '32', 635, 680),
(63, 1, '', '32', 635, 684),
(64, 2, '', '32', 635, 685),
(65, 3, '', '32', 635, 688),
(66, 1, '', '32', 635, 692),
(67, 5, '', '32', 635, 693),
(68, 1, '', '32', 635, 698),
(69, 1, '', '32', 635, 705),
(70, 1, '', '32', 635, 706),
(71, 1, '', '32', 635, 715),
(72, 2, '', '32', 635, 720),
(73, 1, '', '32', 635, 721),
(74, 1, '', '32', 635, 728),
(75, 1, '', '32', 635, 729),
(76, 1, '', '32', 635, 730),
(77, 1, '', '32', 635, 735),
(78, 1, '', '32', 635, 736),
(79, 2, '', '32', 635, 737),
(80, 1, '', '32', 646, 746),
(81, 1, '', '32', 635, 759),
(82, 2, '', '32', 635, 769),
(83, 3, '', '32', 646, 772),
(84, 1, '', '32', 635, 773),
(85, 1, '', '32', 635, 774),
(86, 3, '', '32', 635, 776),
(87, 3, '', '32', 635, 778),
(88, 3, '', '32', 635, 779),
(89, 5, '', '32', 635, 780),
(90, 5, '', '32', 635, 781),
(91, 5, '', '32', 635, 782),
(92, 5, '', '32', 635, 784),
(93, 5, '', '32', 635, 785),
(94, 5, '', '32', 635, 786),
(95, 3, '', '32', 635, 787),
(96, 5, '', '32', 635, 788),
(97, 4, '', '32', 635, 789),
(98, 4, '', '32', 635, 791),
(99, 5, '', '32', 635, 792),
(100, 5, '', '43', 638, 809),
(101, 5, '', '43', 638, 810),
(102, 4, '', '43', 638, 811),
(103, 2, '', '43', 638, 812),
(104, 5, '', '43', 638, 813),
(105, 5, '', '32', 635, 828),
(106, 4, '', '32', 635, 836),
(107, 5, '', '32', 635, 870),
(108, 3, '', '43', 638, 872),
(109, 4, '', '43', 638, 873),
(110, 4, '', '43', 638, 874),
(111, 4, '', '43', 638, 875),
(112, 5, '', '32', 635, 877);

-- --------------------------------------------------------

--
-- Table structure for table `user_type`
--

CREATE TABLE `user_type` (
  `utID` int(11) NOT NULL,
  `uType` varchar(45) NOT NULL
) ENGINE=InnoDB DEFAULT CHARSET=utf8;

--
-- Dumping data for table `user_type`
--

INSERT INTO `user_type` (`utID`, `uType`) VALUES
(1, 'Supper Admin'),
(2, 'Admin'),
(3, 'Normal User'),
(4, 'Manager');

-- --------------------------------------------------------

--
-- Table structure for table `vehicle_category`
--

CREATE TABLE `vehicle_category` (
  `vcID` int(11) NOT NULL,
  `vcName` varchar(20) NOT NULL,
  `vcImage` varchar(100) NOT NULL,
  `vcSelectImage` varchar(100) NOT NULL
) ENGINE=MyISAM DEFAULT CHARSET=latin1;

--
-- Dumping data for table `vehicle_category`
--

INSERT INTO `vehicle_category` (`vcID`, `vcName`, `vcImage`, `vcSelectImage`) VALUES
(1, 'Bike', 'bike-outline@3x.png', 'bike-select@3x.png'),
(2, 'Tuk', 'tuk-outline@3x.png', 'tuk-select@3x.png'),
(3, 'Mini', 'mini-outline@3x.png', 'mini-select@3x.png'),
(4, 'Car', 'car-outline@3x.png', 'car-select@3x.png'),
(5, 'Van', 'van-outline@3x.png', 'van-select@3x.png');

--
-- Indexes for dumped tables
--

--
-- Indexes for table `bikes`
--
ALTER TABLE `bikes`
  ADD PRIMARY KEY (`bID`);

--
-- Indexes for table `document`
--
ALTER TABLE `document`
  ADD PRIMARY KEY (`docID`);

--
-- Indexes for table `fake_email`
--
ALTER TABLE `fake_email`
  ADD PRIMARY KEY (`feID`);

--
-- Indexes for table `notification`
--
ALTER TABLE `notification`
  ADD PRIMARY KEY (`nID`);

--
-- Indexes for table `notification_type`
--
ALTER TABLE `notification_type`
  ADD PRIMARY KEY (`ntID`);

--
-- Indexes for table `passenger_profile`
--
ALTER TABLE `passenger_profile`
  ADD PRIMARY KEY (`upID`),
  ADD KEY `fk_user_profile_user1_idx` (`uID`);

--
-- Indexes for table `price_master_details`
--
ALTER TABLE `price_master_details`
  ADD PRIMARY KEY (`pdID`);

--
-- Indexes for table `promotion`
--
ALTER TABLE `promotion`
  ADD PRIMARY KEY (`id`);

--
-- Indexes for table `promo_code`
--
ALTER TABLE `promo_code`
  ADD PRIMARY KEY (`id`);

--
-- Indexes for table `promo_code_use`
--
ALTER TABLE `promo_code_use`
  ADD PRIMARY KEY (`pCodeId`);

--
-- Indexes for table `promo_recipients`
--
ALTER TABLE `promo_recipients`
  ADD PRIMARY KEY (`id`);

--
-- Indexes for table `request_document`
--
ALTER TABLE `request_document`
  ADD PRIMARY KEY (`redID`);

--
-- Indexes for table `rider`
--
ALTER TABLE `rider`
  ADD PRIMARY KEY (`rID`),
  ADD KEY `fk_rider_rider_type1_idx` (`rtID`);

--
-- Indexes for table `rider_document`
--
ALTER TABLE `rider_document`
  ADD PRIMARY KEY (`rdID`),
  ADD KEY `fk_rider_document_sub_document1_idx` (`subID`),
  ADD KEY `fk_rider_document_rider1_idx` (`rID`);

--
-- Indexes for table `rider_notification`
--
ALTER TABLE `rider_notification`
  ADD PRIMARY KEY (`rnID`),
  ADD KEY `fk_rider_notification_notification_type1_idx` (`ntID`),
  ADD KEY `fk_rider_notification_user1_idx` (`rID`) USING BTREE;

--
-- Indexes for table `rider_profile`
--
ALTER TABLE `rider_profile`
  ADD PRIMARY KEY (`rpID`),
  ADD KEY `fk_rider_profile_rider1_idx` (`rID`);

--
-- Indexes for table `rider_promotion`
--
ALTER TABLE `rider_promotion`
  ADD PRIMARY KEY (`id`);

--
-- Indexes for table `rider_review`
--
ALTER TABLE `rider_review`
  ADD PRIMARY KEY (`reID`),
  ADD KEY `fk_review_rider1_idx` (`rID`);

--
-- Indexes for table `rider_type`
--
ALTER TABLE `rider_type`
  ADD PRIMARY KEY (`rtID`);

--
-- Indexes for table `ride_history`
--
ALTER TABLE `ride_history`
  ADD PRIMARY KEY (`tripID`);

--
-- Indexes for table `schedule_ride`
--
ALTER TABLE `schedule_ride`
  ADD PRIMARY KEY (`srID`);

--
-- Indexes for table `sub_document`
--
ALTER TABLE `sub_document`
  ADD PRIMARY KEY (`subID`),
  ADD KEY `fk_sub_document_document1_idx` (`docID`);

--
-- Indexes for table `token`
--
ALTER TABLE `token`
  ADD PRIMARY KEY (`tID`),
  ADD KEY `fk_token_user1_idx` (`uID`),
  ADD KEY `fk_token_rider1_idx` (`rID`);

--
-- Indexes for table `user`
--
ALTER TABLE `user`
  ADD PRIMARY KEY (`uID`),
  ADD UNIQUE KEY `uEmail_UNIQUE` (`uEmail`),
  ADD KEY `fk_user_user_type_idx` (`utID`);

--
-- Indexes for table `user_notification`
--
ALTER TABLE `user_notification`
  ADD PRIMARY KEY (`unID`),
  ADD KEY `fk_user_notification_user1_idx` (`uID`),
  ADD KEY `fk_user_notification_notification_type1_idx` (`ntID`);

--
-- Indexes for table `user_review`
--
ALTER TABLE `user_review`
  ADD PRIMARY KEY (`urID`),
  ADD KEY `fk_user_review_user1_idx` (`uID`);

--
-- Indexes for table `user_type`
--
ALTER TABLE `user_type`
  ADD PRIMARY KEY (`utID`);

--
-- Indexes for table `vehicle_category`
--
ALTER TABLE `vehicle_category`
  ADD PRIMARY KEY (`vcID`);

--
-- AUTO_INCREMENT for dumped tables
--

--
-- AUTO_INCREMENT for table `bikes`
--
ALTER TABLE `bikes`
  MODIFY `bID` int(11) NOT NULL AUTO_INCREMENT, AUTO_INCREMENT=40;

--
-- AUTO_INCREMENT for table `document`
--
ALTER TABLE `document`
  MODIFY `docID` int(11) NOT NULL AUTO_INCREMENT, AUTO_INCREMENT=6;

--
-- AUTO_INCREMENT for table `fake_email`
--
ALTER TABLE `fake_email`
  MODIFY `feID` int(11) NOT NULL AUTO_INCREMENT;

--
-- AUTO_INCREMENT for table `notification`
--
ALTER TABLE `notification`
  MODIFY `nID` int(11) NOT NULL AUTO_INCREMENT;

--
-- AUTO_INCREMENT for table `notification_type`
--
ALTER TABLE `notification_type`
  MODIFY `ntID` int(11) NOT NULL AUTO_INCREMENT;

--
-- AUTO_INCREMENT for table `passenger_profile`
--
ALTER TABLE `passenger_profile`
  MODIFY `upID` int(11) NOT NULL AUTO_INCREMENT, AUTO_INCREMENT=103;

--
-- AUTO_INCREMENT for table `price_master_details`
--
ALTER TABLE `price_master_details`
  MODIFY `pdID` int(11) NOT NULL AUTO_INCREMENT, AUTO_INCREMENT=6;

--
-- AUTO_INCREMENT for table `promotion`
--
ALTER TABLE `promotion`
  MODIFY `id` int(11) NOT NULL AUTO_INCREMENT, AUTO_INCREMENT=4;

--
-- AUTO_INCREMENT for table `promo_code`
--
ALTER TABLE `promo_code`
  MODIFY `id` int(11) NOT NULL AUTO_INCREMENT, AUTO_INCREMENT=3;

--
-- AUTO_INCREMENT for table `promo_code_use`
--
ALTER TABLE `promo_code_use`
  MODIFY `pCodeId` int(11) NOT NULL AUTO_INCREMENT, AUTO_INCREMENT=10;

--
-- AUTO_INCREMENT for table `promo_recipients`
--
ALTER TABLE `promo_recipients`
  MODIFY `id` int(11) NOT NULL AUTO_INCREMENT, AUTO_INCREMENT=3;

--
-- AUTO_INCREMENT for table `request_document`
--
ALTER TABLE `request_document`
  MODIFY `redID` int(11) NOT NULL AUTO_INCREMENT, AUTO_INCREMENT=5;

--
-- AUTO_INCREMENT for table `rider`
--
ALTER TABLE `rider`
  MODIFY `rID` int(11) NOT NULL AUTO_INCREMENT, AUTO_INCREMENT=61;

--
-- AUTO_INCREMENT for table `rider_document`
--
ALTER TABLE `rider_document`
  MODIFY `rdID` int(11) NOT NULL AUTO_INCREMENT, AUTO_INCREMENT=433;

--
-- AUTO_INCREMENT for table `rider_notification`
--
ALTER TABLE `rider_notification`
  MODIFY `rnID` int(11) NOT NULL AUTO_INCREMENT, AUTO_INCREMENT=1475;

--
-- AUTO_INCREMENT for table `rider_profile`
--
ALTER TABLE `rider_profile`
  MODIFY `rpID` int(11) NOT NULL AUTO_INCREMENT, AUTO_INCREMENT=61;

--
-- AUTO_INCREMENT for table `rider_promotion`
--
ALTER TABLE `rider_promotion`
  MODIFY `id` int(11) NOT NULL AUTO_INCREMENT, AUTO_INCREMENT=4;

--
-- AUTO_INCREMENT for table `rider_review`
--
ALTER TABLE `rider_review`
  MODIFY `reID` int(11) NOT NULL AUTO_INCREMENT, AUTO_INCREMENT=62;

--
-- AUTO_INCREMENT for table `rider_type`
--
ALTER TABLE `rider_type`
  MODIFY `rtID` int(11) NOT NULL AUTO_INCREMENT, AUTO_INCREMENT=2;

--
-- AUTO_INCREMENT for table `ride_history`
--
ALTER TABLE `ride_history`
  MODIFY `tripID` int(11) NOT NULL AUTO_INCREMENT, AUTO_INCREMENT=968;

--
-- AUTO_INCREMENT for table `schedule_ride`
--
ALTER TABLE `schedule_ride`
  MODIFY `srID` int(11) NOT NULL AUTO_INCREMENT, AUTO_INCREMENT=149;

--
-- AUTO_INCREMENT for table `sub_document`
--
ALTER TABLE `sub_document`
  MODIFY `subID` int(11) NOT NULL AUTO_INCREMENT, AUTO_INCREMENT=8;

--
-- AUTO_INCREMENT for table `token`
--
ALTER TABLE `token`
  MODIFY `tID` int(11) NOT NULL AUTO_INCREMENT, AUTO_INCREMENT=240;

--
-- AUTO_INCREMENT for table `user`
--
ALTER TABLE `user`
  MODIFY `uID` int(11) NOT NULL AUTO_INCREMENT, AUTO_INCREMENT=650;

--
-- AUTO_INCREMENT for table `user_notification`
--
ALTER TABLE `user_notification`
  MODIFY `unID` int(11) NOT NULL AUTO_INCREMENT, AUTO_INCREMENT=1300;

--
-- AUTO_INCREMENT for table `user_review`
--
ALTER TABLE `user_review`
  MODIFY `urID` int(11) NOT NULL AUTO_INCREMENT, AUTO_INCREMENT=113;

--
-- AUTO_INCREMENT for table `user_type`
--
ALTER TABLE `user_type`
  MODIFY `utID` int(11) NOT NULL AUTO_INCREMENT, AUTO_INCREMENT=5;

--
-- AUTO_INCREMENT for table `vehicle_category`
--
ALTER TABLE `vehicle_category`
  MODIFY `vcID` int(11) NOT NULL AUTO_INCREMENT, AUTO_INCREMENT=6;

--
-- Constraints for dumped tables
--

--
-- Constraints for table `passenger_profile`
--
ALTER TABLE `passenger_profile`
  ADD CONSTRAINT `fk_user_profile_user1` FOREIGN KEY (`uID`) REFERENCES `user` (`uID`) ON DELETE NO ACTION ON UPDATE NO ACTION;

--
-- Constraints for table `rider`
--
ALTER TABLE `rider`
  ADD CONSTRAINT `fk_rider_rider_type1` FOREIGN KEY (`rtID`) REFERENCES `rider_type` (`rtID`) ON DELETE NO ACTION ON UPDATE NO ACTION;

--
-- Constraints for table `rider_document`
--
ALTER TABLE `rider_document`
  ADD CONSTRAINT `fk_rider_document_rider1` FOREIGN KEY (`rID`) REFERENCES `rider` (`rID`) ON DELETE NO ACTION ON UPDATE NO ACTION,
  ADD CONSTRAINT `fk_rider_document_sub_document1` FOREIGN KEY (`subID`) REFERENCES `sub_document` (`subID`) ON DELETE NO ACTION ON UPDATE NO ACTION;

--
-- Constraints for table `rider_profile`
--
ALTER TABLE `rider_profile`
  ADD CONSTRAINT `fk_rider_profile_rider1` FOREIGN KEY (`rID`) REFERENCES `rider` (`rID`) ON DELETE NO ACTION ON UPDATE NO ACTION;

--
-- Constraints for table `rider_review`
--
ALTER TABLE `rider_review`
  ADD CONSTRAINT `fk_review_rider1` FOREIGN KEY (`rID`) REFERENCES `rider` (`rID`) ON DELETE NO ACTION ON UPDATE NO ACTION;

--
-- Constraints for table `sub_document`
--
ALTER TABLE `sub_document`
  ADD CONSTRAINT `fk_sub_document_document1` FOREIGN KEY (`docID`) REFERENCES `document` (`docID`) ON DELETE NO ACTION ON UPDATE NO ACTION;

--
-- Constraints for table `user`
--
ALTER TABLE `user`
  ADD CONSTRAINT `fk_user_user_type` FOREIGN KEY (`utID`) REFERENCES `user_type` (`utID`) ON DELETE NO ACTION ON UPDATE NO ACTION;

--
-- Constraints for table `user_review`
--
ALTER TABLE `user_review`
  ADD CONSTRAINT `fk_user_review_user1` FOREIGN KEY (`uID`) REFERENCES `user` (`uID`) ON DELETE NO ACTION ON UPDATE NO ACTION;
COMMIT;

/*!40101 SET CHARACTER_SET_CLIENT=@OLD_CHARACTER_SET_CLIENT */;
/*!40101 SET CHARACTER_SET_RESULTS=@OLD_CHARACTER_SET_RESULTS */;
/*!40101 SET COLLATION_CONNECTION=@OLD_COLLATION_CONNECTION */;
